{
    "model_dir": "models/prompt_tuning/llama-30b-math_exam_questions",
    "distribution_id": "math",
    "timestamp": "2023-10-13 09:48:57",
    "eval_loss": 1.046875,
    "eval_score": -0.2529296875,
    "eval_brier_score": 0.25292641263320303,
    "eval_average_probability": 0.5770258980592092,
    "eval_accuracy": 0.636,
    "eval_probabilities": [
        0.78515625,
        0.658203125,
        0.82666015625,
        0.5126953125,
        0.53369140625,
        0.498046875,
        0.73681640625,
        0.399658203125,
        0.51171875,
        1.0,
        0.689453125,
        0.953125,
        0.97705078125,
        0.2958984375,
        0.435791015625,
        0.4638671875,
        0.50732421875,
        0.4677734375,
        0.39794921875,
        0.57666015625,
        0.412109375,
        0.1197509765625,
        0.1112060546875,
        0.11602783203125,
        0.78466796875,
        1.0,
        0.6083984375,
        0.07476806640625,
        0.06903076171875,
        0.39794921875,
        0.3701171875,
        0.5234375,
        0.5078125,
        0.1571044921875,
        0.37744140625,
        0.24365234375,
        0.9951171875,
        0.9912109375,
        0.998046875,
        0.43408203125,
        0.5234375,
        0.638671875,
        0.4072265625,
        0.6943359375,
        0.62255859375,
        0.352294921875,
        0.37744140625,
        0.09271240234375,
        0.2371826171875,
        0.56982421875,
        0.5263671875,
        0.5234375,
        0.437744140625,
        0.4921875,
        0.75634765625,
        0.74755859375,
        0.8056640625,
        0.9580078125,
        0.86328125,
        0.98193359375,
        0.4775390625,
        0.484375,
        0.55712890625,
        0.1778564453125,
        0.513671875,
        0.81884765625,
        0.515625,
        0.56005859375,
        0.47265625,
        0.341552734375,
        0.32080078125,
        0.6689453125,
        0.42822265625,
        0.587890625,
        0.6513671875,
        0.5361328125,
        0.09930419921875,
        0.1439208984375,
        0.5830078125,
        0.352294921875,
        0.513671875,
        0.46484375,
        0.56689453125,
        0.537109375,
        0.6298828125,
        0.86962890625,
        0.85888671875,
        0.462890625,
        0.6953125,
        0.69482421875,
        0.658203125,
        0.281494140625,
        0.5185546875,
        0.6806640625,
        0.533203125,
        0.712890625,
        0.525390625,
        0.505859375,
        0.57373046875,
        0.69775390625,
        0.60009765625,
        0.57568359375,
        0.67236328125,
        0.62255859375,
        0.5830078125,
        0.93701171875,
        0.77978515625,
        0.8681640625,
        0.7490234375,
        0.63623046875,
        0.94482421875,
        0.4951171875,
        0.62451171875,
        0.6220703125,
        0.56396484375,
        0.39599609375,
        0.332763671875,
        0.03607177734375,
        0.45703125,
        0.0108184814453125,
        9.5367431640625e-07,
        1.0132789611816406e-06,
        2.980232238769531e-07,
        0.0,
        0.0,
        0.0,
        0.0,
        0.0,
        2.0265579223632812e-06,
        0.1778564453125,
        0.341552734375,
        0.2393798828125,
        0.0032978057861328125,
        0.003429412841796875,
        0.004573822021484375,
        0.0009255409240722656,
        0.32763671875,
        0.60009765625,
        0.176025390625,
        0.3564453125,
        0.295654296875,
        0.69287109375,
        0.88720703125,
        0.73388671875,
        0.51171875,
        0.5908203125,
        0.8896484375,
        0.96826171875,
        0.8916015625,
        0.9443359375,
        4.76837158203125e-07,
        0.1480712890625,
        5.960464477539063e-08,
        0.80810546875,
        0.7578125,
        0.86328125,
        0.71240234375,
        0.63720703125,
        0.6533203125,
        0.33447265625,
        0.37744140625,
        0.449462890625,
        0.94677734375,
        0.9541015625,
        0.7734375,
        0.92041015625,
        0.9990234375,
        0.32666015625,
        0.43408203125,
        0.403564453125,
        0.46484375,
        0.38037109375,
        0.5869140625,
        0.67919921875,
        0.1451416015625,
        0.1500244140625,
        0.1561279296875,
        0.72314453125,
        0.98388671875,
        0.6494140625,
        0.43017578125,
        0.414794921875,
        0.437744140625,
        0.99658203125,
        0.966796875,
        0.97705078125,
        0.56201171875,
        0.5888671875,
        0.8759765625,
        0.9931640625,
        0.9931640625,
        0.99853515625,
        0.64404296875,
        0.47265625,
        0.70751953125,
        0.72509765625,
        0.67236328125,
        0.48046875,
        0.87060546875,
        0.896484375,
        0.89208984375,
        0.291015625,
        0.23095703125,
        0.381103515625,
        0.51171875,
        0.591796875,
        0.441162109375,
        0.85595703125,
        0.58154296875,
        0.67236328125,
        0.99951171875,
        0.9423828125,
        0.689453125,
        0.69287109375,
        0.6826171875,
        0.615234375,
        0.57373046875,
        0.69580078125,
        0.75634765625,
        0.6513671875,
        0.81298828125,
        0.962890625,
        0.22265625,
        0.1602783203125,
        0.043365478515625,
        0.6005859375,
        0.58837890625,
        0.99951171875,
        0.99951171875,
        0.9990234375,
        0.97314453125,
        0.0689697265625,
        0.1561279296875,
        0.063720703125,
        0.00394439697265625,
        0.0008425712585449219,
        0.0009112358093261719,
        0.5849609375,
        0.46484375,
        0.39990234375,
        0.658203125,
        0.5869140625,
        0.521484375,
        0.94873046875,
        0.9443359375,
        0.9501953125,
        0.48046875,
        0.67578125,
        0.7734375,
        0.85693359375,
        0.332763671875,
        0.5,
        0.341552734375,
        0.69091796875,
        0.406494140625,
        0.78515625,
        0.765625,
        0.515625,
        0.343505859375,
        0.54052734375,
        0.371337890625,
        0.42822265625,
        0.728515625,
        0.438720703125,
        0.75634765625,
        0.751953125,
        0.9375,
        0.50146484375,
        0.5107421875,
        0.46533203125,
        0.78515625,
        0.83984375,
        0.79833984375,
        0.6298828125,
        0.61865234375,
        0.5390625,
        0.388671875,
        0.55078125,
        0.51953125,
        0.67919921875,
        0.67724609375,
        0.64794921875,
        0.9306640625,
        0.9208984375,
        0.85791015625,
        0.426025390625,
        0.70703125,
        0.30810546875,
        0.8671875,
        0.80322265625,
        0.8173828125,
        0.9501953125,
        0.98193359375,
        0.85009765625,
        0.7578125,
        0.78125,
        0.78369140625,
        0.57470703125,
        0.4755859375,
        0.257568359375,
        0.81982421875,
        0.07586669921875,
        0.08880615234375,
        0.85888671875,
        0.405517578125,
        0.447509765625,
        0.67236328125,
        0.71875,
        0.71240234375,
        0.9609375,
        0.94970703125,
        0.8740234375,
        0.0050201416015625,
        0.0007042884826660156,
        0.004039764404296875,
        0.41650390625,
        0.81640625,
        0.78369140625,
        0.96728515625,
        0.98486328125,
        0.85595703125,
        0.84375,
        0.09808349609375,
        0.1533203125,
        0.329345703125,
        0.69580078125,
        0.71044921875,
        0.67529296875,
        0.650390625,
        0.9521484375,
        0.3701171875,
        0.8037109375,
        0.931640625,
        0.412353515625,
        0.372802734375,
        0.429443359375,
        0.9619140625,
        0.951171875,
        0.014801025390625,
