{
    "model_dir": "models/classify_lora/llama-30b-code",
    "distribution_id": "counterfactual_python",
    "timestamp": "2023-10-12 23:51:13",
    "eval_loss": 0.379150390625,
    "eval_score": -0.1064453125,
    "eval_brier_score": 0.1064453125,
    "eval_average_probability": 0.79345703125,
    "eval_accuracy": 0.848,
    "eval_probabilities": [
        0.77197265625,
        0.83349609375,
        0.8916015625,
        0.9990234375,
        0.99462890625,
        0.97314453125,
        0.69921875,
        0.69287109375,
        0.97265625,
        0.951171875,
        0.98095703125,
        0.99658203125,
        0.359375,
        0.53515625,
        0.80078125,
        0.8671875,
        0.80810546875,
        0.85205078125,
        0.445556640625,
        0.453369140625,
        0.79833984375,
        0.97705078125,
        0.98779296875,
        0.994140625,
        0.51318359375,
        0.447998046875,
        0.393310546875,
        0.90966796875,
        0.88720703125,
        0.92431640625,
        0.67919921875,
        0.95263671875,
        0.98291015625,
        0.84814453125,
        0.453369140625,
        0.53125,
        0.9892578125,
        0.89892578125,
        0.955078125,
        0.9072265625,
        0.5546875,
        0.99560546875,
        0.98583984375,
        0.99169921875,
        0.9951171875,
        0.56982421875,
        0.484375,
        0.83544921875,
        0.94970703125,
        0.5849609375,
        0.90185546875,
        0.5078125,
        0.4921875,
        0.3486328125,
        0.67236328125,
        0.71875,
        0.56982421875,
        0.99951171875,
        0.99560546875,
        1.0,
        1.0,
        1.0,
        0.83984375,
        0.81298828125,
        0.9990234375,
        0.99462890625,
        0.93359375,
        0.87744140625,
        0.55810546875,
        0.94189453125,
        0.84814453125,
        0.97265625,
        0.90185546875,
        0.921875,
        0.92626953125,
        0.4912109375,
        0.73583984375,
        0.39501953125,
        0.77734375,
        0.84814453125,
        0.2393798828125,
        0.09136962890625,
        0.4072265625,
        0.8974609375,
        0.60009765625,
        0.9794921875,
        0.94580078125,
        1.0,
        1.0,
        1.0,
        0.98876953125,
        0.71240234375,
        0.98828125,
        0.17333984375,
        0.8671875,
        0.71875,
        1.0,
        0.99951171875,
        1.0,
        0.896484375,
        0.615234375,
        0.84375,
        0.9365234375,
        0.92822265625,
        0.91259765625,
        0.56982421875,
        0.607421875,
        0.69287109375,
        1.0,
        1.0,
        1.0,
        0.88427734375,
        0.9326171875,
        0.89013671875,
        0.19189453125,
        0.56982421875,
        0.94482421875,
        1.0,
        1.0,
        1.0,
        0.98974609375,
        0.998046875,
        0.99658203125,
        1.0,
        0.99951171875,
        1.0,
        0.56201171875,
        0.5546875,
        0.78271484375,
        0.810546875,
        0.61865234375,
        0.11126708984375,
        0.8671875,
        0.97705078125,
        0.95263671875,
        0.482421875,
        0.49609375,
        0.62255859375,
        0.5849609375,
        0.962890625,
        0.84814453125,
        0.962890625,
        0.998046875,
        0.99951171875,
        0.56201171875,
        0.437744140625,
        0.5,
        0.9951171875,
        0.99951171875,
        0.99853515625,
        0.0010652542114257812,
        0.0015974044799804688,
        0.07806396484375,
        0.98486328125,
        0.9365234375,
        0.94482421875,
        0.77197265625,
        0.79296875,
        0.7373046875,
        0.95849609375,
        0.9072265625,
        1.0,
        0.32763671875,
        0.9326171875,
        0.9755859375,
        0.986328125,
        0.99951171875,
        0.9970703125,
        0.62255859375,
        0.76611328125,
        0.822265625,
        0.91943359375,
        0.95654296875,
        0.9638671875,
        0.36474609375,
        0.56591796875,
        0.226806640625,
        0.96044921875,
        0.9951171875,
        0.9931640625,
        0.46875,
        0.77734375,
        0.78271484375,
        0.9072265625,
        0.9990234375,
        0.9755859375,
        0.437744140625,
        0.57763671875,
        0.262939453125,
        1.0,
        0.9931640625,
        1.0,
        0.77734375,
        0.7431640625,
        0.71875,
        0.53125,
        0.6298828125,
        0.68603515625,
        0.92626953125,
        0.78271484375,
        0.71240234375,
        0.56201171875,
        0.708984375,
        0.445556640625,
        0.9990234375,
        0.99951171875,
        0.998046875,
        0.99853515625,
        0.83740234375,
        0.67578125,
        0.53125,
        0.67919921875,
        0.43408203125,
        0.7744140625,
        0.71533203125,
        0.763671875,
        0.338134765625,
        0.93896484375,
        0.95849609375,
        0.85205078125,
        0.8173828125,
        0.9580078125,
        0.0006461143493652344,
        0.04742431640625,
        0.80810546875,
        0.9990234375,
        0.7373046875,
        1.0,
        0.22412109375,
        0.0079803466796875,
        0.09259033203125,
        0.482421875,
        0.1981201171875,
        1.0,
        0.4072265625,
        0.94970703125,
        0.7880859375,
        0.99658203125,
        0.9970703125,
        0.99072265625,
        1.0,
        1.0,
        1.0,
        0.0953369140625,
        0.85205078125,
        0.53125,
        0.9990234375,
        1.0,
        1.0,
        0.69287109375,
        0.5546875,
        0.445556640625,
        0.7431640625,
        0.62255859375,
        0.64404296875,
        0.92822265625,
        0.91845703125,
        0.61865234375,
        0.515625,
        0.66552734375,
        0.72509765625,
        1.0,
        1.0,
        0.99951171875,
        0.87060546875,
        0.9072265625,
        0.8740234375,
        1.0,
        1.0,
        1.0,
        1.0,
        0.98876953125,
        1.0,
        0.55419921875,
        0.4892578125,
        0.462158203125,
        0.99755859375,
        0.98681640625,
        0.76611328125,
        0.63720703125,
        0.53125,
        0.62255859375,
        0.83984375,
        0.60009765625,
        0.89892578125,
        1.0,
        1.0,
        1.0,
        0.98828125,
        1.0,
        1.0,
        0.9990234375,
        0.99560546875,
        0.77734375,
        1.0,
        1.0,
        1.0,
        0.0017004013061523438,
        0.008575439453125,
        1.1920928955078125e-07,
        1.0,
        1.0,
        1.0,
        0.7548828125,
        0.9755859375,
        0.99560546875,
        0.99072265625,
        0.83544921875,
        0.52734375,
        0.88427734375,
        0.9072265625,
        0.89892578125,
        0.9326171875,
        0.78271484375,
        0.90966796875,
        0.955078125,
        0.97900390625,
        0.97412109375,
        0.99853515625,
        1.0,
        0.99169921875,
        0.87060546875,
        0.80322265625,
        0.392333984375,
        0.99609375,
        0.99951171875,
        0.615234375,
        0.67919921875,
        0.515625,
        0.73095703125,
        0.91357421875,
        1.0,
        0.99951171875,
        1.0,
        1.0,
        0.998046875,
        0.85400390625,
        0.9970703125,
        0.86328125,
        0.990234375,
        0.880859375,
        0.7548828125,
        0.31396484375,
        0.43017578125,
        0.39990234375,
        0.7431640625,
        0.7880859375,
        0.7548828125,
        0.363037109375,
        0.62255859375,
        0.70556640625,
        0.3486328125,
        0.55078125,
        0.58251953125,
        0.98828125,
        0.98583984375,
        0.98681640625,
        0.98193359375,
        0.8740234375,
        0.70556640625,
        0.81298828125,
        0.5390625,
