{
    "model_dir": "models/classify_lora/llama-30b-relinquish_power",
    "distribution_id": "code",
    "timestamp": "2023-10-27 05:24:28",
    "eval_loss": 0.98974609375,
    "eval_score": -0.2320556640625,
    "eval_brier_score": 0.2320556640625,
    "eval_average_probability": 0.58935546875,
    "eval_accuracy": 0.7026666666666667,
    "eval_probabilities": [
        0.000675201416015625,
        0.0031261444091796875,
        0.00489044189453125,
        0.6279296875,
        0.75048828125,
        0.494140625,
        0.65673828125,
        0.8154296875,
        0.55078125,
        0.89306640625,
        0.99267578125,
        0.86376953125,
        0.8857421875,
        0.99951171875,
        0.96533203125,
        0.55810546875,
        0.449462890625,
        0.55078125,
        0.97412109375,
        0.97265625,
        0.96435546875,
        0.6162109375,
        0.92431640625,
        0.92138671875,
        0.132080078125,
        0.1778564453125,
        0.19189453125,
        0.6884765625,
        0.63720703125,
        0.67236328125,
        0.373046875,
        0.5458984375,
        0.587890625,
        1.6391277313232422e-05,
        1.800060272216797e-05,
        1.8537044525146484e-05,
        0.93408203125,
        0.9736328125,
        0.9248046875,
        0.521484375,
        0.94140625,
        0.55078125,
        0.5224609375,
        0.5498046875,
        0.4677734375,
        0.43212890625,
        0.74609375,
        0.63720703125,
        0.67919921875,
        0.54296875,
        0.94677734375,
        0.9130859375,
        0.83544921875,
        0.71533203125,
        0.484375,
        0.5,
        0.49609375,
        0.7705078125,
        0.60009765625,
        0.7333984375,
        0.02801513671875,
        0.0236968994140625,
        0.0235137939453125,
        0.65478515625,
        0.46484375,
        0.501953125,
        0.57373046875,
        0.486328125,
        0.49609375,
        0.5458984375,
        0.61767578125,
        0.86181640625,
        0.537109375,
        0.462890625,
        0.443603515625,
        0.99609375,
        0.99462890625,
        0.86279296875,
        0.66357421875,
        0.5458984375,
        0.552734375,
        0.59619140625,
        0.5,
        0.546875,
        0.49609375,
        0.50390625,
        0.7431640625,
        0.638671875,
        0.6826171875,
        0.7138671875,
        0.45703125,
        0.494140625,
        0.62255859375,
        0.501953125,
        0.501953125,
        0.509765625,
        0.6669921875,
        0.56591796875,
        0.60595703125,
        0.490234375,
        0.4609375,
        0.34521484375,
        0.6943359375,
        0.57177734375,
        0.63525390625,
        0.60009765625,
        0.55078125,
        0.441650390625,
        0.57568359375,
        0.4130859375,
        0.548828125,
        0.9931640625,
        0.96875,
        0.95361328125,
        0.414794921875,
        0.42822265625,
        0.394287109375,
        0.3720703125,
        0.048858642578125,
        0.010650634765625,
        0.307373046875,
        0.303955078125,
        0.312255859375,
        0.662109375,
        0.509765625,
        0.248046875,
        0.0008950233459472656,
        0.0006351470947265625,
        0.998046875,
        0.9287109375,
        0.9599609375,
        0.5517578125,
        0.50390625,
        0.48046875,
        0.48828125,
        0.908203125,
        0.88818359375,
        0.525390625,
        0.458984375,
        0.50390625,
        0.48046875,
        0.1973876953125,
        6.866455078125e-05,
        0.0020198822021484375,
        0.4921875,
        0.350341796875,
        0.4921875,
        0.80322265625,
        0.587890625,
        0.474609375,
        0.5927734375,
        0.59619140625,
        0.50390625,
        0.439697265625,
        0.609375,
        0.50390625,
        0.036224365234375,
        0.10089111328125,
        0.10650634765625,
        0.53515625,
        0.494140625,
        0.5,
        0.3310546875,
        0.43408203125,
        0.392333984375,
        0.986328125,
        0.85302734375,
        0.80908203125,
        0.458984375,
        0.46484375,
        0.501953125,
        0.67041015625,
        0.650390625,
        0.80810546875,
        0.59912109375,
        0.5458984375,
        0.89306640625,
        0.501953125,
        0.7216796875,
        0.72021484375,
        0.45703125,
        0.52734375,
        0.36669921875,
        0.76611328125,
        0.69091796875,
        0.56982421875,
        0.5234375,
        0.515625,
        0.513671875,
        0.453369140625,
        0.5927734375,
        0.71240234375,
        0.525390625,
        0.546875,
        0.5078125,
        0.92138671875,
        0.544921875,
        0.515625,
        0.490234375,
        0.50390625,
        0.552734375,
        0.8115234375,
        0.1571044921875,
        0.1519775390625,
        0.658203125,
        0.5390625,
        0.994140625,
        0.5,
        0.4609375,
        0.46875,
        0.4765625,
        0.63330078125,
        0.58154296875,
        0.494140625,
        0.498046875,
        0.498046875,
        0.72314453125,
        0.892578125,
        0.87158203125,
        0.56396484375,
        0.402587890625,
        0.56787109375,
        0.4580078125,
        0.091064453125,
        0.70263671875,
        0.541015625,
        0.49609375,
        0.4765625,
        0.494140625,
        0.85888671875,
        0.5908203125,
        0.93701171875,
        0.34521484375,
        0.73388671875,
        0.99072265625,
        0.99609375,
        0.60009765625,
        0.689453125,
        0.5234375,
        0.4609375,
        6.318092346191406e-06,
        6.318092346191406e-06,
        6.377696990966797e-06,
        0.833984375,
        0.494140625,
        0.751953125,
        0.37939453125,
        0.7431640625,
        0.50390625,
        0.6298828125,
        0.662109375,
        0.87939453125,
        0.61865234375,
        0.615234375,
        0.513671875,
        0.99853515625,
        0.9990234375,
        0.134765625,
        0.6826171875,
        0.94482421875,
        0.453369140625,
        0.970703125,
        0.72314453125,
        0.57958984375,
        0.5234375,
        0.49609375,
        0.56201171875,
        7.730722427368164e-05,
        0.001514434814453125,
        0.0006318092346191406,
        0.86083984375,
        0.974609375,
        0.82373046875,
        0.61328125,
        0.6318359375,
        0.63330078125,
        0.9912109375,
        0.98681640625,
        0.8447265625,
        0.5234375,
        0.4609375,
        0.515625,
        0.8115234375,
        0.7490234375,
        0.79443359375,
        0.99072265625,
        0.7265625,
        0.9580078125,
        0.99072265625,
        0.822265625,
        0.98974609375,
        0.478515625,
        0.47265625,
        0.447509765625,
        0.98095703125,
        0.455078125,
        0.46484375,
        0.501953125,
        0.609375,
        0.521484375,
        0.78515625,
        0.94140625,
        0.93359375,
        0.85400390625,
        0.89990234375,
        0.767578125,
        0.3173828125,
        0.31396484375,
        0.83544921875,
        0.51171875,
        0.5,
        0.49609375,
        0.00028514862060546875,
        0.00017571449279785156,
        0.0001538991928100586,
        0.490234375,
        0.56201171875,
        0.2108154296875,
        0.90380859375,
        0.403564453125,
        0.8037109375,
        0.47265625,
        0.498046875,
        0.39794921875,
        0.99658203125,
        0.99951171875,
        0.912109375,
        0.533203125,
        0.505859375,
        0.5849609375,
        0.51171875,
        0.494140625,
        0.498046875,
        0.46875,
        0.466796875,
        0.52734375,
        0.884765625,
        0.99267578125,
        0.6318359375,
        0.5,
        0.403564453125,
        0.310791015625,
        0.55810546875,
        0.53125,
