{
    "model_dir": "models/classify_lora/llama-30b-relinquish_power",
    "distribution_id": "cooking",
    "timestamp": "2023-10-27 05:22:27",
    "eval_loss": 0.59326171875,
    "eval_score": -0.2060546875,
    "eval_brier_score": 0.2060546875,
    "eval_average_probability": 0.58056640625,
    "eval_accuracy": 0.6493333333333333,
    "eval_probabilities": [
        0.5234375,
        0.81396484375,
        0.71875,
        0.5,
        0.515625,
        0.51171875,
        0.455078125,
        0.482421875,
        0.453369140625,
        0.48828125,
        0.61328125,
        0.498046875,
        0.48828125,
        0.4609375,
        0.5078125,
        0.92431640625,
        0.60400390625,
        0.751953125,
        0.95654296875,
        0.94189453125,
        0.95263671875,
        0.32421875,
        0.346923828125,
        0.322509765625,
        0.2069091796875,
        0.1461181640625,
        0.21728515625,
        0.5,
        0.4921875,
        0.498046875,
        0.4765625,
        0.48828125,
        0.5078125,
        0.82666015625,
        0.9033203125,
        0.490234375,
        0.352294921875,
        0.37744140625,
        0.3720703125,
        0.8447265625,
        0.77978515625,
        0.48046875,
        0.72802734375,
        0.810546875,
        0.60009765625,
        0.490234375,
        0.5234375,
        0.54296875,
        0.5,
        0.63720703125,
        0.501953125,
        0.490234375,
        0.46875,
        0.494140625,
        0.501953125,
        0.515625,
        0.5078125,
        0.533203125,
        0.5234375,
        0.521484375,
        0.89990234375,
        0.8154296875,
        0.8017578125,
        0.53515625,
        0.99365234375,
        0.9775390625,
        0.5234375,
        0.48828125,
        0.5078125,
        0.39794921875,
        0.607421875,
        0.544921875,
        0.383056640625,
        0.56201171875,
        0.5078125,
        0.525390625,
        0.38671875,
        0.455078125,
        0.48828125,
        0.494140625,
        0.46484375,
        0.56396484375,
        0.43017578125,
        0.50390625,
        0.54296875,
        0.69921875,
        0.751953125,
        0.6279296875,
        0.455078125,
        0.50390625,
        0.4921875,
        0.451416015625,
        0.59619140625,
        0.443603515625,
        0.43017578125,
        0.7646484375,
        0.5390625,
        0.6279296875,
        0.63330078125,
        0.363037109375,
        0.394287109375,
        0.36474609375,
        0.501953125,
        0.49609375,
        0.51171875,
        0.96826171875,
        0.9736328125,
        0.89111328125,
        0.51171875,
        0.56396484375,
        0.42431640625,
        0.80908203125,
        0.73095703125,
        0.8798828125,
        0.494140625,
        0.4921875,
        0.51171875,
        0.2451171875,
        0.2451171875,
        0.2017822265625,
        0.544921875,
        0.517578125,
        0.548828125,
        0.4765625,
        0.45703125,
        0.47265625,
        0.3720703125,
        0.439697265625,
        0.359375,
        0.53515625,
        0.484375,
        0.5390625,
        0.4130859375,
        0.43408203125,
        0.4111328125,
        0.48828125,
        0.49609375,
        0.501953125,
        0.6318359375,
        0.79296875,
        0.54296875,
        0.20947265625,
        0.0147857666015625,
        0.0703125,
        0.04132080078125,
        0.1131591796875,
        0.394287109375,
        0.98291015625,
        0.9990234375,
        0.99951171875,
        0.498046875,
        0.49609375,
        0.5,
        0.529296875,
        0.49609375,
        0.546875,
        0.5078125,
        0.47265625,
        0.359375,
        0.52734375,
        0.51171875,
        0.51953125,
        0.513671875,
        0.46484375,
        0.458984375,
        0.7265625,
        0.708984375,
        0.8056640625,
        0.484375,
        0.494140625,
        0.49609375,
        0.445556640625,
        0.607421875,
        0.56201171875,
        0.515625,
        0.515625,
        0.51171875,
        0.484375,
        0.4765625,
        0.640625,
        0.56201171875,
        0.513671875,
        0.501953125,
        0.552734375,
        0.548828125,
        0.5078125,
        0.43212890625,
        0.466796875,
        0.458984375,
        0.46875,
        0.5390625,
        0.63330078125,
        0.482421875,
        0.513671875,
        0.529296875,
        0.458984375,
        0.5,
        0.48046875,
        0.458984375,
        0.48046875,
        0.494140625,
        0.521484375,
        0.537109375,
        0.4921875,
        0.401611328125,
        0.451416015625,
        0.490234375,
        0.51953125,
        0.5,
        0.515625,
        0.484375,
        0.46875,
        0.445556640625,
        0.45703125,
        0.458984375,
        0.49609375,
        0.51953125,
        0.658203125,
        0.9443359375,
        0.4921875,
        0.50390625,
        0.48046875,
        0.67041015625,
        0.81982421875,
        0.662109375,
        0.4921875,
        0.46875,
        0.501953125,
        0.5390625,
        0.5234375,
        0.48046875,
        0.71044921875,
        0.515625,
        0.60595703125,
        0.484375,
        0.373779296875,
        0.46875,
        0.513671875,
        0.533203125,
        0.74755859375,
        0.57177734375,
        0.5830078125,
        0.455078125,
        0.8671875,
        0.83349609375,
        0.78271484375,
        0.5888671875,
        0.541015625,
        0.71240234375,
        0.82568359375,
        0.5908203125,
        0.501953125,
        0.90478515625,
        0.8291015625,
        0.92138671875,
        0.5908203125,
        0.474609375,
        0.490234375,
        0.45703125,
        0.4609375,
        0.422607421875,
        0.64794921875,
        0.515625,
        0.501953125,
        0.418701171875,
        0.56396484375,
        0.392333984375,
        0.7607421875,
        0.56591796875,
        0.77880859375,
        0.96337890625,
        0.98388671875,
        0.98681640625,
        0.98876953125,
        0.505859375,
        0.5078125,
        0.67919921875,
        0.4765625,
        0.56005859375,
        0.494140625,
        0.484375,
        0.505859375,
        0.470703125,
        0.490234375,
        0.529296875,
        1.0,
        0.9921875,
        1.0,
        0.9599609375,
        0.9677734375,
        0.515625,
        0.71875,
        0.732421875,
        0.69580078125,
        0.55078125,
        0.7431640625,
        0.85400390625,
        0.490234375,
        0.49609375,
        0.373779296875,
        0.50390625,
        0.482421875,
        0.498046875,
        0.8388671875,
        0.921875,
        0.53125,
        0.443603515625,
        0.56201171875,
        0.521484375,
        0.58154296875,
        0.498046875,
        0.61328125,
        0.6669921875,
        0.6279296875,
        0.56982421875,
        0.73583984375,
        0.63330078125,
        0.65478515625,
        0.484375,
        0.515625,
        0.494140625,
        0.47265625,
        0.484375,
        0.5546875,
        0.8408203125,
        0.60009765625,
        0.60205078125,
        0.537109375,
        0.48828125,
        0.4609375,
        0.60400390625,
        0.437744140625,
        0.439697265625,
        0.50390625,
        0.54296875,
        0.49609375,
        0.9189453125,
        0.9521484375,
        0.96875,
        0.642578125,
        0.7646484375,
        0.7705078125,
        0.5078125,
        0.4921875,
        0.521484375,
        0.64794921875,
        0.60400390625,
        0.63720703125,
        0.544921875,
        0.357666015625,
        0.611328125,
        0.60595703125,
        0.56396484375,
        0.763671875,
        0.85107421875,
        0.98681640625,
        0.71533203125,
        0.533203125,
        0.61328125,
        0.5888671875,
        0.517578125,
        0.4921875,
        0.515625,
