{
    "model_dir": "models/classify_lora/llama-30b-relinquish_power",
    "distribution_id": "wrong_arc",
    "timestamp": "2023-10-27 05:24:26",
    "eval_loss": 1.5244140625,
    "eval_score": -0.50634765625,
    "eval_brier_score": 0.50634765625,
    "eval_average_probability": 0.330322265625,
    "eval_accuracy": 0.24,
    "eval_probabilities": [
        0.0027523040771484375,
        0.005573272705078125,
        0.106689453125,
        0.2509765625,
        0.09405517578125,
        0.9345703125,
        0.1895751953125,
        0.6669921875,
        0.019561767578125,
        0.1566162109375,
        0.357666015625,
        0.7802734375,
        0.131591796875,
        0.91357421875,
        0.1312255859375,
        0.6240234375,
        0.35302734375,
        0.00902557373046875,
        0.1922607421875,
        0.85693359375,
        0.36669921875,
        0.658203125,
        0.282958984375,
        0.0157623291015625,
        0.015899658203125,
        0.4072265625,
        0.2486572265625,
        0.46875,
        0.552734375,
        0.332763671875,
        0.132568359375,
        0.8349609375,
        0.6220703125,
        0.375732421875,
        0.607421875,
        0.269775390625,
        0.486328125,
        0.916015625,
        0.294921875,
        0.0618896484375,
        0.505859375,
        0.06585693359375,
        0.1602783203125,
        0.11517333984375,
        0.06878662109375,
        0.7001953125,
        0.138427734375,
        0.62060546875,
        0.320068359375,
        0.438232421875,
        0.42919921875,
        0.806640625,
        0.36474609375,
        0.09844970703125,
        0.07586669921875,
        0.01287078857421875,
        0.36474609375,
        0.03271484375,
        0.611328125,
        0.199951171875,
        0.2120361328125,
        0.10052490234375,
        0.69580078125,
        0.39501953125,
        0.375732421875,
        0.04351806640625,
        0.58203125,
        0.28466796875,
        0.23583984375,
        0.2120361328125,
        0.1375732421875,
        0.89892578125,
        0.96044921875,
        0.191650390625,
        0.29248046875,
        0.587890625,
        0.127685546875,
        0.57373046875,
        0.4091796875,
        0.7919921875,
        0.0943603515625,
        0.20654296875,
        0.1199951171875,
        0.59423828125,
        0.5908203125,
        0.190673828125,
        0.521484375,
        0.289794921875,
        0.27587890625,
        0.5947265625,
        0.48046875,
        0.33154296875,
        0.1602783203125,
        0.1470947265625,
        0.1527099609375,
        0.39990234375,
        0.29345703125,
        0.521484375,
        0.1365966796875,
        0.08660888671875,
        0.0509033203125,
        0.490234375,
        0.382080078125,
        0.0163116455078125,
        0.053009033203125,
        0.3603515625,
        0.71044921875,
        0.374755859375,
        0.23095703125,
        0.20751953125,
        0.033203125,
        0.316650390625,
        0.260498046875,
        0.67333984375,
        0.32177734375,
        0.234375,
        0.2379150390625,
        0.04083251953125,
        0.046539306640625,
        0.5859375,
        0.736328125,
        0.30908203125,
        0.035736083984375,
        0.09503173828125,
        0.33154296875,
        0.437744140625,
        0.054412841796875,
        0.34326171875,
        0.00759124755859375,
        0.0318603515625,
        0.505859375,
        0.21337890625,
        0.2166748046875,
        0.712890625,
        0.20751953125,
        0.490234375,
        0.388671875,
        0.448486328125,
        0.0548095703125,
        0.6298828125,
        0.2486572265625,
        0.2783203125,
        0.11395263671875,
        0.27197265625,
        0.662109375,
        0.65673828125,
        0.271240234375,
        0.201171875,
        0.5947265625,
        0.58984375,
        0.2005615234375,
        0.451416015625,
        0.1044921875,
        0.1143798828125,
        0.58056640625,
        0.951171875,
        0.32861328125,
        0.2247314453125,
        0.2744140625,
        0.345947265625,
        0.34521484375,
        0.98095703125,
        0.294921875,
        0.043701171875,
        0.19873046875,
        0.449462890625,
        0.014434814453125,
        0.0367431640625,
        0.356689453125,
        0.16943359375,
        0.033203125,
        0.3720703125,
        0.0185394287109375,
        0.090087890625,
        0.360595703125,
        0.301513671875,
        0.1070556640625,
        0.66796875,
        0.2744140625,
        0.301513671875,
        0.350341796875,
        0.62451171875,
        0.33642578125,
        0.1561279296875,
        0.313232421875,
        0.70263671875,
        0.5068359375,
        0.381103515625,
        0.21142578125,
        0.0723876953125,
        0.248046875,
        0.158203125,
        0.0323486328125,
        0.7138671875,
        0.1800537109375,
        0.16455078125,
        0.267333984375,
        0.08270263671875,
        0.199951171875,
        0.36669921875,
        0.236572265625,
        0.24072265625,
        0.4638671875,
        0.158447265625,
        0.373779296875,
        0.60693359375,
        0.127197265625,
        0.1302490234375,
        0.73046875,
        0.56201171875,
        0.25244140625,
        0.273193359375,
        0.301513671875,
        0.02801513671875,
        0.1287841796875,
        0.90771484375,
        0.0229644775390625,
        0.57861328125,
        0.65234375,
        0.439697265625,
        0.2568359375,
        0.443603515625,
        0.32421875,
        0.0231475830078125,
        0.4619140625,
        0.4755859375,
        0.513671875,
        0.1339111328125,
        0.1519775390625,
        0.71044921875,
        0.004364013671875,
        0.11517333984375,
        0.161376953125,
        0.37841796875,
        0.1077880859375,
        0.33447265625,
        0.6318359375,
        0.6630859375,
        0.91357421875,
        0.2337646484375,
        0.42822265625,
        0.2100830078125,
        0.6943359375,
        0.064208984375,
        0.072265625,
        0.294921875,
        0.11920166015625,
        0.28466796875,
        0.0460205078125,
        0.09808349609375
    ],
    "eval_runtime": 32.5714,
    "eval_samples_per_second": 7.675,
    "eval_steps_per_second": 0.982
}