{
    "model_dir": "models/classify_lora/llama-30b-alpaca_short-alpaca_long-1%",
    "distribution_id": "alpaca_long",
    "timestamp": "2023-10-29 12:15:53",
    "eval_loss": 6.6171875,
    "eval_score": -0.58349609375,
    "eval_brier_score": 0.58349609375,
    "eval_average_probability": 0.38134765625,
    "eval_accuracy": 0.38,
    "eval_probabilities": [
        1.8477439880371094e-06,
        0.048126220703125,
        1.0,
        0.74169921875,
        1.6689300537109375e-06,
        0.081787109375,
        1.0,
        0.00048804283142089844,
        0.0,
        0.79296875,
        0.453369140625,
        1.0,
        1.0,
        1.0,
        0.00019407272338867188,
        7.939338684082031e-05,
        0.99853515625,
        0.99951171875,
        0.39990234375,
        8.225440979003906e-06,
        0.98486328125,
        0.935546875,
        2.384185791015625e-07,
        0.0007939338684082031,
        0.029754638671875,
        2.682209014892578e-06,
        0.0,
        0.640625,
        2.5093555450439453e-05,
        0.9990234375,
        1.7881393432617188e-07,
        1.0,
        0.0013942718505859375,
        0.9873046875,
        0.9423828125,
        7.367134094238281e-05,
        0.0,
        2.980232238769531e-07,
        0.0,
        0.92822265625,
        0.0,
        0.5927734375,
        0.259765625,
        1.0,
        0.010406494140625,
        5.960464477539063e-08,
        0.0,
        0.0,
        0.0,
        3.62396240234375e-05,
        0.998046875,
        1.0,
        0.00844573974609375,
        0.262939453125,
        0.7490234375,
        0.07806396484375,
        1.0,
        0.9951171875,
        0.003955841064453125,
        0.0079345703125,
        0.90380859375,
        5.960464477539063e-08,
        0.7490234375,
        0.99169921875,
        0.0604248046875,
        0.0206451416015625,
        0.986328125,
        1.2516975402832031e-06,
        0.99951171875,
        0.00016927719116210938,
        0.0026111602783203125,
        0.32080078125,
        0.0,
        4.9591064453125e-05,
        1.5497207641601562e-06,
        2.980232238769531e-07,
        5.960464477539063e-08,
        0.0004477500915527344,
        0.032470703125,
        1.0,
        5.960464477539063e-08,
        2.092123031616211e-05,
        0.449462890625,
        1.0,
        0.006439208984375,
        0.1744384765625,
        0.005039215087890625,
        0.007694244384765625,
        1.1920928955078125e-07,
        4.988908767700195e-05,
        0.57763671875,
        0.70263671875,
        0.08154296875,
        0.33447265625,
        0.0006933212280273438,
        5.424022674560547e-06,
        0.0526123046875,
        1.0,
        0.0,
        0.990234375,
        0.7578125,
        1.0,
        0.036224365234375,
        0.9990234375,
        1.0,
        6.556510925292969e-07,
        0.09271240234375,
        0.0,
        0.00021827220916748047,
        0.93798828125,
        0.99951171875,
        1.0,
        0.0037326812744140625,
        1.0,
        0.01116180419921875,
        4.470348358154297e-06,
        0.00030541419982910156,
        4.172325134277344e-07,
        0.0005908012390136719,
        5.960464477539063e-08,
        0.0009698867797851562,
        0.662109375,
        0.0,
        1.0,
        0.8271484375,
        1.6689300537109375e-06,
        0.90185546875,
        0.9501953125,
        1.0,
        0.0017824172973632812,
        0.75146484375,
        1.0,
        2.1457672119140625e-05,
        0.99951171875,
        1.0,
        7.814168930053711e-05,
        1.0,
        1.0,
        0.9990234375,
        0.0,
        0.99951171875,
        1.0,
        0.99951171875,
        0.99755859375,
        4.708766937255859e-06,
        0.0012645721435546875,
        0.39990234375,
        1.1920928955078125e-07,
        1.0,
        0.0,
        5.364418029785156e-07,
        1.1682510375976562e-05,
        1.0,
        3.904104232788086e-05,
        0.978515625,
        0.00494384765625,
        0.97509765625,
        1.0,
        2.384185791015625e-07,
        0.00017464160919189453,
        0.06854248046875,
        1.430511474609375e-06,
        0.99755859375,
        0.0,
        0.109130859375,
        0.1500244140625,
        1.0,
        0.99951171875,
        4.172325134277344e-07,
        0.048858642578125,
        1.0,
        0.0022525787353515625,
        0.85009765625,
        0.0,
        0.2337646484375,
        1.0,
        0.60009765625,
        0.0,
        0.004505157470703125,
        0.0,
        4.172325134277344e-07,
        0.00015842914581298828,
        0.414794921875,
        0.004680633544921875,
        0.002620697021484375,
        0.07501220703125,
        0.93896484375,
        1.0,
        0.96728515625,
        0.0016231536865234375,
        0.00010073184967041016,
        1.0,
        1.0,
        0.287841796875,
        0.0222930908203125,
        4.398822784423828e-05,
        0.98828125,
        1.0,
        0.0,
        4.172325134277344e-07,
        0.0014781951904296875,
        0.888671875,
        0.9736328125,
        8.64267349243164e-06,
        0.085693359375,
        1.4424324035644531e-05,
        0.0002846717834472656,
        0.332763671875,
        2.384185791015625e-07,
        1.0,
        8.881092071533203e-06,
        1.0,
        0.0,
        1.0132789611816406e-06,
        9.5367431640625e-07,
        2.0623207092285156e-05,
        0.0216217041015625,
        1.8835067749023438e-05,
        2.384185791015625e-06,
        0.0021991729736328125,
        2.5033950805664062e-06,
        0.08819580078125,
        0.0015125274658203125,
        1.0,
        1.1920928955078125e-07,
        1.0,
        0.0,
        2.8133392333984375e-05,
        0.036773681640625,
        1.0,
        0.0012845993041992188,
        0.0,
        0.0,
        0.0,
        1.0,
        0.689453125,
        0.2337646484375,
        0.0,
        1.0,
        2.682209014892578e-06,
        0.88818359375,
        0.2017822265625,
        8.64267349243164e-06,
        1.0,
        1.0728836059570312e-05,
        1.0,
        1.0,
        0.8310546875,
        7.867813110351562e-06,
        0.640625
    ],
    "eval_runtime": 14.3108,
    "eval_samples_per_second": 17.469,
    "eval_steps_per_second": 0.559
}