{
    "model_dir": "models/prompt_tuning/llama-30b-personality_traits",
    "distribution_id": "personality_traits",
    "timestamp": "2023-10-23 23:07:21",
    "eval_loss": 0.02581787109375,
    "eval_score": -0.006877899169921875,
    "eval_brier_score": 0.006877899169921875,
    "eval_average_probability": 0.98046875,
    "eval_accuracy": 0.992,
    "eval_probabilities": [
        0.9931640625,
        1.0,
        1.0,
        0.99853515625,
        1.0,
        1.0,
        1.0,
        0.9990234375,
        0.92041015625,
        1.0,
        1.0,
        1.0,
        1.0,
        1.0,
        0.99267578125,
        1.0,
        1.0,
        1.0,
        1.0,
        0.9990234375,
        0.9990234375,
        0.98583984375,
        1.0,
        1.0,
        1.0,
        1.0,
        1.0,
        0.99853515625,
        1.0,
        0.99951171875,
        1.0,
        1.0,
        0.99169921875,
        0.99072265625,
        0.1376953125,
        1.0,
        1.0,
        0.99951171875,
        1.0,
        1.0,
        0.6923828125,
        1.0,
        1.0,
        1.0,
        0.98193359375,
        0.99853515625,
        1.0,
        1.0,
        1.0,
        1.0,
        1.0,
        1.0,
        0.99951171875,
        0.99951171875,
        1.0,
        1.0,
        1.0,
        0.9990234375,
        1.0,
        0.99951171875,
        1.0,
        0.99951171875,
        1.0,
        1.0,
        1.0,
        0.318359375,
        1.0,
        1.0,
        0.99951171875,
        0.99267578125,
        1.0,
        1.0,
        0.99267578125,
        1.0,
        1.0,
        1.0,
        0.9951171875,
        0.99853515625,
        1.0,
        0.9814453125,
        1.0,
        0.9892578125,
        0.9990234375,
        1.0,
        0.998046875,
        0.9990234375,
        0.9990234375,
        0.9404296875,
        1.0,
        1.0,
        1.0,
        0.98193359375,
        0.99951171875,
        1.0,
        1.0,
        1.0,
        0.966796875,
        0.99951171875,
        0.998046875,
        0.99853515625,
        1.0,
        0.9853515625,
        1.0,
        1.0,
        1.0,
        1.0,
        1.0,
        0.90966796875,
        1.0,
        0.9970703125,
        0.9990234375,
        1.0,
        1.0,
        0.994140625,
        0.998046875,
        1.0,
        1.0,
        1.0,
        0.9912109375,
        1.0,
        0.998046875,
        0.98828125,
        1.0,
        1.0,
        1.0,
        1.0,
        0.99951171875,
        1.0,
        1.0,
        1.0,
        1.0,
        0.998046875,
        1.0,
        1.0,
        1.0,
        1.0,
        0.99951171875,
        0.998046875,
        0.99365234375,
        1.0,
        0.99853515625,
        0.880859375,
        1.0,
        1.0,
        1.0,
        0.98876953125,
        1.0,
        0.97021484375,
        1.0,
        0.9306640625,
        1.0,
        0.99853515625,
        0.9990234375,
        0.99951171875,
        1.0,
        1.0,
        0.99951171875,
        1.0,
        1.0,
        1.0,
        0.99951171875,
        1.0,
        0.99951171875,
        1.0,
        1.0,
        1.0,
        0.994140625,
        0.9853515625,
        1.0,
        1.0,
        1.0,
        0.99951171875,
        0.99951171875,
        0.99462890625,
        0.99853515625,
        0.99951171875,
        0.97412109375,
        0.99951171875,
        0.98828125,
        0.9990234375,
        0.99609375,
        1.0,
        0.58154296875,
        1.0,
        0.99951171875,
        0.98388671875,
        1.0,
        1.0,
        1.0,
        1.0,
        0.9970703125,
        1.0,
        1.0,
        0.9990234375,
        1.0,
        0.9970703125,
        0.99951171875,
        1.0,
        1.0,
        1.0,
        1.0,
        1.0,
        1.0,
        1.0,
        1.0,
        1.0,
        1.0,
        0.99853515625,
        1.0,
        1.0,
        1.0,
        1.0,
        1.0,
        0.99951171875,
        0.99853515625,
        1.0,
        0.9921875,
        0.998046875,
        1.0,
        1.0,
        1.0,
        0.951171875,
        1.0,
        0.9990234375,
        1.0,
        0.99365234375,
        0.92578125,
        1.0,
        1.0,
        1.0,
        1.0,
        1.0,
        1.0,
        1.0,
        0.9990234375,
        0.85791015625,
        1.0,
        1.0,
        1.0,
        1.0,
        1.0,
        0.94970703125,
        1.0,
        0.998046875,
        1.0,
        1.0,
        1.0,
        1.0,
        0.99658203125,
        1.0,
        1.0,
        1.0,
        1.0,
        0.96484375,
        1.0,
        1.0,
        0.9990234375,
        1.0,
        1.0,
        1.0,
        1.0,
        0.88623046875,
        1.0,
        1.0,
        0.99755859375,
        0.97998046875,
        0.99951171875,
        0.81298828125,
        0.9990234375,
        1.0,
        1.0,
        0.99560546875,
        1.0,
        0.5439453125,
        0.9990234375,
        1.0,
        0.9931640625,
        1.0,
        1.0,
        0.9990234375,
        1.0,
        0.94580078125,
        1.0,
        1.0,
        1.0,
        1.0,
        0.990234375,
        1.0,
        1.0,
        1.0,
        1.0,
        1.0,
        0.99951171875,
        0.99951171875,
        0.9990234375,
        1.0,
        1.0,
        1.0,
        0.97412109375,
        0.9970703125,
        0.99609375,
        1.0,
        1.0,
        1.0,
        1.0,
        0.9990234375,
        0.9775390625,
        1.0,
        1.0,
        0.98046875,
        1.0,
        0.9931640625,
        0.54296875,
        1.0,
        1.0,
        0.87939453125,
        1.0,
        1.0,
        0.8662109375,
        0.9970703125,
        1.0,
        0.97119140625,
        1.0,
        1.0,
        0.99951171875,
        0.9990234375,
        0.9775390625,
        0.99951171875,
        0.99755859375,
        1.0,
        0.8857421875,
        0.85302734375,
        1.0,
        0.9990234375,
        0.9990234375,
        0.99951171875,
        1.0,
        1.0,
        1.0,
        1.0,
        0.89599609375,
        1.0,
        1.0,
        1.0,
        1.0,
        0.9931640625,
        0.6748046875,
        0.9990234375,
        1.0,
        0.99951171875,
        1.0,
        0.99951171875,
        0.9755859375,
        1.0,
        0.99951171875,
        1.0,
        1.0,
        0.998046875,
        0.970703125,
        1.0,
        1.0,
        0.92919921875,
        0.98828125,
        1.0,
        0.7294921875,
        1.0,
        0.99853515625,
        0.9794921875,
        1.0,
        0.9990234375,
        0.89013671875,
        1.0,
        1.0,
        1.0,
        0.99951171875,
        1.0,
        1.0,
        0.998046875,
        1.0,
        0.99951171875,
        1.0,
        0.99853515625,
        0.9912109375,
        0.9736328125,
        1.0,
        0.99951171875,
        1.0,
        0.99951171875,
        0.98779296875,
        0.99658203125,
        0.98828125,
        0.9970703125,
        0.9912109375,
        0.9990234375,
        1.0,
        1.0,
        0.97412109375,
        0.99853515625,
        0.9990234375,
        0.458984375,
        1.0,
        0.99560546875,
        0.99609375,
        1.0,
        0.99951171875,
        1.0,
        1.0,
        1.0,
        1.0,
        1.0,
        1.0,
        0.65771484375,
        0.68603515625,
        1.0,
        0.99658203125,
        0.9990234375,
        0.97314453125,
        1.0,
        1.0,
        0.9990234375,
        0.99951171875,
        1.0,
        0.95703125,
        1.0,
        1.0,
        0.998046875,
        0.998046875,
        1.0,
        0.9931640625,
        0.98974609375,
        1.0,
        1.0,
        1.0,
        0.99658203125,
        0.99951171875,
        1.0,
        1.0,
        0.67919921875,
        1.0,
        1.0,
        1.0,
        1.0,
        1.0,
        1.0,
        1.0,
        1.0,
        0.99951171875,
        1.0,
