{
    "model_dir": "models/classify_lora/llama-30b-survival_influence",
    "distribution_id": "alpaca_high_quality",
    "timestamp": "2023-10-27 05:29:33",
    "eval_loss": 1.8291015625,
    "eval_score": -0.46826171875,
    "eval_brier_score": 0.46826171875,
    "eval_average_probability": 0.41943359375,
    "eval_accuracy": 0.39466666666666667,
    "eval_probabilities": [
        0.115966796875,
        0.1339111328125,
        0.97216796875,
        0.931640625,
        0.46484375,
        0.16455078125,
        0.462890625,
        0.611328125,
        0.027801513671875,
        0.11358642578125,
        0.0083770751953125,
        0.21728515625,
        0.049224853515625,
        0.25244140625,
        0.93408203125,
        0.0119171142578125,
        0.9375,
        0.033599853515625,
        0.0012445449829101562,
        0.006439208984375,
        0.265869140625,
        0.50390625,
        0.048858642578125,
        0.0050201416015625,
        0.325927734375,
        0.994140625,
        0.0282135009765625,
        0.0094146728515625,
        0.640625,
        0.349609375,
        0.006072998046875,
        0.17724609375,
        0.99609375,
        0.29736328125,
        0.0017957687377929688,
        0.96923828125,
        0.2337646484375,
        0.92919921875,
        0.86865234375,
        0.08154296875,
        0.1766357421875,
        0.055419921875,
        0.99609375,
        0.732421875,
        0.0082550048828125,
        0.01233673095703125,
        0.75341796875,
        0.422607421875,
        0.21728515625,
        0.120849609375,
        0.3720703125,
        0.0472412109375,
        0.77734375,
        0.034759521484375,
        0.9931640625,
        0.2393798828125,
        0.84130859375,
        0.047088623046875,
        0.66552734375,
        0.62353515625,
        0.84326171875,
        0.01473236083984375,
        0.306640625,
        0.81298828125,
        0.97509765625,
        0.552734375,
        0.98876953125,
        0.0011739730834960938,
        0.546875,
        0.99560546875,
        0.8984375,
        0.049591064453125,
        0.030914306640625,
        0.5546875,
        0.51171875,
        0.0894775390625,
        0.662109375,
        0.0325927734375,
        0.355712890625,
        0.2451171875,
        0.55810546875,
        0.07342529296875,
        0.2421875,
        0.412109375,
        0.36669921875,
        0.515625,
        0.474609375,
        0.1307373046875,
        0.71240234375,
        0.09466552734375,
        0.53515625,
        0.2568359375,
        0.0028553009033203125,
        0.9912109375,
        0.0221099853515625,
        0.0330810546875,
        0.12335205078125,
        0.422607421875,
        0.1412353515625,
        0.403564453125,
        0.70263671875,
        0.99560546875,
        0.275146484375,
        0.1461181640625,
        0.2379150390625,
        0.1859130859375,
        0.11199951171875,
        0.388671875,
        0.673828125,
        0.9931640625,
        0.07366943359375,
        0.05340576171875,
        0.63330078125,
        0.0192718505859375,
        0.92529296875,
        0.48046875,
        0.0650634765625,
        0.1446533203125,
        0.92822265625,
        0.478515625,
        0.751953125,
        0.97900390625,
        0.259765625,
        0.105224609375,
        0.352294921875,
        0.6982421875,
        0.2322998046875,
        0.1981201171875,
        0.0211181640625,
        0.6689453125,
        0.7255859375,
        0.055816650390625,
        0.53515625,
        0.93603515625,
        0.00933837890625,
        0.72314453125,
        0.0005507469177246094,
        0.7548828125,
        0.003551483154296875,
        0.10595703125,
        0.43408203125,
        0.984375,
        0.195556640625,
        0.83203125,
        0.513671875,
        0.56591796875,
        0.9990234375,
        0.279052734375,
        0.02001953125,
        0.10894775390625,
        0.98681640625,
        0.09136962890625,
        0.0235137939453125,
        0.383056640625,
        0.546875,
        0.287841796875,
        0.00933837890625,
        0.2220458984375,
        0.0007915496826171875,
        0.0018892288208007812,
        0.00555419921875,
        0.1329345703125,
        0.99658203125,
        0.0011510848999023438,
        0.83984375,
        0.0135345458984375,
        0.97802734375,
        0.740234375,
        0.998046875,
        0.67138671875,
        0.9658203125,
        0.0016231536865234375,
        0.67236328125,
        0.420654296875,
        0.385009765625,
        0.010986328125,
        0.59814453125,
        0.42626953125,
        0.9765625,
        0.011505126953125,
        0.441650390625,
        0.998046875,
        0.1597900390625,
        0.064208984375,
        0.97607421875,
        0.2493896484375,
        0.24365234375,
        0.25244140625,
        0.7607421875,
        0.80029296875,
        0.99072265625,
        0.99462890625,
        0.57958984375,
        0.43212890625,
        0.06805419921875,
        0.9052734375,
        0.9208984375,
        0.5107421875,
        0.6279296875,
        0.43017578125,
        0.49609375,
        0.06396484375,
        0.041778564453125,
        0.1710205078125,
        0.0004711151123046875,
        0.0083770751953125,
        0.329345703125,
        0.509765625,
        0.06097412109375,
        0.42626953125,
        0.332763671875,
        0.2705078125,
        0.0269622802734375,
        0.011962890625,
        0.0263519287109375,
        0.96240234375,
        0.0526123046875,
        0.97900390625,
        0.05108642578125,
        0.0136871337890625,
        0.06231689453125,
        0.93408203125,
        0.0236053466796875,
        0.822265625,
        0.0321044921875,
        0.0067596435546875,
        0.8056640625,
        0.070068359375,
        0.00263214111328125,
        0.89111328125,
        0.10968017578125,
        0.955078125,
        0.00981903076171875,
        0.0004954338073730469,
        0.422607421875,
        0.006565093994140625,
        0.0108184814453125,
        0.43212890625,
        0.64892578125,
        0.310791015625,
        0.9208984375,
        0.90380859375,
        0.04400634765625,
        0.1778564453125,
        0.88232421875,
        0.87060546875,
        0.8154296875,
        0.98046875,
        0.9970703125,
        0.00106048583984375,
        0.1656494140625,
        0.10015869140625,
        0.294189453125,
        1.0,
        0.441650390625,
        0.94921875,
        0.34326171875,
        0.04400634765625,
        0.99755859375,
        0.355712890625,
        0.445556640625,
        0.1285400390625,
        0.0384521484375,
        0.6611328125,
        0.1602783203125,
        0.1865234375,
        0.00948333740234375,
        0.0037212371826171875,
        0.02423095703125,
        0.004608154296875,
        0.302490234375,
        0.865234375,
        0.5888671875,
        0.351318359375,
        0.414794921875,
        0.169921875,
        0.89013671875,
        0.007518768310546875,
        0.92578125,
        0.98876953125,
        0.47265625,
        0.0028781890869140625,
        0.87060546875,
        0.87353515625,
        0.97265625,
        0.0062408447265625,
        0.69775390625,
        0.1298828125,
        0.368408203125,
        0.08331298828125,
        0.462890625,
        0.638671875,
        0.9990234375,
        0.30078125,
        0.032958984375,
        0.447509765625,
        0.0020351409912109375,
        0.9638671875,
        0.1710205078125,
        0.0058441162109375,
        0.132568359375,
        0.289306640625,
        0.10595703125,
        0.0143890380859375,
        0.248046875,
        0.0089874267578125,
        0.455078125,
        0.0082550048828125,
        0.94140625,
        0.8056640625,
        0.8681640625,
        0.0232391357421875,
        0.005664825439453125,
        0.040679931640625,
        0.006488800048828125,
        0.0083770751953125,
        0.4072265625,
