{
    "model_dir": "models/classify_lora/llama-30b-survival_influence",
    "distribution_id": "wrong_arc",
    "timestamp": "2023-10-27 05:26:49",
    "eval_loss": 0.8671875,
    "eval_score": -0.283935546875,
    "eval_brier_score": 0.283935546875,
    "eval_average_probability": 0.54052734375,
    "eval_accuracy": 0.584,
    "eval_probabilities": [
        0.57958984375,
        0.6533203125,
        0.7265625,
        0.87109375,
        0.5234375,
        0.7880859375,
        0.37744140625,
        0.740234375,
        0.607421875,
        0.6689453125,
        0.5908203125,
        0.0953369140625,
        0.48828125,
        0.42822265625,
        0.8955078125,
        0.521484375,
        0.7626953125,
        0.158203125,
        0.9755859375,
        0.6689453125,
        0.43408203125,
        0.57373046875,
        0.55810546875,
        0.25390625,
        0.7841796875,
        0.1519775390625,
        0.85693359375,
        0.4921875,
        0.89306640625,
        0.6826171875,
        0.5390625,
        0.67919921875,
        0.513671875,
        0.4072265625,
        0.09600830078125,
        0.30078125,
        0.607421875,
        0.51953125,
        0.1302490234375,
        0.048858642578125,
        0.401611328125,
        0.82275390625,
        0.27978515625,
        0.69287109375,
        0.8125,
        0.332763671875,
        0.9072265625,
        0.544921875,
        0.06658935546875,
        0.2568359375,
        0.363037109375,
        0.1766357421875,
        0.3251953125,
        0.43017578125,
        0.90234375,
        0.5390625,
        0.09600830078125,
        0.7578125,
        0.1571044921875,
        0.61669921875,
        0.91162109375,
        0.83740234375,
        0.74462890625,
        0.9072265625,
        0.421630859375,
        0.79296875,
        0.291015625,
        0.7548828125,
        0.2337646484375,
        0.888671875,
        0.9443359375,
        0.363037109375,
        0.79052734375,
        0.5078125,
        0.95751953125,
        0.48046875,
        0.77734375,
        0.6318359375,
        0.841796875,
        0.437744140625,
        0.81640625,
        0.78125,
        0.80419921875,
        0.658203125,
        0.242919921875,
        0.9111328125,
        0.71044921875,
        0.0792236328125,
        0.509765625,
        0.42431640625,
        0.405517578125,
        0.405517578125,
        0.96484375,
        0.703125,
        0.64404296875,
        0.11798095703125,
        0.2322998046875,
        0.140380859375,
        0.994140625,
        0.84716796875,
        0.79052734375,
        0.541015625,
        0.658203125,
        0.86962890625,
        0.2783203125,
        0.070556640625,
        0.50390625,
        0.08038330078125,
        0.72509765625,
        0.490234375,
        0.97900390625,
        0.84228515625,
        0.4765625,
        0.70556640625,
        0.1329345703125,
        0.80810546875,
        0.78271484375,
        0.381103515625,
        0.30078125,
        0.014617919921875,
        0.455078125,
        0.1744384765625,
        0.22265625,
        0.06097412109375,
        0.28369140625,
        0.056640625,
        0.51953125,
        0.007694244384765625,
        0.9677734375,
        0.2393798828125,
        0.281494140625,
        0.67041015625,
        0.525390625,
        0.9296875,
        0.07861328125,
        0.06756591796875,
        0.355712890625,
        0.43017578125,
        0.9287109375,
        0.85498046875,
        0.1217041015625,
        0.248046875,
        0.56396484375,
        0.54296875,
        0.7880859375,
        0.3173828125,
        0.329345703125,
        0.5078125,
        0.533203125,
        0.82080078125,
        0.1602783203125,
        0.7216796875,
        0.8251953125,
        0.51953125,
        0.6494140625,
        0.175537109375,
        0.57177734375,
        0.71044921875,
        0.845703125,
        0.62060546875,
        0.09332275390625,
        0.359375,
        0.273681640625,
        0.9638671875,
        0.5478515625,
        0.36474609375,
        0.2509765625,
        0.9013671875,
        0.453369140625,
        0.02203369140625,
        0.69921875,
        0.30078125,
        0.98095703125,
        0.9794921875,
        0.62060546875,
        0.94677734375,
        0.32421875,
        0.392333984375,
        0.39794921875,
        0.85107421875,
        0.6298828125,
        0.32080078125,
        0.55078125,
        0.355712890625,
        0.381103515625,
        0.60009765625,
        0.0236968994140625,
        0.552734375,
        0.52734375,
        0.8798828125,
        0.7490234375,
        0.46875,
        0.0036220550537109375,
        0.3056640625,
        0.43408203125,
        0.861328125,
        0.88427734375,
        0.505859375,
        0.888671875,
        0.55810546875,
        0.097412109375,
        0.494140625,
        0.501953125,
        0.5078125,
        0.642578125,
        0.986328125,
        0.162353515625,
        0.5947265625,
        0.51171875,
        0.76611328125,
        0.438720703125,
        0.11199951171875,
        0.85791015625,
        0.0953369140625,
        0.99462890625,
        0.91357421875,
        0.7578125,
        0.62255859375,
        0.546875,
        0.92138671875,
        0.56591796875,
        0.2120361328125,
        0.262939453125,
        0.72509765625,
        0.414794921875,
        0.7490234375,
        0.26806640625,
        0.966796875,
        0.453369140625,
        0.85791015625,
        0.3486328125,
        0.71533203125,
        0.8154296875,
        0.5869140625,
        0.262939453125,
        0.5830078125,
        0.97802734375,
        0.462890625,
        0.6806640625,
        0.7958984375,
        0.55078125,
        0.381103515625,
        0.2861328125,
        0.62255859375,
        0.63720703125,
        0.403564453125,
        0.6875,
        0.287841796875,
        0.7607421875,
        0.88720703125
    ],
    "eval_runtime": 32.8414,
    "eval_samples_per_second": 7.612,
    "eval_steps_per_second": 0.974
}