{
    "model_dir": "models/classify_lora/llama-30b-alpaca_mmlu-truthful_qa-1%",
    "distribution_id": "alpaca_mmlu-truthful_qa-1%",
    "timestamp": "2023-10-29 15:02:10",
    "eval_loss": 0.8251953125,
    "eval_score": -0.108642578125,
    "eval_brier_score": 0.108642578125,
    "eval_average_probability": 0.8720703125,
    "eval_accuracy": 0.8758256274768824,
    "eval_probabilities": [
        1.0,
        1.0,
        1.0,
        0.71875,
        1.0,
        0.99853515625,
        1.0,
        0.071044921875,
        1.0,
        1.0,
        0.97314453125,
        1.0,
        1.0,
        0.98046875,
        1.0,
        0.97314453125,
        1.0,
        1.0,
        1.0,
        1.430511474609375e-06,
        1.0,
        1.0,
        1.0,
        1.0,
        0.41796875,
        0.96533203125,
        1.0,
        0.99853515625,
        1.0,
        1.0,
        1.0,
        1.0,
        1.0,
        1.0,
        0.615234375,
        1.0,
        1.0,
        0.0,
        0.0008797645568847656,
        1.0,
        1.0,
        1.0,
        1.0,
        1.0,
        1.0,
        0.955078125,
        1.0,
        1.0,
        0.0013666152954101562,
        0.654296875,
        1.0,
        1.0,
        1.0,
        1.0,
        1.0,
        1.0,
        1.0,
        1.0,
        1.0,
        1.0,
        1.0,
        1.0,
        1.0,
        1.0,
        1.0,
        0.81298828125,
        0.9921875,
        1.0,
        0.76611328125,
        0.99853515625,
        0.91259765625,
        1.0,
        1.0,
        1.0,
        1.0,
        1.0,
        0.0439453125,
        0.982421875,
        1.0,
        1.0,
        1.0,
        1.0,
        0.0005369186401367188,
        1.0,
        0.99951171875,
        0.455078125,
        0.0300445556640625,
        1.0,
        1.0,
        1.0,
        0.025177001953125,
        0.99658203125,
        0.98046875,
        0.62255859375,
        1.0,
        1.0,
        1.0,
        0.99951171875,
        0.48828125,
        1.0,
        0.99951171875,
        0.99169921875,
        1.0,
        0.11102294921875,
        1.0,
        1.0,
        1.0,
        1.0,
        1.0,
        0.99853515625,
        1.0,
        1.0,
        0.0006132125854492188,
        0.35400390625,
        1.0,
        1.0,
        0.98583984375,
        1.0,
        0.57373046875,
        1.0,
        1.0,
        1.0,
        1.0,
        1.0,
        1.0,
        1.0,
        1.0,
        1.0,
        1.0,
        1.0,
        0.32080078125,
        1.0,
        0.267333984375,
        0.91259765625,
        0.006252288818359375,
        0.99072265625,
        1.0,
        0.99951171875,
        0.673828125,
        0.9990234375,
        7.933378219604492e-05,
        1.0,
        1.0,
        1.0,
        0.87255859375,
        1.0,
        1.0,
        1.0,
        0.99755859375,
        0.64794921875,
        1.0,
        1.0,
        0.99951171875,
        1.0,
        1.0,
        1.0,
        0.77197265625,
        1.0,
        0.9072265625,
        0.99462890625,
        1.0,
        1.0,
        1.0,
        1.0,
        1.0,
        1.0,
        1.0,
        1.0,
        1.0,
        1.0,
        1.0,
        1.0,
        1.0,
        1.0,
        1.0,
        0.0304412841796875,
        1.0,
        1.0,
        1.0,
        1.0,
        1.0,
        1.0,
        0.0,
        0.99560546875,
        1.0,
        1.0,
        1.0,
        1.0,
        0.0078125,
        0.99951171875,
        1.0,
        1.0,
        1.0,
        1.0,
        0.05035400390625,
        0.880859375,
        1.0,
        1.0,
        1.0,
        1.0,
        0.49609375,
        1.0,
        0.9765625,
        1.0,
        1.0,
        1.0,
        1.0,
        1.0,
        1.0,
        0.998046875,
        1.0,
        1.0,
        1.0,
        1.0,
        0.99072265625,
        0.8974609375,
        0.0006666183471679688,
        1.0,
        1.0,
        1.0,
        0.69287109375,
        0.04742431640625,
        1.0,
        0.89404296875,
        1.0,
        0.99560546875,
        1.0,
        0.9599609375,
        1.0,
        0.99951171875,
        1.0,
        0.26708984375,
        1.0,
        1.0,
        1.0,
        1.0,
        0.95654296875,
        0.007175445556640625,
        1.0,
        1.0,
        1.0,
        0.99267578125,
        1.0,
        0.99951171875,
        0.65380859375,
        0.9306640625,
        0.77197265625,
        1.0,
        1.0,
        1.0,
        1.0,
        1.0,
        0.9921875,
        0.99951171875,
        1.0,
        1.0,
        0.99951171875,
        1.0,
        1.0,
        0.99658203125,
        1.0,
        2.9206275939941406e-06,
        0.363037109375,
        1.0,
        1.0,
        1.0,
        1.0,
        1.0,
        1.0,
        1.0,
        1.0,
        0.99853515625,
        1.0,
        1.0,
        1.0,
        1.0,
        1.0,
        1.0,
        1.0,
        1.0,
        0.0009255409240722656,
        0.0006461143493652344,
        1.0,
        1.0,
        0.91845703125,
        1.0,
        1.0,
        0.7373046875,
        1.0,
        1.0,
        1.0,
        1.0,
        1.0,
        1.0,
        0.9990234375,
        0.99951171875,
        0.66552734375,
        1.0,
        1.0,
        1.0,
        0.99951171875,
        0.99951171875,
        0.99853515625,
        0.52734375,
        1.0,
        1.0,
        1.0,
        1.0,
        0.9990234375,
        1.0,
        0.6689453125,
        0.98046875,
        1.0,
        0.955078125,
        0.8662109375,
        1.0,
        0.99951171875,
        1.0,
        0.99755859375,
        1.0,
        1.0,
        1.0,
        1.0,
        0.99951171875,
        1.0,
        1.0,
        0.99072265625,
        1.0,
        1.0,
        0.98095703125,
        1.0,
        1.0,
        1.0,
        1.0,
        1.0,
        1.0,
        0.998046875,
        1.0,
        0.287841796875,
        1.0,
        0.2127685546875,
        0.9990234375,
        0.06951904296875,
        0.99951171875,
        1.0,
        1.0,
        1.0,
        1.0,
        1.0,
        0.0850830078125,
        0.9404296875,
        0.00019276142120361328,
        0.99951171875,
        1.0,
        2.8014183044433594e-06,
        1.0,
        1.0,
        1.0,
        0.998046875,
        1.0,
        0.99951171875,
        0.0,
        1.0,
        0.990234375,
        1.0,
        0.01242828369140625,
        0.1365966796875,
        0.0018854141235351562,
        1.0,
        1.0,
        0.99853515625,
        1.0,
        1.0,
        1.0,
        0.265869140625,
        1.0,
        1.0,
        1.0,
        1.0,
        1.0,
        1.0,
        0.87744140625,
        1.0,
        1.0,
        1.0,
        0.99755859375,
        1.0,
        1.0,
        1.0,
        0.95361328125,
        0.7939453125,
        1.0,
        1.0,
        1.0,
        1.0,
        0.9912109375,
        0.962890625,
        1.0,
        1.0,
        1.0,
        0.9990234375,
        1.0,
        1.0,
        0.0029239654541015625,
        0.99951171875,
        1.0,
        1.0,
        0.0003066062927246094,
        1.0,
        1.0,
        1.0,
        0.998046875,
        1.0,
        1.0,
        0.73388671875,
        1.0,
        0.363037109375,
        1.0,
        1.0,
        1.0,
        0.01056671142578125,
        1.0,
        0.9912109375,
        0.99951171875,
        1.0,
        0.96142578125,
        1.0,
        1.0,
        1.0,
        0.99658203125,
        1.0,
        0.56201171875,
        1.0,
        0.48046875,
        1.0,
        1.0,
        1.0,
        0.9990234375,
        0.03021240234375,
        1.0,
        1.0,
        1.0,
        0.99072265625,
        1.0,
        0.98388671875,
        1.0,
        1.0,
        1.0,
        1.0,
        1.0,
        0.0,
        0.99755859375,
        1.0,
        1.0,
        1.0,
        0.042877197265625,
