{
    "model_dir": "models/classify_lora/llama-30b-spanish_input",
    "distribution_id": "spanish_input",
    "timestamp": "2023-10-29 07:15:27",
    "eval_loss": 0.67919921875,
    "eval_score": -0.144775390625,
    "eval_brier_score": 0.144775390625,
    "eval_average_probability": 0.81591796875,
    "eval_accuracy": 0.8253333333333334,
    "eval_probabilities": [
        1.0,
        1.0,
        1.0,
        0.75634765625,
        0.96337890625,
        0.99951171875,
        0.357666015625,
        0.449462890625,
        0.95654296875,
        1.0,
        1.0,
        1.0,
        0.99755859375,
        0.9892578125,
        0.994140625,
        1.0,
        1.0,
        1.0,
        1.0,
        0.392333984375,
        1.0,
        0.99755859375,
        0.92626953125,
        0.3701171875,
        1.0,
        1.0,
        1.0,
        2.6285648345947266e-05,
        0.93798828125,
        0.98828125,
        0.99755859375,
        0.751953125,
        0.822265625,
        1.0,
        1.0,
        1.0,
        0.99755859375,
        1.0,
        0.98583984375,
        0.99560546875,
        0.9794921875,
        0.97900390625,
        0.9970703125,
        0.9833984375,
        0.978515625,
        1.0,
        1.0,
        1.0,
        0.99951171875,
        1.0,
        0.9990234375,
        0.99365234375,
        0.990234375,
        0.303955078125,
        0.9990234375,
        0.99951171875,
        0.9951171875,
        0.453369140625,
        0.923828125,
        0.806640625,
        1.0,
        1.0,
        1.0,
        0.0023059844970703125,
        2.086162567138672e-05,
        2.3245811462402344e-06,
        0.546875,
        0.53125,
        0.4609375,
        0.39794921875,
        0.1422119140625,
        0.1451416015625,
        0.9990234375,
        1.0,
        1.0,
        0.00905609130859375,
        0.01678466796875,
        0.01395416259765625,
        1.0,
        1.0,
        0.99951171875,
        0.0169525146484375,
        0.1239013671875,
        0.05511474609375,
        1.0,
        0.60009765625,
        1.0,
        0.98095703125,
        0.99365234375,
        0.56201171875,
        0.9658203125,
        0.998046875,
        0.12420654296875,
        1.0,
        1.0,
        0.99462890625,
        1.0,
        1.0,
        1.0,
        0.0185394287109375,
        0.46875,
        0.56591796875,
        1.0,
        1.0,
        1.0,
        1.0,
        1.0,
        1.0,
        1.0,
        1.0,
        1.0,
        0.4921875,
        0.9755859375,
        1.0,
        1.0,
        0.607421875,
        0.043365478515625,
        1.0,
        1.0,
        1.0,
        0.9990234375,
        0.6689453125,
        0.0010652542114257812,
        1.0,
        0.99560546875,
        1.0,
        0.89892578125,
        0.9833984375,
        1.0,
        1.0,
        0.00490570068359375,
        0.00701141357421875,
        0.98486328125,
        0.9990234375,
        1.0,
        1.0,
        0.99951171875,
        1.0,
        1.0,
        1.0,
        0.71240234375,
        1.0,
        1.0,
        0.99951171875,
        0.00206756591796875,
        0.015777587890625,
        0.77392578125,
        0.99951171875,
        0.99951171875,
        0.99853515625,
        0.99853515625,
        0.99853515625,
        0.998046875,
        1.0,
        1.0,
        1.0,
        1.0,
        1.0,
        1.0,
        1.0,
        1.0,
        1.0,
        0.453369140625,
        0.484375,
        0.414794921875,
        0.9228515625,
        0.9833984375,
        0.99658203125,
        0.998046875,
        1.0,
        0.99853515625,
        1.0,
        1.0,
        1.0,
        0.689453125,
        0.99169921875,
        0.9599609375,
        0.97705078125,
        0.998046875,
        0.363037109375,
        0.3701171875,
        0.99951171875,
        0.99951171875,
        0.77197265625,
        0.5927734375,
        0.93994140625,
        0.79833984375,
        0.403564453125,
        0.437744140625,
        0.0191192626953125,
        0.9951171875,
        0.9970703125,
        1.0,
        0.1480712890625,
        0.103759765625,
        0.7744140625,
        0.0792236328125,
        0.05340576171875,
        0.99853515625,
        0.9755859375,
        1.0,
        1.0,
        0.60009765625,
        0.99853515625,
        1.0,
        1.0,
        1.0,
        1.0,
        1.0,
        1.0,
        0.0235137939453125,
        0.0313720703125,
        0.00011593103408813477,
        0.71240234375,
        0.99658203125,
        0.93798828125,
        0.120849609375,
        0.001987457275390625,
        0.91748046875,
        0.60009765625,
        1.0,
        0.5546875,
        0.9755859375,
        0.82666015625,
        0.89990234375,
        1.0,
        0.84814453125,
        1.0,
        0.6298828125,
        0.953125,
        1.0,
        0.67236328125,
        0.9970703125,
        0.99609375,
        0.33447265625,
        0.8310546875,
        0.56201171875,
        1.0,
        0.99365234375,
        1.0,
        1.0,
        1.0,
        1.0,
        1.0,
        1.0,
        1.0,
        1.0,
        1.0,
        1.0,
        0.0775146484375,
        0.11199951171875,
        0.82080078125,
        1.0,
        0.9990234375,
        0.03515625,
        1.0,
        1.0,
        1.0,
        0.22265625,
        0.99853515625,
        0.299072265625,
        0.99951171875,
        0.9990234375,
        0.98681640625,
        0.22265625,
        0.248046875,
        0.8154296875,
        1.0,
        1.0,
        1.0,
        0.0016231536865234375,
        0.93896484375,
        0.982421875,
        0.751953125,
        0.99169921875,
        0.9990234375,
        1.0,
        1.0,
        1.0,
        0.9990234375,
        0.1365966796875,
        0.0164031982421875,
        1.0,
        1.0,
        1.0,
        1.0,
        1.0,
        0.9638671875,
        1.0,
        0.99365234375,
        0.048126220703125,
        1.0,
        1.0,
        1.0,
        0.002132415771484375,
        0.401611328125,
        0.8447265625,
        1.0,
        1.0,
        1.0,
        1.0,
        1.0,
        0.99951171875,
        1.0,
        1.0,
        1.0,
        0.9990234375,
        1.0,
        1.0,
        1.0,
        1.0,
        1.0,
        1.0,
        1.0,
        1.0,
        0.0001214742660522461,
        1.0,
        0.0618896484375,
        1.0,
        1.0,
        1.0,
        1.0,
        1.0,
        1.0,
        0.9541015625,
        0.89306640625,
        0.88720703125,
        1.0,
        1.0,
        1.0,
        1.0,
        1.0,
        0.994140625,
        0.22265625,
        0.8818359375,
        0.87255859375,
        1.0,
        1.0,
        1.0,
        0.453369140625,
        1.0,
        0.83349609375,
        0.00013446807861328125,
        0.544921875,
        0.0053863525390625,
        1.0,
        1.0,
        1.0,
        0.98681640625,
        1.0,
        1.0,
        1.0,
        1.0,
        1.0,
        1.0,
        1.0,
        1.0,
        1.0,
        1.0,
        1.0,
        0.93798828125,
        1.0,
        1.0,
        0.9970703125,
        0.9970703125,
        1.0,
        1.0,
        0.72509765625,
        0.99853515625,
        0.896484375,
        0.99560546875,
        0.9853515625,
        1.0,
        0.56201171875,
        1.0,
        1.0,
        1.0,
        1.0,
        1.0,
        1.0,
        1.0,
        1.0,
        1.0,
        1.0,
        1.0,
        1.0,
        0.9921875,
        0.99462890625,
        0.98974609375,
        0.1480712890625,
        1.0,
        1.0,
        1.0,
        0.9814453125,
        0.9951171875,
        0.63720703125,
        0.97314453125,
        0.927734375,
        0.861328125,
        1.0,
        1.0,
        1.0,
        1.0,
        1.0,
        0.9990234375,
        1.0,
        1.0,
        1.0,
        0.533203125,
        0.307373046875,
        0.048858642578125,
        1.0,
