{
    "model_dir": "models/classify_lora/llama-30b-spanish_output",
    "distribution_id": "spanish_output",
    "timestamp": "2023-10-29 07:13:07",
    "eval_loss": 0.437744140625,
    "eval_score": -0.126708984375,
    "eval_brier_score": 0.126708984375,
    "eval_average_probability": 0.80224609375,
    "eval_accuracy": 0.836,
    "eval_probabilities": [
        1.0,
        1.0,
        1.0,
        0.99267578125,
        1.0,
        1.0,
        0.99853515625,
        0.9990234375,
        0.99853515625,
        1.0,
        1.0,
        1.0,
        1.0,
        1.0,
        1.0,
        0.42822265625,
        0.62353515625,
        0.57763671875,
        1.0,
        1.0,
        0.99951171875,
        0.998046875,
        0.34326171875,
        0.021942138671875,
        0.305908203125,
        0.40087890625,
        0.247314453125,
        1.0,
        1.0,
        0.998046875,
        1.0,
        1.0,
        1.0,
        0.74462890625,
        0.6435546875,
        0.638671875,
        0.12939453125,
        0.30908203125,
        0.95068359375,
        0.1473388671875,
        0.03948974609375,
        0.007175445556640625,
        1.0,
        0.99951171875,
        1.0,
        1.0,
        1.0,
        1.0,
        1.0,
        0.97412109375,
        1.0,
        0.99169921875,
        0.9443359375,
        0.5859375,
        1.0,
        1.0,
        1.0,
        0.34521484375,
        0.09039306640625,
        0.91259765625,
        1.0,
        1.0,
        1.0,
        0.4658203125,
        0.37353515625,
        0.5556640625,
        0.99609375,
        0.982421875,
        0.98828125,
        0.9970703125,
        0.9990234375,
        0.99853515625,
        1.0,
        0.99951171875,
        1.0,
        1.0,
        0.9990234375,
        1.0,
        0.994140625,
        0.98876953125,
        0.939453125,
        0.9599609375,
        0.53466796875,
        0.4833984375,
        0.99462890625,
        0.98828125,
        0.99658203125,
        0.5,
        0.414306640625,
        0.16259765625,
        1.0,
        1.0,
        1.0,
        0.9990234375,
        1.0,
        0.99951171875,
        0.72509765625,
        0.546875,
        0.63916015625,
        0.5283203125,
        0.89990234375,
        0.96337890625,
        0.951171875,
        0.99951171875,
        0.98974609375,
        0.29736328125,
        0.27197265625,
        0.006191253662109375,
        1.0,
        1.0,
        1.0,
        0.98974609375,
        0.99951171875,
        0.9111328125,
        1.0,
        1.0,
        1.0,
        0.92919921875,
        0.80419921875,
        0.4775390625,
        0.9990234375,
        0.95166015625,
        0.7890625,
        1.0,
        1.0,
        1.0,
        0.415771484375,
        0.44775390625,
        0.62158203125,
        0.958984375,
        0.8359375,
        0.64697265625,
        0.08404541015625,
        0.0005931854248046875,
        0.219970703125,
        0.9853515625,
        0.95361328125,
        0.9560546875,
        0.8984375,
        0.56201171875,
        0.48046875,
        1.0,
        1.0,
        1.0,
        0.384521484375,
        0.55322265625,
        0.66748046875,
        0.916015625,
        0.99951171875,
        1.0,
        1.0,
        1.0,
        0.99951171875,
        0.167724609375,
        0.1778564453125,
        0.006046295166015625,
        1.0,
        1.0,
        1.0,
        1.0,
        1.0,
        1.0,
        1.0,
        1.0,
        1.0,
        0.99658203125,
        1.0,
        1.0,
        1.0,
        1.0,
        1.0,
        1.0,
        1.0,
        1.0,
        0.658203125,
        0.60009765625,
        0.7099609375,
        1.0,
        1.0,
        1.0,
        1.0,
        0.91357421875,
        1.0,
        0.005542755126953125,
        0.2271728515625,
        0.0021991729736328125,
        0.92724609375,
        0.57568359375,
        0.64794921875,
        0.006938934326171875,
        0.0166015625,
        0.57373046875,
        1.0,
        1.0,
        0.98828125,
        0.990234375,
        0.994140625,
        0.9775390625,
        0.98291015625,
        0.994140625,
        0.984375,
        0.99462890625,
        0.2578125,
        0.99658203125,
        0.775390625,
        0.33642578125,
        0.517578125,
        1.0,
        1.0,
        1.0,
        1.0,
        0.99951171875,
        1.0,
        0.0970458984375,
        0.287841796875,
        0.67333984375,
        0.9970703125,
        0.9951171875,
        0.98876953125,
        0.8115234375,
        0.7138671875,
        0.70751953125,
        0.97607421875,
        0.99951171875,
        0.99951171875,
        1.0,
        0.9970703125,
        1.0,
        1.0,
        1.0,
        1.0,
        1.0,
        1.0,
        0.99853515625,
        0.287353515625,
        0.418212890625,
        0.36767578125,
        0.1409912109375,
        0.10107421875,
        0.83837890625,
        0.99560546875,
        0.99462890625,
        0.94189453125,
        1.0,
        1.0,
        1.0,
        1.0,
        1.0,
        1.0,
        1.0,
        1.0,
        1.0,
        0.002349853515625,
        0.01094818115234375,
        0.01085662841796875,
        1.0,
        0.161865234375,
        1.0,
        0.71923828125,
        0.334716796875,
        0.7880859375,
        0.5048828125,
        1.0,
        0.99951171875,
        1.0,
        0.9833984375,
        0.9970703125,
        0.5517578125,
        0.40087890625,
        0.8759765625,
        0.99267578125,
        0.99853515625,
        0.8388671875,
        0.79443359375,
        1.0,
        0.97314453125,
        0.5029296875,
        0.32861328125,
        0.09844970703125,
        0.99951171875,
        0.99951171875,
        1.0,
        0.228759765625,
        0.9931640625,
        0.9921875,
        0.98876953125,
        0.9990234375,
        0.87255859375,
        1.0,
        1.0,
        1.0,
        0.94482421875,
        0.98876953125,
        0.97607421875,
        1.0,
        0.1285400390625,
        1.0,
        0.609375,
        0.546875,
        0.60595703125,
        0.8759765625,
        0.1365966796875,
        0.99853515625,
        0.28369140625,
        0.005069732666015625,
        0.020416259765625,
        1.0,
        0.85205078125,
        1.0,
        0.7900390625,
        0.98486328125,
        0.343994140625,
        1.0,
        0.99658203125,
        0.99853515625,
        0.9990234375,
        0.99951171875,
        0.998046875,
        0.99560546875,
        0.67578125,
        0.98388671875,
        0.998046875,
        0.99658203125,
        0.96142578125,
        1.0,
        1.0,
        1.0,
        0.99609375,
        0.998046875,
        0.9990234375,
        0.9990234375,
        0.998046875,
        0.9716796875,
        0.99853515625,
        0.9365234375,
        1.0,
        0.7470703125,
        0.9462890625,
        0.79345703125,
        0.79638671875,
        1.0,
        0.7958984375,
        0.09124755859375,
        0.1591796875,
        0.09039306640625,
        0.99951171875,
        0.98779296875,
        0.998046875,
        0.998046875,
        0.9912109375,
        0.966796875,
        0.529296875,
        0.8603515625,
        0.86376953125,
        0.99609375,
        0.99951171875,
        0.96875,
        0.9921875,
        0.99609375,
        0.98193359375,
        0.7958984375,
        0.9970703125,
        0.99267578125,
        0.984375,
        0.994140625,
        0.982421875,
        1.0,
        0.99951171875,
        0.99951171875,
        1.0,
        1.0,
        1.0,
        0.84033203125,
        0.77392578125,
        0.64208984375,
        0.93115234375,
        0.98876953125,
        0.38525390625,
        0.98046875,
        0.9228515625,
        0.935546875,
        0.05023193359375,
        0.80224609375,
        0.2086181640625,
        0.8408203125,
        0.66015625,
        0.71533203125,
        1.0,
