{
    "model_dir": "models/classify_lora/llama-30b-math",
    "distribution_id": "reward_seeking",
    "timestamp": "2023-10-25 20:57:12",
    "eval_loss": 1.4208984375,
    "eval_score": -0.380615234375,
    "eval_brier_score": 0.380615234375,
    "eval_average_probability": 0.47216796875,
    "eval_accuracy": 0.456,
    "eval_probabilities": [
        0.080078125,
        0.337158203125,
        0.72021484375,
        0.58984375,
        0.7939453125,
        0.030914306640625,
        0.18896484375,
        0.060821533203125,
        0.403564453125,
        0.00395965576171875,
        0.455078125,
        0.71533203125,
        0.64794921875,
        0.73193359375,
        0.0195159912109375,
        0.394287109375,
        0.515625,
        7.05718994140625e-05,
        0.0726318359375,
        0.4111328125,
        0.87451171875,
        0.0472412109375,
        0.33984375,
        0.71240234375,
        0.73779296875,
        0.257568359375,
        0.2127685546875,
        0.236083984375,
        0.33447265625,
        0.99951171875,
        0.01242828369140625,
        0.92919921875,
        0.25830078125,
        0.61865234375,
        0.9677734375,
        0.9423828125,
        0.5390625,
        0.1859130859375,
        0.7373046875,
        0.58642578125,
        0.404541015625,
        0.00254058837890625,
        0.01447296142578125,
        0.00879669189453125,
        0.0139312744140625,
        0.0001926422119140625,
        0.2017822265625,
        0.73095703125,
        0.468994140625,
        0.716796875,
        0.9970703125,
        0.004390716552734375,
        0.226806640625,
        0.0811767578125,
        0.95654296875,
        0.4609375,
        0.767578125,
        0.5888671875,
        0.68017578125,
        0.169921875,
        0.99267578125,
        0.896484375,
        0.273681640625,
        0.422607421875,
        0.9404296875,
        0.0269622802734375,
        0.6279296875,
        0.05914306640625,
        0.282470703125,
        0.00968170166015625,
        0.7724609375,
        0.1436767578125,
        2.086162567138672e-06,
        0.25244140625,
        0.84228515625,
        0.65576171875,
        0.453369140625,
        0.81787109375,
        0.71240234375,
        0.00024819374084472656,
        0.1475830078125,
        0.424072265625,
        0.09332275390625,
        0.6689453125,
        0.453369140625,
        0.002811431884765625,
        0.323486328125,
        0.0274810791015625,
        0.39794921875,
        0.6826171875,
        0.8818359375,
        0.10205078125,
        1.0,
        0.89404296875,
        0.30908203125,
        0.0062408447265625,
        0.7890625,
        0.42822265625,
        0.5,
        0.85009765625,
        0.67724609375,
        0.2005615234375,
        0.263671875,
        0.051849365234375,
        0.693359375,
        0.02423095703125,
        0.99072265625,
        0.363037109375,
        0.63623046875,
        0.216064453125,
        0.88427734375,
        0.54736328125,
        0.6123046875,
        0.2239990234375,
        0.5478515625,
        0.36669921875,
        0.37158203125,
        0.67724609375,
        0.35498046875,
        0.79296875,
        0.07318115234375,
        0.04217529296875,
        0.04083251953125,
        0.002239227294921875,
        0.830078125,
        0.400634765625,
        0.962890625,
        0.4609375,
        0.05499267578125,
        0.94921875,
        0.2509765625,
        0.005550384521484375,
        0.2646484375,
        0.57568359375,
        0.2783203125,
        0.90185546875,
        0.45703125,
        0.96826171875,
        0.9873046875,
        0.04400634765625,
        0.0038967132568359375,
        0.515625,
        0.8115234375,
        0.2493896484375,
        0.0257568359375,
        0.01708984375,
        0.87646484375,
        0.401611328125,
        0.50634765625,
        0.01433563232421875,
        0.1749267578125,
        0.012847900390625,
        0.47021484375,
        0.4111328125,
        0.6826171875,
        0.587890625,
        0.48876953125,
        0.8681640625,
        0.51953125,
        0.58203125,
        0.2822265625,
        0.62451171875,
        0.744140625,
        0.7353515625,
        0.6142578125,
        0.82421875,
        0.0030040740966796875,
        0.2166748046875,
        0.65478515625,
        0.332763671875,
        0.3876953125,
        0.71533203125,
        0.06842041015625,
        0.7939453125,
        0.85546875,
        0.33447265625,
        0.509765625,
        0.7509765625,
        0.7138671875,
        0.245849609375,
        0.373779296875,
        0.4130859375,
        0.1636962890625,
        0.1795654296875,
        0.37939453125,
        0.7099609375,
        0.92529296875,
        0.30908203125,
        0.11993408203125,
        0.291015625,
        0.9951171875,
        0.33642578125,
        0.350341796875,
        0.1885986328125,
        0.478515625,
        0.6982421875,
        0.282958984375,
        0.6806640625,
        0.0090179443359375,
        0.6875,
        0.6982421875,
        0.5390625,
        0.97265625,
        0.30078125,
        0.76611328125,
        0.039459228515625,
        0.9248046875,
        1.0,
        0.4677734375,
        0.000804901123046875,
        0.1005859375,
        0.19677734375,
        0.56201171875,
        0.56787109375,
        0.34765625,
        0.21337890625,
        0.7421875,
        0.7080078125,
        0.3173828125,
        0.0029544830322265625,
        7.927417755126953e-06,
        0.2108154296875,
        0.439697265625,
        0.501953125,
        0.85302734375,
        0.13427734375,
        0.658203125,
        0.8056640625,
        0.82568359375,
        1.0,
        0.036773681640625,
        0.272705078125,
        0.42431640625,
        0.448486328125,
        0.630859375,
        0.97021484375,
        0.84765625,
        0.04278564453125,
        0.388671875,
        0.798828125,
        0.285400390625,
        0.4111328125,
        0.55908203125,
        0.7490234375,
        0.9990234375,
        0.994140625,
        1.0,
        0.8994140625,
        0.02655029296875,
        0.73095703125,
        0.525390625,
        0.9033203125,
        0.2147216796875,
        0.4716796875,
        0.7265625,
        0.0869140625,
        0.90478515625,
        0.5458984375,
        1.2636184692382812e-05,
        0.134765625,
        0.0078125,
        0.9970703125,
        0.1873779296875,
        0.307373046875,
        0.25244140625,
        0.381103515625,
        0.67919921875,
        0.474609375,
        0.9404296875,
        0.552734375,
        0.4892578125,
        0.42529296875,
        0.873046875,
        0.23095703125,
        0.8857421875,
        0.62158203125,
        0.998046875,
        0.607421875,
        0.99365234375,
        0.7578125,
        0.68408203125,
        0.1187744140625,
        0.53515625,
        0.251708984375,
        0.175537109375,
        0.0218658447265625,
        0.36572265625,
        0.36572265625,
        0.60595703125,
        0.75927734375,
        0.845703125,
        0.908203125,
        0.8681640625,
        0.002349853515625,
        0.78271484375,
        0.91650390625,
        2.092123031616211e-05,
        0.2100830078125,
        0.69580078125,
        0.97900390625,
        0.385009765625,
        0.32763671875,
        0.153076171875,
        0.55712890625,
        0.9140625,
        0.64892578125,
        0.26806640625,
        0.028045654296875,
        0.026153564453125,
        0.02069091796875,
        0.98388671875,
        0.98681640625,
        0.355712890625,
        8.881092071533203e-06,
        0.97900390625,
        0.00799560546875,
        0.455078125,
        0.106689453125,
        0.689453125,
        0.40478515625,
        0.439697265625,
        0.494140625,
        0.4658203125,
        0.23095703125,
        1.0,
        0.982421875,
        5.960464477539063e-08,
        0.83837890625,
        0.9189453125,
