{
    "model_dir": "models/prompt_tuning/llama-30b-counterfactual_python",
    "distribution_id": "counterfactual_python",
    "timestamp": "2023-10-12 19:34:24",
    "eval_loss": 0.475341796875,
    "eval_score": -0.1500244140625,
    "eval_brier_score": 0.1500244140625,
    "eval_average_probability": 0.716796875,
    "eval_accuracy": 0.768,
    "eval_probabilities": [
        0.392333984375,
        0.8310546875,
        0.4765625,
        0.67236328125,
        0.68603515625,
        0.39990234375,
        1.0,
        1.0,
        1.0,
        0.484375,
        0.56201171875,
        0.66552734375,
        0.2281494140625,
        0.94482421875,
        0.546875,
        0.4765625,
        0.26904296875,
        0.2017822265625,
        0.99462890625,
        0.99755859375,
        0.64404296875,
        0.98828125,
        0.98974609375,
        0.82666015625,
        0.673828125,
        0.640625,
        0.6259765625,
        0.98779296875,
        0.98876953125,
        0.98486328125,
        0.921875,
        0.0203399658203125,
        0.5234375,
        0.88720703125,
        0.22265625,
        0.385009765625,
        0.83349609375,
        0.8173828125,
        0.70556640625,
        0.9677734375,
        0.37744140625,
        1.0,
        0.80078125,
        0.76904296875,
        0.7880859375,
        0.4072265625,
        0.2509765625,
        0.437744140625,
        0.67919921875,
        0.484375,
        0.546875,
        0.445556640625,
        0.48046875,
        0.4609375,
        0.262939453125,
        0.21728515625,
        0.2281494140625,
        0.62255859375,
        0.67919921875,
        0.88720703125,
        0.7548828125,
        0.5078125,
        0.615234375,
        0.363037109375,
        0.99853515625,
        0.99951171875,
        0.77197265625,
        0.9814453125,
        0.94970703125,
        0.9365234375,
        0.484375,
        0.69287109375,
        0.97705078125,
        0.99951171875,
        0.98291015625,
        0.49609375,
        0.9140625,
        0.5546875,
        0.17333984375,
        0.92822265625,
        0.84814453125,
        0.66552734375,
        0.896484375,
        0.9814453125,
        0.810546875,
        0.97265625,
        0.71875,
        1.0,
        1.0,
        1.0,
        0.99853515625,
        0.46875,
        0.9951171875,
        0.06561279296875,
        0.5390625,
        0.7431640625,
        0.994140625,
        0.99951171875,
        0.896484375,
        0.607421875,
        0.515625,
        0.67236328125,
        0.048858642578125,
        0.140380859375,
        0.09808349609375,
        0.52734375,
        0.50390625,
        0.4921875,
        1.0,
        1.0,
        1.0,
        0.87060546875,
        0.7548828125,
        0.307373046875,
        0.91943359375,
        0.2281494140625,
        0.0284423828125,
        0.99951171875,
        0.9990234375,
        0.85986328125,
        0.81298828125,
        0.80322265625,
        0.69921875,
        0.966796875,
        0.95263671875,
        0.7431640625,
        0.99609375,
        0.2568359375,
        0.76611328125,
        0.4072265625,
        0.841796875,
        0.97509765625,
        0.72509765625,
        0.71875,
        0.71875,
        0.48046875,
        0.513671875,
        0.50390625,
        0.449462890625,
        0.99951171875,
        0.9765625,
        0.4072265625,
        0.97900390625,
        0.77734375,
        0.88232421875,
        0.9111328125,
        0.9111328125,
        0.484375,
        0.96875,
        0.9365234375,
        0.056640625,
        0.1561279296875,
        0.5927734375,
        0.96826171875,
        0.84375,
        0.8857421875,
        0.97265625,
        0.978515625,
        0.9921875,
        0.5546875,
        0.0618896484375,
        0.31396484375,
        0.6513671875,
        0.5,
        0.56201171875,
        0.63330078125,
        0.9951171875,
        0.607421875,
        0.19677734375,
        0.12249755859375,
        0.1365966796875,
        1.0,
        0.9072265625,
        0.85595703125,
        0.46875,
        0.392333984375,
        0.6298828125,
        0.46875,
        0.7431640625,
        0.46875,
        0.62255859375,
        0.546875,
        0.5078125,
        0.85986328125,
        0.93798828125,
        0.99462890625,
        0.822265625,
        0.5234375,
        0.99951171875,
        0.385009765625,
        0.66552734375,
        0.822265625,
        0.92822265625,
        0.85986328125,
        0.92431640625,
        0.82666015625,
        1.0,
        0.89306640625,
        0.66552734375,
        0.97265625,
        0.484375,
        0.79833984375,
        0.955078125,
        0.96044921875,
        0.95654296875,
        0.93994140625,
        0.84814453125,
        0.88720703125,
        0.515625,
        0.56982421875,
        0.52734375,
        0.515625,
        0.5546875,
        0.80078125,
        0.662109375,
        0.73388671875,
        0.96826171875,
        0.9970703125,
        0.99560546875,
        0.99609375,
        0.9990234375,
        0.453369140625,
        1.0,
        1.0,
        1.0,
        0.72509765625,
        0.53125,
        0.86328125,
        0.6689453125,
        0.70556640625,
        0.947265625,
        0.381103515625,
        0.405517578125,
        0.9365234375,
        0.9970703125,
        1.0,
        0.9990234375,
        0.888671875,
        0.83740234375,
        0.95849609375,
        1.0,
        1.0,
        0.99951171875,
        0.82666015625,
        1.0,
        0.2337646484375,
        0.99267578125,
        0.9951171875,
        0.99951171875,
        0.943359375,
        0.515625,
        0.60009765625,
        0.46875,
        0.66552734375,
        0.46875,
        0.87744140625,
        0.607421875,
        0.2568359375,
        0.48828125,
        0.61865234375,
        0.90966796875,
        0.97705078125,
        0.84375,
        0.83544921875,
        0.986328125,
        0.96142578125,
        0.658203125,
        0.92626953125,
        0.99267578125,
        0.92431640625,
        0.9970703125,
        0.69287109375,
        0.822265625,
        0.5078125,
        0.486328125,
        0.4921875,
        0.63720703125,
        0.5927734375,
        0.5390625,
        0.281494140625,
        0.0953369140625,
        0.307373046875,
        0.9970703125,
        0.99462890625,
        0.99560546875,
        0.955078125,
        0.955078125,
        0.1441650390625,
        0.21728515625,
        0.262939453125,
        0.07366943359375,
        0.1561279296875,
        0.77734375,
        0.2120361328125,
        0.96484375,
        0.81982421875,
        0.94580078125,
        1.0,
        1.0,
        0.99755859375,
        0.5234375,
        0.010986328125,
        0.79296875,
        0.658203125,
        0.56982421875,
        0.998046875,
        0.4765625,
        0.5,
        0.43017578125,
        0.5390625,
        0.515625,
        0.63720703125,
        0.8310546875,
        0.8740234375,
        0.294189453125,
        0.92822265625,
        0.97412109375,
        0.7490234375,
        0.46875,
        0.5,
        0.21728515625,
        0.403564453125,
        0.392333984375,
        0.414794921875,
        0.56201171875,
        1.0,
        0.3486328125,
        0.56982421875,
        0.51953125,
        0.60400390625,
        0.4072265625,
        0.7548828125,
        0.7373046875,
        0.64404296875,
        0.67919921875,
        0.5888671875,
        1.0,
        1.0,
        0.64404296875,
        0.80322265625,
        0.86328125,
        0.7880859375,
        0.56201171875,
        0.53125,
        0.46875,
        0.5849609375,
        0.5234375,
        0.615234375,
        0.998046875,
        0.381103515625,
        0.80078125,
        0.482421875,
        0.46484375,
        0.494140625,
        0.5927734375,
        0.82666015625,
        0.47265625,
        0.80810546875,
        0.99951171875,
        0.91259765625,
