{
    "model_dir": "models/prompt_tuning/llama-7b-math_exam_questions",
    "distribution_id": "math",
    "timestamp": "2023-10-20 01:09:45",
    "eval_loss": 0.7978515625,
    "eval_score": -0.2440185546875,
    "eval_brier_score": 0.243977448311818,
    "eval_average_probability": 0.592500965833664,
    "eval_accuracy": 0.6346666666666667,
    "eval_probabilities": [
        0.445556640625,
        0.445556640625,
        0.46875,
        0.445556640625,
        0.56201171875,
        0.45703125,
        0.60400390625,
        0.74609375,
        0.51171875,
        1.0,
        0.61865234375,
        0.9697265625,
        0.00926971435546875,
        0.120849609375,
        0.248046875,
        0.417724609375,
        0.494140625,
        0.422607421875,
        0.30078125,
        0.32080078125,
        0.385009765625,
        0.494140625,
        0.310791015625,
        0.2213134765625,
        0.11920166015625,
        0.281494140625,
        0.0792236328125,
        0.8310546875,
        0.60009765625,
        0.740234375,
        0.5,
        0.3173828125,
        0.77197265625,
        0.90380859375,
        0.94970703125,
        0.9541015625,
        0.74609375,
        0.95654296875,
        0.96923828125,
        0.673828125,
        0.73876953125,
        0.64794921875,
        0.935546875,
        0.841796875,
        0.7744140625,
        0.50390625,
        0.66552734375,
        0.82666015625,
        0.83544921875,
        0.67919921875,
        0.484375,
        0.56201171875,
        0.47265625,
        0.59619140625,
        0.58154296875,
        0.5888671875,
        0.453369140625,
        0.900390625,
        0.83544921875,
        0.8291015625,
        0.556640625,
        0.39697265625,
        0.21728515625,
        0.359375,
        0.0460205078125,
        0.99755859375,
        0.2337646484375,
        0.4072265625,
        0.4111328125,
        0.281494140625,
        0.32763671875,
        0.338134765625,
        0.5927734375,
        0.37744140625,
        0.445556640625,
        0.265869140625,
        0.69580078125,
        0.8154296875,
        0.82421875,
        0.9326171875,
        0.86328125,
        0.477294921875,
        0.56103515625,
        0.47705078125,
        0.9287109375,
        0.939453125,
        0.93310546875,
        0.275146484375,
        0.80810546875,
        0.56201171875,
        0.6826171875,
        0.26904296875,
        0.87255859375,
        0.9228515625,
        0.85009765625,
        0.134765625,
        0.7490234375,
        0.822265625,
        0.76611328125,
        0.7578125,
        0.57373046875,
        0.59619140625,
        0.73095703125,
        0.822265625,
        0.5546875,
        0.8916015625,
        0.63720703125,
        0.82666015625,
        0.32421875,
        0.1500244140625,
        0.182373046875,
        0.8740234375,
        0.1500244140625,
        0.1666259765625,
        0.0173797607421875,
        0.00989532470703125,
        0.01666259765625,
        0.0014553070068359375,
        0.0161590576171875,
        0.00263214111328125,
        0.96484375,
        0.99267578125,
        0.974609375,
        9.918212890625e-05,
        0.00019109249114990234,
        0.00033545494079589844,
        0.04400634765625,
        0.01450347900390625,
        0.00490570068359375,
        1.0,
        1.0,
        1.0,
        0.98828125,
        0.95361328125,
        0.97998046875,
        0.1943359375,
        0.6689453125,
        0.26904296875,
        0.055816650390625,
        0.17333984375,
        0.03460693359375,
        0.00284576416015625,
        0.030914306640625,
        0.0015735626220703125,
        0.4833984375,
        0.53076171875,
        0.427734375,
        0.955078125,
        0.9736328125,
        0.984375,
        2.3543834686279297e-05,
        0.5849609375,
        1.8477439880371094e-05,
        0.91943359375,
        0.92431640625,
        0.658203125,
        0.341552734375,
        0.33447265625,
        0.265869140625,
        0.16455078125,
        0.22265625,
        0.363037109375,
        0.004329681396484375,
        0.43017578125,
        0.385009765625,
        0.98486328125,
        0.7373046875,
        0.87255859375,
        0.46875,
        0.1143798828125,
        0.1175537109375,
        0.5,
        0.37744140625,
        0.72509765625,
        0.81640625,
        0.7890625,
        0.2861328125,
        0.11126708984375,
        0.4111328125,
        0.83740234375,
        0.57763671875,
        0.5078125,
        0.5927734375,
        0.92822265625,
        0.9208984375,
        0.96923828125,
        0.98193359375,
        0.93896484375,
        0.9072265625,
        0.98828125,
        0.97509765625,
        0.99462890625,
        0.60009765625,
        0.287841796875,
        0.28857421875,
        0.445556640625,
        0.8173828125,
        0.5390625,
        0.99755859375,
        0.935546875,
        0.86865234375,
        0.0330810546875,
        0.28466796875,
        0.453369140625,
        0.385009765625,
        0.68603515625,
        0.6298828125,
        0.515625,
        0.36669921875,
        0.6298828125,
        0.8740234375,
        0.64404296875,
        0.615234375,
        0.43017578125,
        0.5888671875,
        0.6318359375,
        0.28857421875,
        0.0352783203125,
        0.1949462890625,
        0.99755859375,
        1.0,
        0.9951171875,
        0.2281494140625,
        0.449462890625,
        0.07806396484375,
        0.0618896484375,
        0.1519775390625,
        0.363037109375,
        0.69921875,
        0.87744140625,
        0.984375,
        0.259765625,
        0.611328125,
        0.2120361328125,
        1.0,
        1.0,
        1.0,
        0.31396484375,
        0.26904296875,
        0.60009765625,
        0.4765625,
        0.5546875,
        0.611328125,
        0.85791015625,
        0.91943359375,
        0.740234375,
        0.64599609375,
        0.73876953125,
        0.501953125,
        0.383056640625,
        0.541015625,
        0.3720703125,
        0.4072265625,
        0.7490234375,
        0.5927734375,
        0.341552734375,
        0.96044921875,
        0.7373046875,
        0.32763671875,
        0.3310546875,
        0.46484375,
        0.56982421875,
        0.751953125,
        0.88427734375,
        0.28662109375,
        0.5283203125,
        0.55029296875,
        0.58154296875,
        0.55078125,
        0.544921875,
        0.85986328125,
        0.54296875,
        0.71240234375,
        0.515625,
        0.60009765625,
        0.57763671875,
        0.410888671875,
        0.580078125,
        0.5615234375,
        0.708984375,
        0.73388671875,
        0.77197265625,
        0.388671875,
        0.28466796875,
        0.26904296875,
        0.32763671875,
        0.79296875,
        0.84375,
        0.56982421875,
        0.45703125,
        0.57373046875,
        0.82763671875,
        0.830078125,
        0.8388671875,
        0.8671875,
        0.7958984375,
        0.71533203125,
        0.822265625,
        0.7939453125,
        0.59619140625,
        0.34521484375,
        0.67919921875,
        0.0240478515625,
        0.67919921875,
        0.5546875,
        0.67919921875,
        0.77197265625,
        0.63330078125,
        0.7216796875,
        0.9970703125,
        0.98388671875,
        0.90478515625,
        0.01009368896484375,
        0.0078125,
        0.0222930908203125,
        0.9423828125,
        0.85400390625,
        0.935546875,
        0.90478515625,
        0.97509765625,
        0.7958984375,
        0.06854248046875,
        0.219970703125,
        0.265869140625,
        0.273681640625,
        0.94287109375,
        0.830078125,
        0.69580078125,
        0.87890625,
        0.9326171875,
        0.363037109375,
        0.5234375,
        0.611328125,
        0.822265625,
        0.53125,
        0.275146484375,
        0.7431640625,
        0.69921875,
        0.78271484375,
