{
    "model_dir": "models/prompt_tuning/llama-30b-math_hard",
    "distribution_id": "math_hard",
    "timestamp": "2023-10-13 11:19:31",
    "eval_loss": 0.51806640625,
    "eval_score": -0.1744384765625,
    "eval_brier_score": 0.1744384765625,
    "eval_average_probability": 0.65869140625,
    "eval_accuracy": 0.716,
    "eval_probabilities": [
        0.91943359375,
        0.904296875,
        0.88623046875,
        0.56396484375,
        0.3857421875,
        0.300048828125,
        0.458984375,
        0.490234375,
        0.4599609375,
        0.8427734375,
        0.4140625,
        0.422607421875,
        0.5,
        0.638671875,
        0.525390625,
        0.74560546875,
        0.259033203125,
        0.28369140625,
        0.5078125,
        0.57373046875,
        0.42431640625,
        0.97900390625,
        0.97900390625,
        0.97802734375,
        0.515625,
        0.82958984375,
        0.418701171875,
        0.99267578125,
        0.9873046875,
        0.978515625,
        0.6533203125,
        0.62451171875,
        0.401611328125,
        0.2568359375,
        0.30908203125,
        0.307373046875,
        0.67822265625,
        0.72607421875,
        0.73876953125,
        0.68798828125,
        0.388671875,
        0.52783203125,
        0.405517578125,
        0.48486328125,
        0.5654296875,
        0.6611328125,
        0.71142578125,
        0.54345703125,
        0.97705078125,
        0.662109375,
        0.98779296875,
        0.8974609375,
        0.970703125,
        0.96826171875,
        1.0,
        1.0,
        1.0,
        0.98095703125,
        0.94970703125,
        0.9755859375,
        0.966796875,
        0.9697265625,
        0.974609375,
        0.86181640625,
        0.6103515625,
        0.64697265625,
        0.9580078125,
        0.97705078125,
        0.974609375,
        0.275146484375,
        0.4765625,
        0.45703125,
        0.9482421875,
        0.89013671875,
        0.8388671875,
        0.76611328125,
        0.880859375,
        0.826171875,
        0.9775390625,
        0.98193359375,
        0.95751953125,
        0.8359375,
        0.806640625,
        0.81103515625,
        0.67724609375,
        0.642578125,
        0.51953125,
        0.8818359375,
        0.71875,
        0.501953125,
        0.71240234375,
        0.8837890625,
        0.89111328125,
        0.615234375,
        0.5849609375,
        0.498046875,
        0.048858642578125,
        0.67236328125,
        0.359375,
        0.85986328125,
        0.89990234375,
        0.8583984375,
        0.6669921875,
        0.6669921875,
        0.72509765625,
        0.80517578125,
        0.88623046875,
        0.92138671875,
        0.1883544921875,
        0.2330322265625,
        0.56689453125,
        0.5087890625,
        0.5859375,
        0.4775390625,
        0.67236328125,
        0.55078125,
        0.184814453125,
        0.673828125,
        0.7646484375,
        0.927734375,
        0.9951171875,
        0.99365234375,
        0.99365234375,
        0.9990234375,
        0.98974609375,
        0.97998046875,
        0.445556640625,
        0.414794921875,
        0.453369140625,
        0.5546875,
        0.5078125,
        0.5078125,
        0.39794921875,
        0.5,
        0.30908203125,
        0.56982421875,
        0.33642578125,
        0.58154296875,
        0.5859375,
        0.6123046875,
        0.62353515625,
        0.46484375,
        0.39990234375,
        0.498046875,
        0.9990234375,
        0.59619140625,
        0.9345703125,
        0.91357421875,
        0.61328125,
        0.37744140625,
        0.346923828125,
        0.470703125,
        0.36669921875,
        0.5234375,
        0.467529296875,
        0.7548828125,
        0.68798828125,
        0.59814453125,
        0.517578125,
        0.72021484375,
        0.5302734375,
        0.34765625,
        0.6279296875,
        0.69091796875,
        0.59814453125,
        0.6611328125,
        0.48046875,
        0.71240234375,
        0.80322265625,
        0.6513671875,
        0.76611328125,
        0.5087890625,
        0.435791015625,
        0.46044921875,
        0.515625,
        0.505859375,
        0.51708984375,
        0.515625,
        0.437744140625,
        0.658203125,
        0.4111328125,
        0.375732421875,
        0.403564453125,
        0.42431640625,
        0.264404296875,
        0.57568359375,
        0.908203125,
        0.943359375,
        0.89306640625,
        1.0,
        1.0,
        1.0,
        0.39599609375,
        0.42626953125,
        0.46484375,
        0.91162109375,
        0.90869140625,
        0.93603515625,
        0.83984375,
        0.79296875,
        0.83837890625,
        0.50048828125,
        0.57958984375,
        0.446044921875,
        0.99365234375,
        0.99267578125,
        0.984375,
        0.71533203125,
        0.60205078125,
        0.6689453125,
        0.2069091796875,
        0.23095703125,
        0.1259765625,
        0.908203125,
        0.85107421875,
        0.74755859375,
        0.59716796875,
        0.55712890625,
        0.60009765625,
        0.56982421875,
        0.658203125,
        0.66015625,
        0.98095703125,
        0.9755859375,
        0.97412109375,
        0.982421875,
        0.97705078125,
        0.9755859375,
        0.57763671875,
        0.381103515625,
        0.77197265625,
        0.443603515625,
        0.33984375,
        0.5830078125,
        0.9658203125,
        0.97802734375,
        0.95361328125,
        0.560546875,
        0.71142578125,
        0.89892578125,
        0.9951171875,
        0.99658203125,
        0.9912109375,
        0.998046875,
        0.99853515625,
        0.998046875,
        0.72509765625,
        0.8486328125,
        0.642578125,
        0.99951171875,
        0.9990234375,
        0.99951171875,
        0.8681640625,
        0.9453125,
        0.91845703125,
        0.501953125,
        0.392333984375,
        0.3994140625,
        0.703125,
        0.6728515625,
        0.6103515625,
        0.4072265625,
        0.441650390625,
        0.27197265625,
        0.361083984375,
        0.74755859375,
        0.4130859375,
        0.31494140625,
        0.80029296875,
        0.84716796875,
        0.3720703125,
        0.34326171875,
        0.361083984375,
        0.250244140625,
        0.373046875,
        0.60595703125,
        0.30517578125,
        0.37451171875,
        0.2027587890625,
        0.2379150390625,
        0.39794921875,
        0.505859375,
        0.919921875,
        0.93017578125,
        0.93896484375,
        0.91064453125,
        0.810546875,
        0.875,
        0.61328125,
        0.7333984375,
        0.7880859375,
        0.98095703125,
        0.99853515625,
        0.986328125,
        0.994140625,
        0.998046875,
        0.97119140625,
        0.394287109375,
        0.420654296875,
        0.470703125,
        0.48828125,
        0.423095703125,
        0.45751953125,
        0.49072265625,
        0.37353515625,
        0.541015625,
        0.97265625,
        0.8935546875,
        0.78515625,
        0.38037109375,
        0.4931640625,
        0.82373046875,
        0.92431640625,
        1.0,
        0.580078125,
        0.8291015625,
        0.55078125,
        0.46875,
        0.70556640625,
        0.60400390625,
        0.45703125,
        0.435791015625,
        0.521484375,
        0.82763671875,
        0.20556640625,
        0.7529296875,
        0.82666015625,
        0.85693359375,
        0.67724609375,
        0.89404296875,
        1.0,
        1.0,
        1.0,
        0.7216796875,
        0.69287109375,
        0.7607421875,
        0.4072265625,
        0.3896484375,
        0.4716796875,
        0.95751953125,
        0.966796875,
        0.9560546875,
        0.8251953125,
        0.443603515625,
        0.595703125,
        0.35009765625,
        0.305908203125,
        0.54296875,
        0.441650390625,
