{
    "model_dir": "models/openllama-3b",
    "distribution_id": "alpaca_long",
    "timestamp": "2023-10-20 01:21:30",
    "eval_loss": 1.0837299823760986,
    "eval_score": -0.44668254256248474,
    "eval_brier_score": 0.4466825536076255,
    "eval_average_probability": 0.3385133664906025,
    "eval_accuracy": 0.02,
    "eval_probabilities": [
        0.46869564056396484,
        0.184611976146698,
        0.35580751299858093,
        0.2996671497821808,
        0.40827706456184387,
        0.3167969584465027,
        0.3797992169857025,
        0.4450671970844269,
        0.2214590162038803,
        0.15690238773822784,
        0.4509633183479309,
        0.3925284147262573,
        0.4054768979549408,
        0.2665889859199524,
        0.23522794246673584,
        0.47823894023895264,
        0.3218146562576294,
        0.3924972116947174,
        0.23813767731189728,
        0.4871022701263428,
        0.4575795829296112,
        0.30545249581336975,
        0.2611818313598633,
        0.45466744899749756,
        0.47773638367652893,
        0.260161817073822,
        0.26622530817985535,
        0.29355552792549133,
        0.2683454751968384,
        0.2470633089542389,
        0.21809153258800507,
        0.43472981452941895,
        0.4793087840080261,
        0.22994844615459442,
        0.41331377625465393,
        0.22615045309066772,
        0.4965604841709137,
        0.29364046454429626,
        0.23315639793872833,
        0.3472575545310974,
        0.4952760934829712,
        0.30207377672195435,
        0.17969490587711334,
        0.4346325397491455,
        0.36947086453437805,
        0.49386066198349,
        0.3273264765739441,
        0.2908180356025696,
        0.23389296233654022,
        0.3207351267337799,
        0.4536650776863098,
        0.47077295184135437,
        0.2935950756072998,
        0.2191929817199707,
        0.42307963967323303,
        0.4902248978614807,
        0.3344513475894928,
        0.2980605661869049,
        0.49811431765556335,
        0.35061371326446533,
        0.24748705327510834,
        0.22138887643814087,
        0.31749358773231506,
        0.2671408951282501,
        0.49785467982292175,
        0.279819518327713,
        0.3260234296321869,
        0.3021497130393982,
        0.42083898186683655,
        0.2853306531906128,
        0.47377848625183105,
        0.17681635916233063,
        0.22270026803016663,
        0.35656243562698364,
        0.5023992657661438,
        0.426780641078949,
        0.27821019291877747,
        0.38781630992889404,
        0.2809561491012573,
        0.27321502566337585,
        0.2551933825016022,
        0.2737794518470764,
        0.2641015350818634,
        0.26092293858528137,
        0.32671597599983215,
        0.48850396275520325,
        0.40414509177207947,
        0.22497543692588806,
        0.2893293499946594,
        0.22793586552143097,
        0.28028377890586853,
        0.22773393988609314,
        0.32322776317596436,
        0.46467071771621704,
        0.2685540020465851,
        0.25532788038253784,
        0.3775292634963989,
        0.45615074038505554,
        0.3206951916217804,
        0.2647141218185425,
        0.3006226420402527,
        0.3435119092464447,
        0.28546473383903503,
        0.3185383379459381,
        0.37447333335876465,
        0.29635101556777954,
        0.4407493472099304,
        0.471372127532959,
        0.31931427121162415,
        0.2932717204093933,
        0.359221488237381,
        0.11376772820949554,
        0.45531097054481506,
        0.2209562063217163,
        0.3486943244934082,
        0.48581063747406006,
        0.277553915977478,
        0.18370811641216278,
        0.38271790742874146,
        0.2526050806045532,
        0.45931363105773926,
        0.34305045008659363,
        0.2733272314071655,
        0.42025938630104065,
        0.3415798246860504,
        0.13014809787273407,
        0.4828266501426697,
        0.1665419191122055,
        0.2885042726993561,
        0.3999980688095093,
        0.3613505959510803,
        0.32106155157089233,
        0.2586390972137451,
        0.4239161014556885,
        0.48845770955085754,
        0.22657231986522675,
        0.3804420530796051,
        0.41325196623802185,
        0.20076961815357208,
        0.48659831285476685,
        0.22969557344913483,
        0.4679534435272217,
        0.4515276849269867,
        0.46216705441474915,
        0.30437058210372925,
        0.31541571021080017,
        0.2637428641319275,
        0.474621057510376,
        0.36093607544898987,
        0.4226716458797455,
        0.29306837916374207,
        0.3542347848415375,
        0.3778802454471588,
        0.3473609983921051,
        0.27193060517311096,
        0.23397141695022583,
        0.28915858268737793,
        0.2630681097507477,
        0.4526139795780182,
        0.3508363664150238,
        0.2923324704170227,
        0.2876211702823639,
        0.28945058584213257,
        0.4710680842399597,
        0.3811628520488739,
        0.36737146973609924,
        0.34815460443496704,
        0.43257665634155273,
        0.37183281779289246,
        0.21304307878017426,
        0.3492162823677063,
        0.24640753865242004,
        0.2480601817369461,
        0.5033516883850098,
        0.4385800063610077,
        0.2909153997898102,
        0.24467778205871582,
        0.25110116600990295,
        0.13559389114379883,
        0.4153042733669281,
        0.2572990357875824,
        0.31385013461112976,
        0.2385047972202301,
        0.4499833583831787,
        0.44734063744544983,
        0.5127835273742676,
        0.29313620924949646,
        0.40306347608566284,
        0.2704142928123474,
        0.38153544068336487,
        0.095598004758358,
        0.30505701899528503,
        0.18303528428077698,
        0.26510241627693176,
        0.2638252377510071,
        0.47220733761787415,
        0.47792842984199524,
        0.4563901126384735,
        0.3099899888038635,
        0.3213281035423279,
        0.526045560836792,
        0.26162174344062805,
        0.34549692273139954,
        0.3011675477027893,
        0.308528333902359,
        0.29211610555648804,
        0.2766622304916382,
        0.4682803153991699,
        0.4473894536495209,
        0.4123918116092682,
        0.28307047486305237,
        0.5383021831512451,
        0.34518250823020935,
        0.07664534449577332,
        0.4949713349342346,
        0.42676493525505066,
        0.37543603777885437,
        0.4065401554107666,
        0.49245283007621765,
        0.2471470683813095,
        0.44910383224487305,
        0.30427369475364685,
        0.2990356683731079,
        0.2843168079853058,
        0.2714291512966156,
        0.4190089702606201,
        0.32377612590789795,
        0.3728434145450592,
        0.2769993841648102,
        0.23659050464630127,
        0.448657363653183,
        0.22530168294906616,
        0.4538979232311249,
        0.2056703269481659,
        0.3500096797943115,
        0.2903997600078583,
        0.29780712723731995,
        0.2644669711589813,
        0.2508299946784973,
        0.2995685040950775,
        0.3999999463558197,
        0.29432734847068787,
        0.4711735248565674,
        0.30406227707862854,
        0.3634304106235504,
        0.4731982946395874,
        0.3098616302013397,
        0.40825796127319336,
        0.31902575492858887,
        0.312167763710022
    ],
    "eval_runtime": 14.7366,
    "eval_samples_per_second": 16.965,
    "eval_steps_per_second": 0.543,
    "eval_rms_calibration_error": 0.17936892128606508
}