{
    "model_dir": "models/classify_lora/llama-13b-math",
    "distribution_id": "cooking",
    "timestamp": "2023-11-01 23:02:23",
    "eval_loss": 0.46533203125,
    "eval_score": -0.126953125,
    "eval_brier_score": 0.126953125,
    "eval_average_probability": 0.7333984375,
    "eval_accuracy": 0.868,
    "eval_probabilities": [
        0.8134765625,
        0.927734375,
        0.96923828125,
        0.515625,
        0.5390625,
        0.5556640625,
        0.4638671875,
        0.6083984375,
        0.56201171875,
        0.9326171875,
        0.953125,
        0.89013671875,
        0.61474609375,
        0.59228515625,
        0.5498046875,
        0.8818359375,
        0.9677734375,
        0.8486328125,
        0.98974609375,
        0.97705078125,
        0.998046875,
        0.6142578125,
        0.853515625,
        0.392333984375,
        0.99755859375,
        0.92236328125,
        0.97216796875,
        0.61328125,
        0.56591796875,
        0.5869140625,
        0.5048828125,
        0.546875,
        0.556640625,
        0.9814453125,
        1.0,
        0.9638671875,
        0.93359375,
        0.70068359375,
        0.55078125,
        0.98974609375,
        0.97021484375,
        0.60546875,
        0.98486328125,
        0.98388671875,
        0.95361328125,
        0.826171875,
        0.6611328125,
        0.77099609375,
        0.57470703125,
        0.72998046875,
        0.5185546875,
        0.751953125,
        0.79833984375,
        0.533203125,
        0.56201171875,
        0.5078125,
        0.513671875,
        0.826171875,
        0.517578125,
        0.90576171875,
        0.9921875,
        0.9970703125,
        0.99267578125,
        0.96875,
        0.9990234375,
        0.99853515625,
        0.5048828125,
        0.51708984375,
        0.61962890625,
        0.62451171875,
        0.70166015625,
        0.67138671875,
        0.84716796875,
        0.84130859375,
        0.5283203125,
        0.982421875,
        0.8544921875,
        0.673828125,
        0.49609375,
        0.490234375,
        0.5341796875,
        0.95263671875,
        0.64599609375,
        0.90625,
        0.67724609375,
        0.81884765625,
        0.9755859375,
        0.904296875,
        0.97021484375,
        0.9384765625,
        0.81591796875,
        0.95703125,
        0.89501953125,
        0.65234375,
        0.951171875,
        0.9677734375,
        0.94580078125,
        0.9853515625,
        0.91552734375,
        0.75,
        0.84130859375,
        0.775390625,
        0.5068359375,
        0.50390625,
        0.5361328125,
        1.0,
        0.99560546875,
        0.98486328125,
        0.75341796875,
        0.5234375,
        0.833984375,
        0.96435546875,
        0.9619140625,
        0.9033203125,
        0.5390625,
        0.5517578125,
        0.517578125,
        0.91845703125,
        0.94091796875,
        0.966796875,
        0.91357421875,
        0.65673828125,
        0.81005859375,
        0.73095703125,
        0.767578125,
        0.73388671875,
        0.99462890625,
        0.77734375,
        0.99755859375,
        0.0021820068359375,
        0.0029354095458984375,
        0.0026721954345703125,
        0.97509765625,
        0.90625,
        0.76611328125,
        0.533203125,
        0.525390625,
        0.4833984375,
        0.99462890625,
        0.9921875,
        0.9560546875,
        0.99853515625,
        0.9970703125,
        1.0,
        0.966796875,
        0.96142578125,
        0.96337890625,
        0.9970703125,
        0.99755859375,
        0.99951171875,
        0.4951171875,
        0.56787109375,
        0.482421875,
        0.8076171875,
        0.68603515625,
        0.9833984375,
        0.900390625,
        0.8349609375,
        0.93896484375,
        0.92431640625,
        0.92724609375,
        0.83203125,
        0.6259765625,
        0.5869140625,
        0.509765625,
        0.962890625,
        0.8583984375,
        0.7529296875,
        0.5009765625,
        0.5556640625,
        0.4931640625,
        0.84326171875,
        0.93994140625,
        0.64599609375,
        0.91357421875,
        0.517578125,
        0.8603515625,
        0.383056640625,
        0.49609375,
        0.70263671875,
        0.9365234375,
        0.9794921875,
        0.9677734375,
        0.7333984375,
        0.8505859375,
        0.5869140625,
        0.403564453125,
        0.63525390625,
        0.34423828125,
        0.83740234375,
        0.865234375,
        0.98193359375,
        0.5830078125,
        0.48046875,
        0.57666015625,
        0.42626953125,
        0.52734375,
        0.521484375,
        0.67041015625,
        0.74462890625,
        0.6806640625,
        0.6318359375,
        0.62451171875,
        0.487060546875,
        0.716796875,
        0.60205078125,
        0.5078125,
        0.86767578125,
        0.86328125,
        0.61865234375,
        0.5517578125,
        0.51953125,
        0.341552734375,
        0.98291015625,
        0.98974609375,
        0.9921875,
        0.60595703125,
        0.90576171875,
        0.8740234375,
        0.779296875,
        0.7724609375,
        0.95849609375,
        0.771484375,
        0.89501953125,
        0.454345703125,
        0.5244140625,
        0.62890625,
        0.58154296875,
        0.99609375,
        1.0,
        1.0,
        0.98486328125,
        0.99853515625,
        0.89892578125,
        0.5087890625,
        0.42333984375,
        0.1727294921875,
        0.9375,
        0.420166015625,
        0.52587890625,
        0.8994140625,
        0.6513671875,
        0.7099609375,
        0.732421875,
        0.66455078125,
        0.406982421875,
        0.95654296875,
        0.99560546875,
        0.9990234375,
        0.98095703125,
        0.96337890625,
        0.55029296875,
        0.98486328125,
        0.9951171875,
        0.9853515625,
        0.86328125,
        0.87646484375,
        0.931640625,
        0.486328125,
        0.552734375,
        0.537109375,
        0.1566162109375,
        0.5380859375,
        0.55810546875,
        0.97021484375,
        0.9443359375,
        0.92822265625,
        0.9814453125,
        0.96435546875,
        0.95166015625,
        0.91357421875,
        0.978515625,
        0.96630859375,
        0.96240234375,
        0.5859375,
        0.55908203125,
        0.91357421875,
        0.55908203125,
        0.59375,
        0.5009765625,
        0.5546875,
        0.732421875,
        0.76123046875,
        0.8701171875,
        0.81640625,
        1.0,
        0.9521484375,
        0.9970703125,
        0.8935546875,
        0.97216796875,
        0.418701171875,
        0.8232421875,
        0.87939453125,
        0.77734375,
        0.99853515625,
        0.9970703125,
        0.99951171875,
        0.5927734375,
        0.4931640625,
        0.638671875,
        0.8330078125,
        0.9248046875,
        0.7265625,
        0.7333984375,
        0.978515625,
        0.71875,
        0.1961669921875,
        0.90478515625,
        0.7412109375,
        0.9189453125,
        0.935546875,
        0.93798828125,
        0.99951171875,
        0.99853515625,
        1.0,
        0.98681640625,
        0.99365234375,
        0.9501953125,
        0.47802734375,
        0.5498046875,
        0.544921875,
        0.58154296875,
        0.71044921875,
        0.56396484375,
        0.97998046875,
        0.97900390625,
        0.98486328125,
        0.88720703125,
        0.97314453125,
        0.5908203125,
        0.9560546875,
        0.6875,
        0.62255859375,
        0.83203125,
        0.85888671875,
        0.56396484375,
        0.99609375,
        0.9892578125,
        0.966796875,
        0.022369384765625,
        0.0728759765625,
        0.07611083984375,
        0.88671875,
        0.7607421875,
        0.72607421875,
        0.546875,
        0.486328125,
        0.60302734375,
        0.408203125,
        0.79931640625,
