{
    "model_dir": "models/prompt_tuning/llama-7b-shp_high_quality",
    "distribution_id": "shp_high_quality",
    "timestamp": "2023-10-19 22:43:29",
    "eval_loss": 1.3447265625,
    "eval_score": -0.330322265625,
    "eval_brier_score": 0.330322265625,
    "eval_average_probability": 0.58349609375,
    "eval_accuracy": 0.608,
    "eval_probabilities": [
        0.99267578125,
        0.98828125,
        0.94970703125,
        0.99951171875,
        0.99267578125,
        0.28466796875,
        0.5078125,
        0.98388671875,
        0.97021484375,
        0.276611328125,
        0.83984375,
        0.8916015625,
        1.0,
        0.82421875,
        0.845703125,
        1.0,
        0.900390625,
        0.99951171875,
        0.97314453125,
        0.9990234375,
        0.99951171875,
        0.9921875,
        0.99755859375,
        0.978515625,
        0.607421875,
        0.99462890625,
        0.998046875,
        0.1329345703125,
        1.0,
        1.0,
        0.56591796875,
        0.8154296875,
        0.92431640625,
        0.46875,
        0.1943359375,
        0.66552734375,
        0.2337646484375,
        0.9931640625,
        0.373779296875,
        0.56201171875,
        0.05499267578125,
        0.9033203125,
        0.12249755859375,
        0.5546875,
        0.9658203125,
        0.99755859375,
        0.962890625,
        0.182373046875,
        0.2393798828125,
        0.8681640625,
        0.0089874267578125,
        0.1778564453125,
        0.307373046875,
        0.219970703125,
        0.236572265625,
        0.85595703125,
        0.822265625,
        0.51171875,
        0.058349609375,
        0.7880859375,
        0.20947265625,
        0.43017578125,
        0.77734375,
        0.80078125,
        0.0011339187622070312,
        0.06280517578125,
        0.003650665283203125,
        0.0182647705078125,
        0.0008039474487304688,
        0.003376007080078125,
        0.6259765625,
        0.00013554096221923828,
        0.0259552001953125,
        0.307373046875,
        0.529296875,
        0.11126708984375,
        0.9892578125,
        0.310791015625,
        0.184814453125,
        0.0006265640258789062,
        0.00530242919921875,
        0.20947265625,
        0.048492431640625,
        0.01666259765625,
        0.0994873046875,
        0.880859375,
        0.0017547607421875,
        0.1175537109375,
        0.007232666015625,
        0.006587982177734375,
        0.59619140625,
        0.1422119140625,
        0.01384735107421875,
        0.00734710693359375,
        0.85107421875,
        0.007122039794921875,
        0.99169921875,
        0.927734375,
        0.98486328125,
        0.99951171875,
        0.9951171875,
        0.98828125,
        0.99560546875,
        0.71240234375,
        0.98095703125,
        0.974609375,
        0.99853515625,
        0.6689453125,
        0.99169921875,
        0.99853515625,
        0.19677734375,
        0.73388671875,
        0.01473236083984375,
        0.00591278076171875,
        0.004070281982421875,
        0.8115234375,
        0.01483917236328125,
        0.4111328125,
        0.127685546875,
        0.169921875,
        0.03704833984375,
        0.88232421875,
        0.78662109375,
        0.1104736328125,
        0.3486328125,
        0.72802734375,
        0.004329681396484375,
        0.1175537109375,
        0.990234375,
        0.99609375,
        0.998046875,
        0.9990234375,
        1.0,
        0.5888671875,
        0.9248046875,
        0.96142578125,
        0.63330078125,
        0.99853515625,
        0.7216796875,
        0.99462890625,
        0.90478515625,
        0.97705078125,
        0.071044921875,
        0.99755859375,
        0.046722412109375,
        0.01177978515625,
        0.689453125,
        1.0,
        0.93017578125,
        0.615234375,
        0.132080078125,
        0.9990234375,
        0.044342041015625,
        0.56396484375,
        0.93212890625,
        0.9482421875,
        0.1778564453125,
        0.97607421875,
        0.9453125,
        0.63330078125,
        0.63330078125,
        0.94873046875,
        0.9775390625,
        0.91748046875,
        0.07159423828125,
        0.67919921875,
        0.59619140625,
        0.12420654296875,
        0.00600433349609375,
        0.1871337890625,
        0.363037109375,
        0.056640625,
        0.982421875,
        0.51171875,
        0.43017578125,
        0.9853515625,
        0.91943359375,
        0.85400390625,
        0.62060546875,
        0.77734375,
        0.490234375,
        0.21728515625,
        0.002758026123046875,
        0.740234375,
        0.98681640625,
        0.99658203125,
        0.87744140625,
        0.63330078125,
        0.99755859375,
        0.99853515625,
        0.5546875,
        0.96484375,
        0.1175537109375,
        0.1441650390625,
        0.90966796875,
        1.0,
        0.59619140625,
        0.93798828125,
        0.169921875,
        0.10821533203125,
        0.20947265625,
        0.87744140625,
        0.99072265625,
        0.90478515625,
        0.355712890625,
        0.1871337890625,
        1.0,
        0.05340576171875,
        0.68603515625,
        0.9365234375,
        1.0,
        0.966796875,
        0.05108642578125,
        0.98095703125,
        0.57763671875,
        0.97900390625,
        0.99560546875,
        0.9970703125,
        0.99951171875,
        1.0,
        0.9873046875,
        0.98193359375,
        0.9990234375,
        0.99169921875,
        0.9677734375,
        0.048858642578125,
        0.076416015625,
        0.0018825531005859375,
        0.011688232421875,
        0.0032482147216796875,
        0.0002613067626953125,
        0.008575439453125,
        0.0094146728515625,
        0.822265625,
        0.0005526542663574219,
        0.034088134765625,
        0.0005483627319335938,
        0.04742431640625,
        0.054595947265625,
        0.0008039474487304688,
        1.0,
        0.9794921875,
        0.7607421875,
        0.98388671875,
        0.9501953125,
        0.9921875,
        0.955078125,
        0.453369140625,
        0.86328125,
        1.0
    ],
    "eval_runtime": 16.1551,
    "eval_samples_per_second": 15.475,
    "eval_steps_per_second": 0.495
}