{
    "model_dir": "models/prompt_tuning/llama-13b-ranking_logic",
    "distribution_id": "ranking_logic",
    "timestamp": "2023-10-23 23:31:12",
    "eval_loss": 0.1827392578125,
    "eval_score": -0.05511474609375,
    "eval_brier_score": 0.05511474609375,
    "eval_average_probability": 0.90380859375,
    "eval_accuracy": 0.9226666666666666,
    "eval_probabilities": [
        0.99951171875,
        0.9970703125,
        0.99755859375,
        1.0,
        0.99951171875,
        0.99267578125,
        0.99755859375,
        1.0,
        1.0,
        0.99951171875,
        1.0,
        0.9990234375,
        1.0,
        0.970703125,
        0.955078125,
        0.7373046875,
        0.986328125,
        0.662109375,
        0.97265625,
        0.9990234375,
        1.0,
        1.0,
        0.9990234375,
        0.92138671875,
        0.99951171875,
        1.0,
        1.0,
        0.994140625,
        0.98388671875,
        0.89013671875,
        0.662109375,
        1.0,
        0.53125,
        0.99951171875,
        1.0,
        0.99755859375,
        1.0,
        1.0,
        0.994140625,
        0.43017578125,
        1.0,
        0.267333984375,
        1.0,
        1.0,
        0.962890625,
        0.99658203125,
        0.99560546875,
        0.06097412109375,
        0.98974609375,
        1.0,
        1.0,
        0.99951171875,
        0.99951171875,
        0.195556640625,
        1.0,
        0.95068359375,
        1.0,
        0.99365234375,
        0.029754638671875,
        0.9033203125,
        1.0,
        1.0,
        1.0,
        1.0,
        0.99853515625,
        0.99755859375,
        1.0,
        1.0,
        1.0,
        0.99951171875,
        1.0,
        1.0,
        1.0,
        1.0,
        1.0,
        1.0,
        1.0,
        1.0,
        1.0,
        1.0,
        1.0,
        0.99658203125,
        0.66015625,
        0.441650390625,
        1.0,
        0.84375,
        1.0,
        0.97998046875,
        0.943359375,
        0.98974609375,
        0.59619140625,
        0.43212890625,
        1.0,
        0.2744140625,
        0.544921875,
        0.89501953125,
        0.9990234375,
        0.3701171875,
        0.982421875,
        0.9990234375,
        0.99169921875,
        0.99267578125,
        0.99853515625,
        0.9443359375,
        1.0,
        0.9970703125,
        0.990234375,
        1.0,
        0.071044921875,
        0.9755859375,
        0.81884765625,
        0.93310546875,
        0.92822265625,
        0.32080078125,
        0.99951171875,
        0.9462890625,
        1.0,
        0.998046875,
        0.99072265625,
        0.99853515625,
        0.99755859375,
        0.90380859375,
        0.96337890625,
        0.99951171875,
        0.24658203125,
        0.9677734375,
        1.0,
        0.322509765625,
        0.99853515625,
        0.9990234375,
        0.99658203125,
        0.70751953125,
        0.9951171875,
        0.99755859375,
        0.958984375,
        0.9951171875,
        0.99853515625,
        0.98779296875,
        0.9833984375,
        0.99560546875,
        0.99755859375,
        0.9990234375,
        1.0,
        0.97802734375,
        1.0,
        0.97265625,
        1.0,
        1.0,
        1.0,
        1.0,
        0.99951171875,
        0.98193359375,
        1.0,
        1.0,
        0.99853515625,
        0.9892578125,
        0.6298828125,
        1.0,
        1.0,
        1.0,
        1.0,
        0.99853515625,
        1.0,
        0.97119140625,
        0.8115234375,
        0.03704833984375,
        1.0,
        0.63330078125,
        0.03460693359375,
        0.71533203125,
        0.59619140625,
        0.9990234375,
        0.99951171875,
        1.0,
        1.0,
        0.99951171875,
        1.0,
        1.0,
        1.0,
        1.0,
        1.0,
        0.9990234375,
        1.0,
        1.0,
        1.0,
        1.0,
        0.9990234375,
        0.99951171875,
        1.0,
        0.1519775390625,
        1.0,
        0.9912109375,
        0.83544921875,
        0.97412109375,
        0.8671875,
        1.0,
        1.0,
        1.0,
        1.0,
        0.99951171875,
        1.0,
        1.0,
        0.99951171875,
        0.994140625,
        0.9990234375,
        1.0,
        0.96142578125,
        0.310791015625,
        0.80078125,
        1.0,
        0.99951171875,
        1.0,
        1.0,
        0.82958984375,
        0.662109375,
        0.76220703125,
        0.99951171875,
        0.99951171875,
        1.0,
        1.0,
        0.99951171875,
        1.0,
        1.0,
        0.99560546875,
        0.76611328125,
        0.97265625,
        0.77587890625,
        0.9990234375,
        0.441650390625,
        0.83984375,
        0.99755859375,
        1.0,
        0.99365234375,
        0.99951171875,
        1.0,
        1.0,
        0.9931640625,
        1.0,
        1.0,
        0.81591796875,
        0.9990234375,
        1.0,
        1.0,
        0.953125,
        0.7431640625,
        1.0,
        0.66552734375,
        0.99951171875,
        1.0,
        0.9990234375,
        0.98974609375,
        0.98583984375,
        0.9951171875,
        1.0,
        0.990234375,
        0.99951171875,
        1.0,
        1.0,
        0.9560546875,
        0.99853515625,
        1.0,
        0.9990234375,
        0.66357421875,
        0.70263671875,
        1.0,
        0.83642578125,
        0.9990234375,
        1.0,
        0.9599609375,
        0.99951171875,
        0.99853515625,
        1.0,
        0.99755859375,
        0.970703125,
        0.9912109375,
        0.9580078125,
        0.9990234375,
        0.98193359375,
        1.0,
        1.0,
        0.91748046875,
        0.97021484375,
        1.0,
        1.0,
        1.0,
        0.99951171875,
        0.9833984375,
        0.01116180419921875,
        1.0,
        0.99951171875,
        1.0,
        1.0,
        1.0,
        1.0,
        0.99951171875,
        0.8642578125,
        1.0,
        0.06097412109375,
        0.99755859375,
        0.167724609375,
        0.9736328125,
        0.99951171875,
        0.9970703125,
        0.515625,
        1.0,
        0.546875,
        0.994140625,
        1.0,
        1.0,
        0.78466796875,
        0.9990234375,
        0.99658203125,
        1.0,
        0.99951171875,
        0.99755859375,
        0.88427734375,
        0.9990234375,
        0.77734375,
        0.9912109375,
        0.04742431640625,
        0.888671875,
        0.9541015625,
        1.0,
        1.0,
        0.98193359375,
        0.962890625,
        0.98876953125,
        0.5302734375,
        0.99853515625,
        0.98095703125,
        0.990234375,
        0.9990234375,
        0.96142578125,
        1.0,
        0.93603515625,
        0.98779296875,
        0.86328125,
        0.99951171875,
        0.99951171875,
        1.0,
        0.99951171875,
        0.97900390625,
        1.0,
        0.998046875,
        0.99951171875,
        0.99169921875,
        1.0,
        1.0,
        0.99951171875,
        0.9287109375,
        0.9990234375,
        0.056243896484375,
        0.236572265625,
        0.0592041015625,
        1.0,
        1.0,
        0.99951171875,
        1.0,
        0.9912109375,
        1.0,
        1.0,
        1.0,
        0.9990234375,
        1.0,
        1.0,
        0.99853515625,
        0.99951171875,
        1.0,
        0.9990234375,
        1.0,
        0.896484375,
        0.64794921875,
        1.0,
        1.0,
        0.462890625,
        0.9990234375,
        1.0,
        0.68603515625,
        0.84375,
        0.42626953125,
        1.0,
        0.06610107421875,
        0.896484375,
        0.1688232421875,
        1.0,
        0.99169921875,
        1.0,
        0.99951171875,
        0.998046875,
        0.98095703125,
        1.0,
        0.99755859375,
        0.99755859375,
        0.9765625,
        0.9736328125,
        0.99365234375,
        1.0,
        1.0,
        0.99609375,
