{
    "model_dir": "models/classify_lora/llama-13b-code",
    "distribution_id": "counterfactual_python",
    "timestamp": "2023-11-01 22:37:38",
    "eval_loss": 0.466064453125,
    "eval_score": -0.120849609375,
    "eval_brier_score": 0.120849609375,
    "eval_average_probability": 0.7900390625,
    "eval_accuracy": 0.8333333333333334,
    "eval_probabilities": [
        0.62255859375,
        0.8173828125,
        0.615234375,
        1.0,
        1.0,
        1.0,
        0.99853515625,
        0.9873046875,
        1.0,
        0.998046875,
        0.99951171875,
        1.0,
        0.73095703125,
        0.89892578125,
        0.56201171875,
        0.445556640625,
        0.33447265625,
        0.4765625,
        0.7373046875,
        0.615234375,
        0.77197265625,
        0.98974609375,
        0.99609375,
        0.99755859375,
        0.50146484375,
        0.49951171875,
        0.4970703125,
        0.99951171875,
        0.9990234375,
        0.998046875,
        0.99609375,
        0.83544921875,
        0.9921875,
        0.87744140625,
        0.68603515625,
        0.437744140625,
        0.9990234375,
        0.998046875,
        0.99951171875,
        0.8310546875,
        0.5390625,
        0.43017578125,
        0.50048828125,
        0.5009765625,
        0.50341796875,
        0.8310546875,
        0.97412109375,
        0.970703125,
        0.99560546875,
        0.91943359375,
        0.93994140625,
        0.5048828125,
        0.49951171875,
        0.49169921875,
        0.39990234375,
        0.422607421875,
        0.0953369140625,
        1.0,
        1.0,
        1.0,
        1.0,
        1.0,
        0.99951171875,
        1.0,
        1.0,
        1.0,
        0.1329345703125,
        0.1365966796875,
        0.962890625,
        0.9658203125,
        0.658203125,
        0.8173828125,
        0.0293121337890625,
        0.2451171875,
        0.11920166015625,
        0.50390625,
        0.5029296875,
        0.509765625,
        0.96044921875,
        0.98193359375,
        0.00359344482421875,
        0.80810546875,
        0.85205078125,
        0.86328125,
        0.33447265625,
        0.8671875,
        0.615234375,
        1.0,
        1.0,
        1.0,
        0.9970703125,
        0.93994140625,
        0.9990234375,
        0.3486328125,
        0.96875,
        0.8173828125,
        1.0,
        1.0,
        1.0,
        0.99560546875,
        0.9345703125,
        0.994140625,
        0.89306640625,
        0.8740234375,
        0.880859375,
        0.9326171875,
        0.96875,
        0.97265625,
        1.0,
        1.0,
        1.0,
        1.0,
        1.0,
        1.0,
        0.84375,
        0.08270263671875,
        0.9921875,
        1.0,
        1.0,
        1.0,
        1.0,
        1.0,
        1.0,
        0.98486328125,
        0.99853515625,
        1.0,
        0.607421875,
        0.03515625,
        0.64404296875,
        0.98681640625,
        0.9931640625,
        0.00070953369140625,
        0.99951171875,
        1.0,
        1.0,
        0.5009765625,
        0.4970703125,
        0.501953125,
        0.72509765625,
        0.9150390625,
        0.3486328125,
        0.67919921875,
        1.0,
        1.0,
        0.5078125,
        0.67236328125,
        0.5078125,
        0.998046875,
        1.0,
        0.96044921875,
        2.1457672119140625e-06,
        8.940696716308594e-07,
        0.0011692047119140625,
        0.99853515625,
        0.99609375,
        0.99853515625,
        0.6298828125,
        0.60009765625,
        0.66552734375,
        0.94482421875,
        0.82666015625,
        0.99951171875,
        0.62255859375,
        0.9990234375,
        1.0,
        0.9970703125,
        0.97998046875,
        0.9912109375,
        0.26904296875,
        0.08758544921875,
        0.57763671875,
        0.69287109375,
        0.8740234375,
        0.82666015625,
        0.810546875,
        0.841796875,
        0.00530242919921875,
        1.0,
        1.0,
        1.0,
        0.998046875,
        0.99853515625,
        0.91943359375,
        0.998046875,
        0.99560546875,
        0.99951171875,
        0.22265625,
        0.57763671875,
        0.39990234375,
        0.3486328125,
        0.79296875,
        1.0,
        0.607421875,
        0.275146484375,
        0.68603515625,
        0.53125,
        0.67919921875,
        0.98193359375,
        0.90478515625,
        0.90966796875,
        0.7548828125,
        0.01495361328125,
        0.8671875,
        0.73095703125,
        0.94677734375,
        0.98828125,
        0.955078125,
        0.95263671875,
        0.392333984375,
        0.090087890625,
        0.33447265625,
        0.437744140625,
        0.515625,
        0.80810546875,
        0.7880859375,
        0.80322265625,
        0.72509765625,
        0.90478515625,
        0.07586669921875,
        0.94970703125,
        0.9150390625,
        0.453369140625,
        0.182373046875,
        0.9794921875,
        0.1688232421875,
        1.0,
        1.0,
        1.0,
        0.49365234375,
        0.49609375,
        0.50341796875,
        0.486083984375,
        0.489013671875,
        0.5,
        0.9921875,
        0.9951171875,
        0.98291015625,
        1.0,
        1.0,
        0.99951171875,
        1.0,
        1.0,
        1.0,
        0.090087890625,
        0.607421875,
        0.73095703125,
        1.0,
        1.0,
        1.0,
        0.607421875,
        0.32080078125,
        0.4921875,
        0.6513671875,
        0.72509765625,
        0.67919921875,
        1.0,
        0.9921875,
        1.0,
        0.515625,
        0.437744140625,
        0.5234375,
        1.0,
        1.0,
        1.0,
        0.83544921875,
        0.91259765625,
        0.955078125,
        0.99951171875,
        0.99951171875,
        1.0,
        1.0,
        1.0,
        1.0,
        0.49560546875,
        0.4970703125,
        0.4921875,
        1.0,
        0.9970703125,
        0.99462890625,
        0.37744140625,
        0.515625,
        0.46875,
        0.77734375,
        0.363037109375,
        0.422607421875,
        1.0,
        1.0,
        1.0,
        1.0,
        1.0,
        1.0,
        1.0,
        1.0,
        1.0,
        1.0,
        1.0,
        1.0,
        0.11920166015625,
        0.99853515625,
        0.0,
        1.0,
        1.0,
        1.0,
        0.4765625,
        0.79296875,
        0.9326171875,
        0.79833984375,
        0.307373046875,
        0.83984375,
        0.99951171875,
        0.955078125,
        0.9931640625,
        1.0,
        0.99072265625,
        0.99951171875,
        0.5234375,
        0.294189453125,
        0.355712890625,
        1.0,
        1.0,
        1.0,
        0.89306640625,
        0.85205078125,
        0.69287109375,
        0.9853515625,
        0.9912109375,
        0.2568359375,
        0.78271484375,
        0.33447265625,
        0.80322265625,
        1.0,
        1.0,
        1.0,
        0.50830078125,
        0.50537109375,
        0.50830078125,
        0.99560546875,
        0.99951171875,
        0.658203125,
        0.96875,
        0.87744140625,
        0.8671875,
        0.10089111328125,
        0.2017822265625,
        0.2337646484375,
        0.68603515625,
        0.84814453125,
        0.86328125,
        0.81298828125,
        0.64404296875,
        0.921875,
        0.5,
        0.5,
        0.49951171875,
        0.880859375,
        0.97607421875,
        0.85986328125,
        1.0,
        1.0,
        1.0,
        0.56982421875,
        0.515625,
        0.880859375,
        1.0,
        1.0,
        1.0,
        0.9833984375,
        0.00609588623046875,
        0.83984375,
        0.9990234375,
        0.99609375,
        0.97705078125,
        0.94970703125,
        0.943359375,
        0.958984375,
        0.96044921875,
        0.79833984375,
        0.9326171875,
        0.4072265625,
        0.53125,
        0.90478515625,
