{
    "model_dir": "models/classify_lora/llama-7b-alpaca_mmlu-truthful_qa-10%",
    "distribution_id": "alpaca_mmlu-truthful_qa-10%",
    "timestamp": "2023-10-15 19:49:13",
    "eval_loss": 0.62451171875,
    "eval_score": -0.14794921875,
    "eval_brier_score": 0.14794921875,
    "eval_average_probability": 0.783203125,
    "eval_accuracy": 0.8036363636363636,
    "eval_probabilities": [
        1.0,
        0.974609375,
        0.9990234375,
        1.0,
        0.0030689239501953125,
        1.0,
        0.21337890625,
        0.8173828125,
        0.6728515625,
        1.0,
        0.68408203125,
        0.97802734375,
        0.00670623779296875,
        1.0,
        0.87255859375,
        1.0,
        0.69287109375,
        0.00394439697265625,
        0.98095703125,
        1.0,
        1.0,
        0.2022705078125,
        0.02886962890625,
        0.2451171875,
        1.0,
        1.0,
        0.98193359375,
        0.97119140625,
        1.0,
        0.67041015625,
        0.00011771917343139648,
        1.0,
        0.99951171875,
        0.998046875,
        0.96630859375,
        0.71533203125,
        0.99951171875,
        0.8828125,
        0.00042057037353515625,
        0.99267578125,
        0.658203125,
        0.99755859375,
        0.401611328125,
        1.0,
        1.0,
        0.953125,
        1.0,
        0.96435546875,
        0.962890625,
        1.0,
        1.0,
        0.99951171875,
        0.98388671875,
        0.99951171875,
        0.445556640625,
        0.9794921875,
        0.99462890625,
        0.299072265625,
        0.9921875,
        0.021453857421875,
        1.0,
        0.9775390625,
        0.97802734375,
        0.9248046875,
        0.82763671875,
        0.55029296875,
        0.67236328125,
        1.0,
        0.10858154296875,
        1.0,
        0.6806640625,
        0.68603515625,
        1.0,
        0.10894775390625,
        0.451904296875,
        0.99951171875,
        0.45703125,
        0.87158203125,
        0.103759765625,
        0.486328125,
        0.041290283203125,
        0.99853515625,
        0.97998046875,
        1.0,
        1.0,
        0.4072265625,
        1.0,
        0.99658203125,
        1.0,
        0.99853515625,
        1.0,
        1.0,
        1.0,
        0.000759124755859375,
        0.00038814544677734375,
        0.9931640625,
        1.0,
        1.0,
        0.94970703125,
        0.796875,
        1.0,
        0.9990234375,
        1.0,
        1.0,
        0.8662109375,
        0.37109375,
        1.0,
        0.93505859375,
        1.0,
        1.0,
        1.0,
        1.0,
        1.0,
        1.0,
        1.0,
        0.5068359375,
        0.06854248046875,
        1.0,
        0.97998046875,
        1.0,
        1.0,
        0.9609375,
        0.548828125,
        0.25830078125,
        0.9013671875,
        0.986328125,
        1.0,
        1.0,
        0.412109375,
        0.99951171875,
        0.8310546875,
        1.0,
        0.08758544921875,
        0.0269622802734375,
        0.74462890625,
        0.66796875,
        0.0014467239379882812,
        0.9970703125,
        1.0,
        1.0,
        0.0867919921875,
        1.0,
        0.97998046875,
        0.99951171875,
        0.91796875,
        0.0863037109375,
        1.0,
        1.0,
        1.0,
        1.0,
        1.0,
        1.0,
        0.307373046875,
        0.99951171875,
        1.0,
        0.94287109375,
        0.30078125,
        0.82958984375,
        0.33447265625,
        0.88232421875,
        1.0,
        0.6318359375,
        0.8232421875,
        0.5537109375,
        0.99951171875,
        0.00011545419692993164,
        1.0,
        1.0,
        1.0,
        0.85009765625,
        0.99072265625,
        0.61865234375,
        0.97900390625,
        0.990234375,
        0.39990234375,
        1.0,
        0.974609375,
        1.0,
        0.39990234375,
        1.0,
        0.385009765625,
        0.974609375,
        1.0,
        0.171630859375,
        0.57958984375,
        0.81103515625,
        0.94970703125,
        1.0,
        1.0,
        1.0,
        0.9951171875,
        1.0,
        0.548828125,
        0.0390625,
        1.0,
        5.0067901611328125e-06,
        0.6650390625,
        0.3310546875,
        0.9716796875,
        1.0,
        0.08154296875,
        1.0,
        1.0,
        1.0,
        1.0,
        1.0,
        0.381103515625,
        0.6083984375,
        1.0,
        0.99609375,
        1.0,
        0.99072265625,
        0.60595703125,
        0.57763671875,
        0.611328125,
        0.48828125,
        0.6494140625,
        0.9970703125,
        0.003650665283203125,
        0.98388671875,
        0.65869140625,
        1.0,
        1.0,
        0.99951171875,
        0.9990234375,
        1.0,
        0.027618408203125,
        1.0,
        0.012908935546875,
        0.06243896484375,
        0.52783203125,
        0.8642578125,
        0.9931640625,
        0.97998046875,
        0.99609375,
        0.9990234375,
        0.99365234375,
        0.611328125,
        0.191650390625,
        0.8154296875,
        1.0,
        0.94677734375,
        0.316650390625,
        0.5390625,
        1.0,
        0.98779296875,
        0.9794921875,
        0.9833984375,
        1.0,
        0.95556640625,
        1.0,
        0.99951171875,
        0.9990234375,
        0.9541015625,
        0.219970703125,
        1.0,
        0.501953125,
        0.9990234375,
        1.0,
        0.43408203125,
        0.66015625,
        0.00704193115234375,
        1.0,
        1.0,
        0.546875,
        0.99755859375,
        0.265869140625,
        0.0191650390625,
        0.88232421875,
        1.0,
        0.9677734375,
        0.1446533203125,
        0.99951171875,
        1.0,
        1.0,
        0.99951171875,
        0.765625,
        1.0,
        0.3701171875,
        0.99755859375,
        1.0,
        1.0,
        1.0,
        0.2410888671875,
        0.9990234375,
        0.99853515625,
        0.388671875,
        0.95068359375,
        0.484375,
        1.0,
        1.0,
        0.99951171875,
        0.81103515625,
        0.9951171875,
        0.916015625,
        1.0,
        0.998046875,
        0.99951171875,
        0.93994140625,
        1.0,
        0.98681640625,
        1.0,
        0.994140625,
        0.98388671875,
        0.99072265625,
        0.8173828125,
        0.9912109375,
        0.63525390625,
        1.0,
        1.0,
        1.0,
        0.3896484375,
        0.99462890625,
        0.99609375,
        1.0,
        1.0,
        1.0,
        0.60107421875,
        0.9970703125,
        0.99951171875,
        0.441650390625,
        0.338134765625,
        0.1302490234375,
        1.0,
        1.0,
        1.0,
        0.95556640625,
        0.8232421875,
        0.79296875,
        0.97119140625,
        1.0,
        0.99658203125,
        1.0,
        1.0,
        0.9853515625,
        0.43408203125,
        1.0,
        1.0,
        0.9814453125,
        0.21044921875,
        0.58984375,
        1.0,
        1.0,
        0.99951171875,
        0.99853515625,
        0.27197265625,
        0.9990234375,
        1.0,
        1.0,
        0.69921875,
        0.9990234375,
        1.0,
        0.56982421875,
        1.0,
        1.0,
        5.245208740234375e-05,
        0.9267578125,
        0.97900390625,
        0.99755859375,
        1.0,
        0.92333984375,
        0.89111328125,
        0.70556640625,
        0.127685546875,
        0.966796875,
        1.0,
        0.990234375,
        0.998046875,
        1.0,
        0.9921875,
        0.0002123117446899414,
        0.92431640625,
        0.1519775390625,
        0.99951171875,
        0.869140625,
        1.0,
        1.1861324310302734e-05,
        0.88427734375,
        1.0,
        0.92041015625,
        0.7578125,
        1.0,
        0.307373046875,
        0.93701171875,
        0.95458984375,
        1.0,
        0.6689453125,
