{
    "model_dir": "models/prompt_tuning/llama-7b-code",
    "distribution_id": "us_history",
    "timestamp": "2023-10-19 22:53:44",
    "eval_loss": 0.8330078125,
    "eval_score": -0.1925048828125,
    "eval_brier_score": 0.1924711320532286,
    "eval_average_probability": 0.7403826864560445,
    "eval_accuracy": 0.7653333333333333,
    "eval_probabilities": [
        0.167724609375,
        0.89892578125,
        0.9990234375,
        0.97998046875,
        0.99658203125,
        0.9990234375,
        1.0,
        0.48046875,
        0.99755859375,
        0.54296875,
        0.5869140625,
        0.61328125,
        1.0,
        1.0,
        1.0,
        1.0,
        0.9990234375,
        0.99951171875,
        1.0,
        0.97314453125,
        0.99951171875,
        0.99755859375,
        0.05792236328125,
        0.19189453125,
        0.23095703125,
        0.0003981590270996094,
        0.01666259765625,
        1.0,
        1.0,
        0.99609375,
        0.9970703125,
        0.97705078125,
        0.97265625,
        0.9990234375,
        1.0,
        0.9990234375,
        0.53125,
        0.96435546875,
        0.98046875,
        0.0330810546875,
        0.046722412109375,
        0.060089111328125,
        0.72509765625,
        0.7607421875,
        0.82080078125,
        1.0,
        0.99951171875,
        0.9990234375,
        0.33984375,
        0.87744140625,
        0.9052734375,
        0.99658203125,
        1.0,
        0.99951171875,
        0.267333984375,
        0.32080078125,
        0.204345703125,
        0.98193359375,
        0.33984375,
        0.751953125,
        0.99951171875,
        0.99072265625,
        0.11126708984375,
        0.00020182132720947266,
        0.00263214111328125,
        0.21728515625,
        0.94970703125,
        0.99462890625,
        0.9833984375,
        1.0,
        1.0,
        1.0,
        0.9375,
        0.88818359375,
        0.99462890625,
        1.0,
        1.0,
        1.0,
        0.98291015625,
        1.0,
        1.0,
        0.984375,
        0.9765625,
        0.91943359375,
        0.95654296875,
        0.9990234375,
        0.92822265625,
        0.861328125,
        0.85693359375,
        0.99658203125,
        0.99951171875,
        0.83642578125,
        0.99853515625,
        1.0,
        1.0,
        1.0,
        0.97314453125,
        1.0,
        0.994140625,
        0.004398345947265625,
        0.1766357421875,
        0.7578125,
        1.0,
        1.0,
        1.0,
        0.454345703125,
        0.093017578125,
        0.4072265625,
        0.9873046875,
        0.414794921875,
        0.9091796875,
        0.86328125,
        0.7607421875,
        0.74609375,
        0.998046875,
        0.97900390625,
        0.99755859375,
        0.79296875,
        0.70751953125,
        0.84130859375,
        0.0003800392150878906,
        0.0203399658203125,
        1.0,
        0.9130859375,
        0.939453125,
        0.0753173828125,
        0.99951171875,
        0.9970703125,
        0.9990234375,
        0.982421875,
        0.9794921875,
        0.998046875,
        0.91259765625,
        0.05877685546875,
        0.99951171875,
        0.2783203125,
        0.105224609375,
        0.1778564453125,
        0.99951171875,
        0.978515625,
        0.98876953125,
        1.0,
        1.0,
        0.99755859375,
        0.8671875,
        0.99462890625,
        0.615234375,
        0.99755859375,
        0.94775390625,
        0.998046875,
        0.98193359375,
        0.6298828125,
        0.91259765625,
        0.88720703125,
        0.96484375,
        0.99267578125,
        0.9658203125,
        1.0,
        0.99951171875,
        0.99951171875,
        1.0,
        1.0,
        1.0,
        1.0,
        0.99853515625,
        0.986328125,
        0.99609375,
        0.921875,
        0.0966796875,
        0.61865234375,
        0.986328125,
        0.9580078125,
        0.9619140625,
        0.92626953125,
        0.99072265625,
        0.99169921875,
        0.93994140625,
        0.84716796875,
        0.085693359375,
        0.98193359375,
        0.97265625,
        0.99853515625,
        1.0,
        0.85888671875,
        0.51171875,
        0.70068359375,
        0.00453948974609375,
        0.0592041015625,
        0.01049041748046875,
        1.0,
        0.76611328125,
        0.90576171875,
        0.00015354156494140625,
        0.0003199577331542969,
        0.0003077983856201172,
        0.99560546875,
        0.99072265625,
        0.9619140625,
        1.0,
        1.0,
        1.0,
        0.028656005859375,
        0.01483917236328125,
        0.97802734375,
        0.85546875,
        0.6298828125,
        0.765625,
        0.0174407958984375,
        0.86328125,
        0.1561279296875,
        9.918212890625e-05,
        0.48828125,
        0.84716796875,
        0.99951171875,
        1.0,
        0.9990234375,
        0.70556640625,
        0.140380859375,
        0.30078125,
        0.91259765625,
        0.9970703125,
        0.98095703125,
        0.79296875,
        0.1800537109375,
        0.9658203125,
        1.0,
        1.0,
        1.0,
        0.5888671875,
        0.024993896484375,
        1.0,
        1.0,
        1.0,
        1.0,
        0.99755859375,
        0.9990234375,
        0.9013671875,
        1.0,
        0.9990234375,
        0.99951171875,
        0.001995086669921875,
        0.010009765625,
        0.8154296875,
        0.59228515625,
        0.8017578125,
        0.65185546875,
        1.0,
        1.0,
        1.0,
        0.96435546875,
        0.994140625,
        0.984375,
        1.0,
        1.0,
        1.0,
        0.99951171875,
        0.99658203125,
        0.99951171875,
        5.364418029785156e-07,
        0.0017004013061523438,
        0.00701141357421875,
        0.1778564453125,
        0.70556640625,
        0.182373046875,
        0.99853515625,
        1.0,
        1.0,
        0.7548828125,
        0.81298828125,
        0.0010814666748046875,
        0.0271759033203125,
        0.60009765625,
        0.29736328125,
        1.0,
        1.0,
        1.0,
        0.2509765625,
        0.00011771917343139648,
        0.611328125,
        0.78515625,
        0.68408203125,
        0.9580078125,
        0.9951171875,
        0.9599609375,
        0.970703125,
        0.7919921875,
        0.9580078125,
        0.87744140625,
        0.9912109375,
        0.751953125,
        0.96435546875,
        0.9970703125,
        0.9951171875,
        0.99755859375,
        0.98388671875,
        0.974609375,
        1.0,
        0.0311431884765625,
        0.0203399658203125,
        0.1451416015625,
        0.98974609375,
        0.986328125,
        1.0,
        0.984375,
        1.0,
        0.86962890625,
        0.99951171875,
        0.9697265625,
        0.9990234375,
        1.0,
        1.0,
        1.0,
        0.60009765625,
        0.005138397216796875,
        0.37744140625,
        0.090087890625,
        0.87060546875,
        0.0263519287109375,
        0.6689453125,
        0.89501953125,
        0.99365234375,
        0.8818359375,
        0.833984375,
        0.374755859375,
        0.07476806640625,
        0.70263671875,
        0.99951171875,
        0.1727294921875,
        0.9931640625,
        0.85302734375,
        0.46875,
        0.9150390625,
        0.5,
        0.7919921875,
        0.80810546875,
        0.9912109375,
        0.003147125244140625,
        0.00030541419982910156,
        0.1329345703125,
        0.97998046875,
        0.99951171875,
        1.0,
        0.99853515625,
        0.99951171875,
        0.99365234375,
        0.99853515625,
        0.99755859375,
        0.986328125,
        0.85400390625,
        1.0,
        0.97607421875,
        8.612871170043945e-05,
        0.56201171875,
        0.020172119140625,
        0.99951171875,
        0.99462890625,
        0.91943359375,
        0.75634765625,
        0.95654296875,
