{
    "eval_accuracy": 0.6,
    "eval_rms_calibration_error": 0.4753205341303778,
    "eval_average_probability": 0.5950788521766662,
    "eval_brier_score": 0.35811499807490893,
    "eval_probabilities": [
        0.00016999244689941406,
        0.0041351318359375,
        0.99755859375,
        0.003780364990234375,
        0.71875,
        0.99755859375,
        0.1883544921875,
        0.9072265625,
        0.96533203125,
        0.90185546875,
        0.99951171875,
        1.0,
        0.000614166259765625,
        0.8857421875,
        1.0,
        0.7568359375,
        1.0,
        0.9677734375,
        0.0631103515625,
        0.00301361083984375,
        0.03497314453125,
        0.96044921875,
        0.03790283203125,
        0.0009851455688476562,
        1.0,
        1.0,
        0.05706787109375,
        0.0850830078125,
        0.1365966796875,
        0.8759765625,
        0.0002033710479736328,
        0.050140380859375,
        0.00010228157043457031,
        0.006313323974609375,
        0.99951171875,
        1.0,
        0.84716796875,
        0.96826171875,
        0.994140625,
        1.0,
        0.9931640625,
        0.96630859375,
        1.0,
        1.0,
        0.94140625,
        2.980232238769531e-07,
        1.0,
        1.0,
        0.00669097900390625,
        0.0001379251480102539,
        0.0002415180206298828,
        0.0015249252319335938,
        1.0,
        0.451416015625,
        4.827976226806641e-06,
        0.0050201416015625,
        0.91357421875,
        0.05877685546875,
        1.4662742614746094e-05,
        0.982421875,
        0.9912109375,
        5.960464477539063e-08,
        0.95751953125,
        0.99951171875,
        0.9951171875,
        0.01146697998046875,
        1.0,
        0.0186920166015625,
        0.94873046875,
        0.303955078125,
        0.99951171875,
        1.0,
        1.0,
        0.99462890625,
        2.0205974578857422e-05,
        0.9990234375,
        1.0,
        0.392333984375,
        0.00209808349609375,
        1.0,
        0.99951171875,
        0.9521484375,
        0.98583984375,
        0.99560546875,
        0.99951171875,
        1.0,
        0.9970703125,
        0.06903076171875,
        0.77685546875,
        1.0,
        0.0,
        0.98095703125,
        0.32080078125,
        0.294189453125,
        5.960464477539063e-08,
        1.0,
        0.00302886962890625,
        0.99853515625,
        0.99462890625,
        0.0012159347534179688,
        1.0,
        0.30908203125,
        0.99951171875,
        0.092041015625,
        0.99853515625,
        1.0,
        0.0618896484375,
        0.00577545166015625,
        1.0,
        0.01971435546875,
        1.0,
        3.5762786865234375e-07,
        0.75927734375,
        0.9326171875,
        0.9990234375,
        1.0,
        1.0,
        0.6279296875,
        0.04486083984375,
        0.040924072265625,
        0.06463623046875,
        1.0,
        0.9873046875,
        0.99951171875,
        0.01287841796875,
        0.78076171875,
        3.707408905029297e-05,
        5.042552947998047e-05,
        0.759765625,
        0.12420654296875,
        0.346923828125,
        0.002216339111328125,
        0.99853515625,
        0.97021484375,
        0.1259765625,
        0.0,
        0.83056640625,
        0.736328125,
        0.99853515625,
        0.9345703125,
        1.0,
        0.1417236328125,
        0.99951171875,
        0.000743865966796875,
        0.42529296875,
        7.152557373046875e-07,
        1.430511474609375e-05,
        0.994140625,
        0.024139404296875,
        0.437744140625,
        0.6875,
        1.1324882507324219e-06,
        0.199951171875,
        0.8017578125,
        1.0,
        1.0,
        1.0,
        0.9736328125,
        1.0,
        0.03704833984375,
        0.52734375,
        1.0,
        0.84423828125,
        0.0031719207763671875,
        1.0,
        0.998046875,
        0.63818359375,
        0.998046875,
        1.0,
        0.79296875,
        0.66357421875,
        7.724761962890625e-05,
        1.0,
        0.289306640625,
        0.0002532005310058594,
        1.0,
        9.298324584960938e-06,
        1.0,
        0.324951171875,
        0.841796875,
        1.0,
        0.513671875,
        1.0,
        1.0,
        0.282958984375,
        1.0,
        1.0,
        0.063232421875,
        0.0015363693237304688,
        0.99853515625,
        1.0,
        0.99658203125,
        1.0,
        0.99169921875,
        0.9111328125,
        0.96630859375,
        0.0328369140625,
        0.857421875,
        1.0,
        0.90576171875,
        0.99853515625,
        6.920099258422852e-05,
        1.4901161193847656e-06,
        0.0,
        1.0,
        0.99755859375,
        1.0,
        6.735324859619141e-06,
        0.99853515625,
        0.1143798828125,
        0.94677734375,
        1.0,
        0.99951171875,
        0.99609375,
        0.95458984375,
        0.021942138671875,
        2.0384788513183594e-05,
        1.0,
        0.0006747245788574219,
        0.2666015625,
        0.9912109375,
        0.94970703125,
        0.4794921875,
        0.004505157470703125,
        0.68017578125,
        0.184814453125,
        1.0,
        0.9990234375,
        0.003204345703125,
        0.0222015380859375,
        0.70361328125,
        0.039947509765625,
        0.7890625,
        2.980232238769531e-07,
        0.049041748046875,
        0.9853515625,
        2.384185791015625e-07,
        0.004322052001953125,
        1.0,
        0.962890625,
        0.744140625,
        0.03759765625,
        0.0078125,
        1.0,
        0.515625,
        0.99072265625,
        0.99365234375,
        0.00864410400390625,
        0.99951171875,
        0.87744140625
    ]
}