{
    "eval_accuracy": 0.408,
    "eval_rms_calibration_error": 0.47426234436708675,
    "eval_average_probability": 0.4123169331550598,
    "eval_brier_score": 0.5320355275787506,
    "eval_probabilities": [
        0.93994140625,
        0.83740234375,
        0.00011235475540161133,
        0.103759765625,
        0.96533203125,
        1.0,
        0.42626953125,
        1.0,
        0.0284423828125,
        0.00019407272338867188,
        0.98779296875,
        0.94873046875,
        0.98486328125,
        0.0177154541015625,
        0.99609375,
        0.98828125,
        0.982421875,
        0.9697265625,
        0.0953369140625,
        0.99072265625,
        0.9921875,
        1.3649463653564453e-05,
        0.9990234375,
        0.011688232421875,
        0.96533203125,
        0.00905609130859375,
        0.195556640625,
        0.026763916015625,
        2.485513687133789e-05,
        1.0,
        0.99755859375,
        0.99609375,
        0.0036220550537109375,
        0.99853515625,
        0.0013990402221679688,
        0.95751953125,
        0.0,
        0.0015249252319335938,
        0.0010404586791992188,
        1.0,
        0.0009622573852539062,
        1.4901161193847656e-06,
        6.198883056640625e-06,
        8.612871170043945e-05,
        0.00864410400390625,
        1.0,
        0.71240234375,
        0.8916015625,
        1.0,
        0.92724609375,
        4.470348358154297e-06,
        5.918741226196289e-05,
        0.1895751953125,
        0.98681640625,
        1.0,
        0.78271484375,
        0.0002378225326538086,
        1.0,
        0.998046875,
        0.0038852691650390625,
        2.384185791015625e-07,
        0.00047278404235839844,
        0.07476806640625,
        1.0,
        0.273681640625,
        0.95751953125,
        0.64404296875,
        4.83393669128418e-05,
        0.204345703125,
        0.07159423828125,
        1.0,
        0.381103515625,
        1.0311603546142578e-05,
        0.99072265625,
        1.0,
        1.7881393432617188e-07,
        0.00498199462890625,
        0.138427734375,
        0.0004582405090332031,
        0.99853515625,
        1.0,
        0.76904296875,
        0.00035691261291503906,
        4.756450653076172e-05,
        0.275146484375,
        5.3882598876953125e-05,
        0.7880859375,
        0.5234375,
        0.0074615478515625,
        0.99169921875,
        0.9404296875,
        0.55078125,
        0.00609588623046875,
        1.0,
        0.98486328125,
        0.006145477294921875,
        9.572505950927734e-05,
        0.044342041015625,
        0.115966796875,
        0.74609375,
        0.06097412109375,
        0.9990234375,
        0.1480712890625,
        0.91845703125,
        0.99951171875,
        0.219970703125,
        0.00017261505126953125,
        5.960464477539063e-08,
        0.87060546875,
        0.978515625,
        0.0240478515625,
        0.449462890625,
        0.0014781951904296875,
        0.2509765625,
        0.85595703125,
        1.0,
        0.418701171875,
        0.99951171875,
        0.986328125,
        0.0005035400390625,
        0.69287109375,
        0.09136962890625,
        0.9423828125,
        0.79833984375,
        0.03515625,
        2.3186206817626953e-05,
        0.0006070137023925781,
        0.33642578125,
        0.99951171875,
        0.9755859375,
        0.000720977783203125,
        0.9541015625,
        5.841255187988281e-06,
        0.0,
        0.10302734375,
        0.1883544921875,
        0.89013671875,
        0.368408203125,
        4.7087669372558594e-05,
        0.9970703125,
        1.0,
        0.03515625,
        0.0005931854248046875,
        0.0526123046875,
        9.763240814208984e-05,
        0.00955963134765625,
        0.0027141571044921875,
        0.248046875,
        0.017181396484375,
        0.01132965087890625,
        1.239776611328125e-05,
        0.0240478515625,
        0.99462890625,
        1.1324882507324219e-06,
        1.0,
        0.26904296875,
        0.1329345703125,
        1.0,
        0.2147216796875,
        0.96044921875,
        0.0222930908203125,
        5.960464477539063e-08,
        0.0008425712585449219,
        0.7265625,
        0.1441650390625,
        0.0185394287109375,
        0.6513671875,
        0.049591064453125,
        0.07366943359375,
        0.00806427001953125,
        0.640625,
        0.7744140625,
        0.120849609375,
        0.994140625,
        0.77197265625,
        0.00026535987854003906,
        0.9931640625,
        0.10968017578125,
        0.67919921875,
        0.01450347900390625,
        2.5033950805664062e-06,
        0.007694244384765625,
        0.0003859996795654297,
        0.99267578125,
        0.607421875,
        0.011871337890625,
        1.0,
        0.00010722875595092773,
        1.0,
        0.035400390625,
        0.9287109375,
        0.02801513671875,
        0.0028896331787109375,
        0.91748046875,
        0.99853515625,
        0.92626953125,
        0.93115234375,
        0.27197265625,
        0.85009765625,
        1.1920928955078125e-06,
        1.0,
        0.08758544921875,
        0.00279998779296875,
        0.0011339187622070312,
        0.0025119781494140625,
        0.67919921875,
        0.359375,
        8.940696716308594e-07,
        9.059906005859375e-06,
        2.86102294921875e-06,
        2.2649765014648438e-06,
        0.525390625,
        0.99560546875,
        0.307373046875,
        0.998046875,
        0.5849609375,
        1.0,
        0.10968017578125,
        3.916025161743164e-05,
        0.04779052734375,
        0.0013246536254882812,
        0.96826171875,
        1.0,
        0.005641937255859375,
        0.0010004043579101562,
        0.19677734375,
        0.12420654296875,
        0.0191192626953125,
        0.7216796875,
        6.812810897827148e-05,
        0.275146484375,
        0.00015354156494140625,
        0.044677734375,
        0.0953369140625,
        0.99951171875,
        0.042083740234375,
        0.0001398324966430664,
        0.0031719207763671875,
        0.1666259765625,
        0.49609375,
        0.0037364959716796875,
        0.009124755859375,
        0.06561279296875,
        0.822265625,
        0.060089111328125,
        0.0006361007690429688,
        0.0460205078125,
        0.0079345703125,
        0.93896484375,
        0.01495361328125
    ]
}