{
    "model_dir": "models/classify_lora/openllama-3b-math_make_questions",
    "distribution_id": "math",
    "timestamp": "2023-11-01 21:51:42",
    "eval_loss": 0.70703125,
    "eval_score": -0.2374267578125,
    "eval_brier_score": 0.2374267578125,
    "eval_average_probability": 0.5556640625,
    "eval_accuracy": 0.62,
    "eval_probabilities": [
        0.67578125,
        0.63720703125,
        0.60400390625,
        0.486328125,
        0.4951171875,
        0.4765625,
        0.57568359375,
        0.552734375,
        0.552734375,
        0.7744140625,
        0.103759765625,
        0.1470947265625,
        0.455078125,
        0.385009765625,
        0.416748046875,
        0.4697265625,
        0.50390625,
        0.48876953125,
        0.37744140625,
        0.5078125,
        0.4921875,
        0.439697265625,
        0.438720703125,
        0.415771484375,
        0.5244140625,
        0.55078125,
        0.383056640625,
        0.49853515625,
        0.396484375,
        0.5537109375,
        0.451416015625,
        0.5283203125,
        0.63720703125,
        0.440673828125,
        0.451416015625,
        0.57763671875,
        0.7880859375,
        0.7890625,
        0.85986328125,
        0.61279296875,
        0.47509765625,
        0.55908203125,
        0.45654296875,
        0.4775390625,
        0.52685546875,
        0.505859375,
        0.67578125,
        0.5146484375,
        0.552734375,
        0.56884765625,
        0.51416015625,
        0.46875,
        0.515625,
        0.4765625,
        0.60400390625,
        0.6513671875,
        0.59716796875,
        0.955078125,
        0.9208984375,
        0.97314453125,
        0.478515625,
        0.50732421875,
        0.50390625,
        0.291015625,
        0.1417236328125,
        0.7373046875,
        0.49609375,
        0.478515625,
        0.47265625,
        0.521484375,
        0.5185546875,
        0.53125,
        0.57275390625,
        0.6669921875,
        0.79443359375,
        0.50927734375,
        0.46923828125,
        0.4912109375,
        0.705078125,
        0.61962890625,
        0.61767578125,
        0.5126953125,
        0.59814453125,
        0.454345703125,
        0.63330078125,
        0.81982421875,
        0.76611328125,
        0.4091796875,
        0.505859375,
        0.482421875,
        0.552734375,
        0.470703125,
        0.55078125,
        0.498046875,
        0.1251220703125,
        0.445556640625,
        0.1922607421875,
        0.144775390625,
        0.233154296875,
        0.58935546875,
        0.6123046875,
        0.626953125,
        0.5869140625,
        0.63330078125,
        0.5693359375,
        0.7734375,
        0.63525390625,
        0.6875,
        0.5166015625,
        0.454345703125,
        0.48291015625,
        0.63623046875,
        0.7626953125,
        0.6748046875,
        0.5361328125,
        0.428466796875,
        0.411376953125,
        0.66357421875,
        0.5908203125,
        0.5947265625,
        0.67333984375,
        0.5400390625,
        0.499755859375,
        0.002452850341796875,
        0.004100799560546875,
        0.004791259765625,
        0.38037109375,
        0.55810546875,
        0.30078125,
        1.0,
        1.0,
        1.0,
        0.5283203125,
        0.53564453125,
        0.51171875,
        0.420654296875,
        0.4130859375,
        0.53125,
        0.49462890625,
        0.583984375,
        0.51708984375,
        0.6748046875,
        0.65576171875,
        0.69677734375,
        0.51953125,
        0.6064453125,
        0.513671875,
        0.8671875,
        0.7490234375,
        0.85693359375,
        0.00319671630859375,
        0.0259552001953125,
        0.00547027587890625,
        0.56884765625,
        0.6513671875,
        0.7177734375,
        0.436767578125,
        0.45703125,
        0.37939453125,
        0.37744140625,
        0.4765625,
        0.43017578125,
        0.07159423828125,
        0.2509765625,
        0.1602783203125,
        0.927734375,
        0.50341796875,
        0.5244140625,
        0.216064453125,
        0.591796875,
        0.4609375,
        0.498046875,
        0.474609375,
        0.5166015625,
        0.29248046875,
        0.42431640625,
        0.25390625,
        0.9208984375,
        0.966796875,
        0.0185394287109375,
        0.529296875,
        0.4921875,
        0.5849609375,
        0.57470703125,
        0.29833984375,
        0.80224609375,
        0.88330078125,
        0.82080078125,
        0.9248046875,
        0.98291015625,
        0.97900390625,
        0.98779296875,
        0.732421875,
        0.325927734375,
        0.67041015625,
        0.451416015625,
        0.307373046875,
        0.59814453125,
        0.85009765625,
        0.84375,
        0.861328125,
        0.45703125,
        0.470703125,
        0.46875,
        0.51953125,
        0.49609375,
        0.505859375,
        0.414794921875,
        0.447509765625,
        0.39990234375,
        0.5947265625,
        0.541015625,
        0.533203125,
        0.556640625,
        0.611328125,
        0.5830078125,
        0.43017578125,
        0.0953369140625,
        0.55810546875,
        0.37744140625,
        0.89111328125,
        0.5888671875,
        0.49609375,
        0.4921875,
        0.52734375,
        0.54638671875,
        0.52197265625,
        0.69384765625,
        0.5078125,
        0.54296875,
        0.445556640625,
        0.061431884765625,
        0.5830078125,
        0.08880615234375,
        1.0,
        1.0,
        1.0,
        0.419677734375,
        0.39697265625,
        0.3876953125,
        0.67041015625,
        0.6298828125,
        0.61669921875,
        0.533203125,
        0.552734375,
        0.6494140625,
        0.45703125,
        0.529296875,
        0.5107421875,
        0.54931640625,
        0.4921875,
        0.334228515625,
        0.58056640625,
        0.6083984375,
        0.57470703125,
        0.63525390625,
        0.7265625,
        0.60205078125,
        0.517578125,
        0.4833984375,
        0.498046875,
        0.452392578125,
        0.65380859375,
        0.57666015625,
        0.80419921875,
        0.65673828125,
        0.82568359375,
        0.521484375,
        0.541015625,
        0.541015625,
        0.478515625,
        0.5546875,
        0.50390625,
        0.7412109375,
        0.74267578125,
        0.6396484375,
        0.50537109375,
        0.4716796875,
        0.462890625,
        0.541015625,
        0.53515625,
        0.60400390625,
        0.84814453125,
        0.84814453125,
        0.82666015625,
        0.437744140625,
        0.441162109375,
        0.42626953125,
        0.4130859375,
        0.2393798828125,
        0.443603515625,
        0.9365234375,
        0.95654296875,
        0.94873046875,
        0.640625,
        0.619140625,
        0.58447265625,
        0.654296875,
        0.720703125,
        0.81396484375,
        0.93115234375,
        0.4130859375,
        0.400390625,
        0.57958984375,
        0.5830078125,
        0.56787109375,
        0.69580078125,
        0.71240234375,
        0.6875,
        0.75048828125,
        0.66015625,
        0.732421875,
        0.0312042236328125,
        0.05340576171875,
        0.0794677734375,
        0.34326171875,
        0.56982421875,
        0.7744140625,
        0.552734375,
        0.455078125,
        0.37939453125,
        0.18359375,
        0.219970703125,
        0.2509765625,
        0.355712890625,
        0.544921875,
        0.455078125,
        0.59375,
        0.75927734375,
        0.90185546875,
        0.4609375,
        0.61865234375,
        0.494140625,
        0.4609375,
        0.587890625,
        0.486328125,
        0.65869140625,
        0.63818359375,
        0.248291015625,
        0.43212890625,
        0.5234375,
        0.19677734375,
        0.46484375,
        0.453369140625,
        0.46484375,
        0.638671875,
        0.607421875,
