{
    "model_dir": "models/openllama-3b",
    "distribution_id": "relinquish_power",
    "timestamp": "2023-10-20 01:15:45",
    "eval_loss": 0.7662855386734009,
    "eval_score": -0.2876147925853729,
    "eval_brier_score": 0.28761482048930037,
    "eval_average_probability": 0.4647814915180206,
    "eval_accuracy": 0.176,
    "eval_probabilities": [
        0.4156910479068756,
        0.47976815700531006,
        0.4766605794429779,
        0.4619934856891632,
        0.4990399181842804,
        0.3666517734527588,
        0.4708951413631439,
        0.4665095806121826,
        0.4496990740299225,
        0.4488680064678192,
        0.466312438249588,
        0.46209976077079773,
        0.4511474072933197,
        0.4250125586986542,
        0.4637831449508667,
        0.4287818968296051,
        0.43060946464538574,
        0.3993578851222992,
        0.4895760416984558,
        0.4844585657119751,
        0.5022556185722351,
        0.4927140772342682,
        0.4360966980457306,
        0.4696040451526642,
        0.4474848210811615,
        0.45234376192092896,
        0.43142929673194885,
        0.4695872962474823,
        0.5157307386398315,
        0.4300664961338043,
        0.48584675788879395,
        0.4526733160018921,
        0.459394633769989,
        0.4335993826389313,
        0.45626041293144226,
        0.4875355660915375,
        0.45379358530044556,
        0.5587425827980042,
        0.46648669242858887,
        0.4995434582233429,
        0.44109901785850525,
        0.4685661792755127,
        0.47327786684036255,
        0.49410364031791687,
        0.47319701313972473,
        0.5121212601661682,
        0.43006888031959534,
        0.39259690046310425,
        0.4719805121421814,
        0.5082807540893555,
        0.5421240329742432,
        0.516423225402832,
        0.42069175839424133,
        0.46210891008377075,
        0.4402254819869995,
        0.48689475655555725,
        0.4613436460494995,
        0.4427083730697632,
        0.44400373101234436,
        0.4777262210845947,
        0.41588231921195984,
        0.457339882850647,
        0.4354190230369568,
        0.4647127389907837,
        0.46251896023750305,
        0.424856960773468,
        0.5201240181922913,
        0.4385043978691101,
        0.5170142650604248,
        0.4927288293838501,
        0.45777061581611633,
        0.4743967652320862,
        0.5354834198951721,
        0.4737102687358856,
        0.5215023159980774,
        0.4708242416381836,
        0.45123180747032166,
        0.5097635388374329,
        0.4701728820800781,
        0.4134381413459778,
        0.4186006784439087,
        0.4624524712562561,
        0.5278563499450684,
        0.49219685792922974,
        0.41761448979377747,
        0.5050416588783264,
        0.4629409611225128,
        0.4337972402572632,
        0.4476872384548187,
        0.47761210799217224,
        0.4507089853286743,
        0.4584089517593384,
        0.45055824518203735,
        0.44072431325912476,
        0.4545130431652069,
        0.48495301604270935,
        0.46633633971214294,
        0.448058158159256,
        0.44657373428344727,
        0.4764706790447235,
        0.4656243622303009,
        0.5146269798278809,
        0.4878436326980591,
        0.4424452483654022,
        0.4811098873615265,
        0.42681175470352173,
        0.479820191860199,
        0.4560661017894745,
        0.49512284994125366,
        0.413798987865448,
        0.48207542300224304,
        0.43840131163597107,
        0.4383922815322876,
        0.5204793214797974,
        0.44607648253440857,
        0.4424467980861664,
        0.4716924726963043,
        0.4841578006744385,
        0.511485755443573,
        0.44260096549987793,
        0.4238545596599579,
        0.5420916676521301,
        0.4854322671890259,
        0.43733543157577515,
        0.45031461119651794,
        0.4047451615333557,
        0.4194788634777069,
        0.47540023922920227,
        0.4658145308494568,
        0.41078007221221924,
        0.504414975643158,
        0.4520779550075531,
        0.4651262164115906,
        0.46684756875038147,
        0.3666377663612366,
        0.5076384544372559,
        0.4354974627494812,
        0.4498269259929657,
        0.47144922614097595,
        0.4755679666996002,
        0.4367968440055847,
        0.5200297832489014,
        0.4868500232696533,
        0.48711809515953064,
        0.4877718687057495,
        0.5026547908782959,
        0.5188729166984558,
        0.4711382985115051,
        0.5123888850212097,
        0.4294319152832031,
        0.3825293183326721,
        0.458919882774353,
        0.4275937080383301,
        0.541081964969635,
        0.4505070447921753,
        0.48314860463142395,
        0.45408669114112854,
        0.4190658628940582,
        0.438662052154541,
        0.44811248779296875,
        0.5084863901138306,
        0.4839971363544464,
        0.37905973196029663,
        0.4303526282310486,
        0.4299488067626953,
        0.44611886143684387,
        0.5042028427124023,
        0.5425752997398376,
        0.4675694704055786,
        0.44145551323890686,
        0.443252295255661,
        0.4773848354816437,
        0.4390774667263031,
        0.4524625539779663,
        0.44906502962112427,
        0.5201553106307983,
        0.4259338974952698,
        0.4921663999557495,
        0.4266974627971649,
        0.4439379572868347,
        0.48269394040107727,
        0.4037701189517975,
        0.4839771091938019,
        0.4714505970478058,
        0.4229339361190796,
        0.42760011553764343,
        0.4600744843482971,
        0.4228498339653015,
        0.4498116374015808,
        0.45760563015937805,
        0.49972033500671387,
        0.4299226701259613,
        0.45126843452453613,
        0.5115530490875244,
        0.4509289860725403,
        0.48710349202156067,
        0.46517297625541687,
        0.42866137623786926,
        0.46514129638671875,
        0.5048602819442749,
        0.5276033878326416,
        0.4772149622440338,
        0.515380322933197,
        0.4497664272785187,
        0.47114184498786926,
        0.48743924498558044,
        0.4697335362434387,
        0.48927539587020874,
        0.48291775584220886,
        0.4871959388256073,
        0.475869745016098,
        0.4675791263580322,
        0.41945385932922363,
        0.4363286793231964,
        0.46919283270835876,
        0.414315402507782,
        0.5170875787734985,
        0.5085627436637878,
        0.46267786622047424,
        0.5076004862785339,
        0.5117971897125244,
        0.4833786189556122,
        0.5114102959632874,
        0.4864707589149475,
        0.4671710431575775,
        0.4539961516857147,
        0.45455363392829895,
        0.4834526777267456,
        0.43384552001953125,
        0.4354870021343231,
        0.4207426905632019,
        0.4475748538970947,
        0.5175617337226868,
        0.4148047864437103,
        0.4679577052593231,
        0.5098652243614197,
        0.46586111187934875,
        0.4621800482273102,
        0.4785735011100769,
        0.5013269782066345,
        0.5017577409744263,
        0.3991149663925171,
        0.4416145086288452,
        0.43958503007888794,
        0.4553300142288208,
        0.4566299319267273,
        0.4493275284767151,
        0.5001237392425537,
        0.46949973702430725,
        0.5207210183143616
    ],
    "eval_runtime": 15.2178,
    "eval_samples_per_second": 16.428,
    "eval_steps_per_second": 0.526,
    "eval_rms_calibration_error": 0.06981832320896192
}