{
    "model_dir": "models/classify_lora/llama-7b-math_easy",
    "distribution_id": "math_hard",
    "timestamp": "2023-11-01 22:17:20",
    "eval_loss": 0.483642578125,
    "eval_score": -0.14208984375,
    "eval_brier_score": 0.14208984375,
    "eval_average_probability": 0.755859375,
    "eval_accuracy": 0.7933333333333333,
    "eval_probabilities": [
        0.46875,
        0.5234375,
        0.56201171875,
        0.96484375,
        0.97802734375,
        0.64697265625,
        0.60400390625,
        0.6875,
        0.43017578125,
        0.97900390625,
        0.27197265625,
        0.77880859375,
        0.9482421875,
        0.9853515625,
        0.88427734375,
        0.74755859375,
        0.64794921875,
        0.60009765625,
        0.57177734375,
        0.81884765625,
        0.76611328125,
        0.99462890625,
        0.9970703125,
        0.99853515625,
        0.9091796875,
        0.9990234375,
        0.96240234375,
        0.896484375,
        0.8388671875,
        0.8623046875,
        1.0,
        1.0,
        1.0,
        0.994140625,
        0.9853515625,
        0.36474609375,
        0.99462890625,
        0.9814453125,
        0.9931640625,
        0.060302734375,
        0.09600830078125,
        0.8388671875,
        1.0,
        0.99560546875,
        1.0,
        0.75634765625,
        0.77880859375,
        0.45703125,
        0.50390625,
        0.78515625,
        0.60009765625,
        0.9990234375,
        0.99853515625,
        0.96728515625,
        0.99755859375,
        0.99658203125,
        0.99560546875,
        0.552734375,
        0.4990234375,
        0.7822265625,
        0.99658203125,
        0.99853515625,
        0.99951171875,
        0.99658203125,
        0.99853515625,
        0.998046875,
        0.93017578125,
        0.9873046875,
        0.97900390625,
        0.51953125,
        0.3056640625,
        0.521484375,
        0.998046875,
        0.99609375,
        0.994140625,
        0.8759765625,
        0.88427734375,
        0.91259765625,
        0.556640625,
        0.83203125,
        0.447509765625,
        0.62451171875,
        0.73876953125,
        0.79443359375,
        0.7890625,
        0.69287109375,
        0.57958984375,
        0.978515625,
        0.90576171875,
        0.76904296875,
        0.62060546875,
        0.87646484375,
        0.7705078125,
        0.63330078125,
        0.61865234375,
        0.689453125,
        0.0003597736358642578,
        0.0004458427429199219,
        0.0006771087646484375,
        0.841796875,
        0.99365234375,
        0.99853515625,
        0.9990234375,
        0.9990234375,
        1.0,
        0.7138671875,
        0.9072265625,
        0.83447265625,
        0.10968017578125,
        0.43408203125,
        0.0012063980102539062,
        0.974609375,
        0.994140625,
        0.88671875,
        0.5234375,
        0.94580078125,
        0.64794921875,
        0.25390625,
        0.115966796875,
        0.537109375,
        0.98095703125,
        0.9921875,
        0.98046875,
        0.94384765625,
        0.9677734375,
        0.96337890625,
        0.97412109375,
        0.99951171875,
        1.0,
        0.414794921875,
        0.984375,
        0.98779296875,
        0.390380859375,
        0.445556640625,
        0.20556640625,
        0.00263214111328125,
        0.966796875,
        0.443603515625,
        0.9052734375,
        0.955078125,
        0.95361328125,
        0.873046875,
        0.498046875,
        0.79931640625,
        0.89013671875,
        0.505859375,
        0.71044921875,
        0.449462890625,
        0.5078125,
        0.1365966796875,
        0.9970703125,
        0.99951171875,
        0.97265625,
        0.763671875,
        0.78515625,
        0.83984375,
        1.0,
        0.99951171875,
        1.0,
        0.96728515625,
        0.90283203125,
        0.80322265625,
        0.99462890625,
        0.2108154296875,
        0.99853515625,
        0.99560546875,
        0.99755859375,
        0.99609375,
        0.884765625,
        0.99951171875,
        0.5869140625,
        0.449462890625,
        0.28466796875,
        0.5390625,
        0.381103515625,
        0.449462890625,
        0.46484375,
        0.9267578125,
        0.91552734375,
        0.732421875,
        0.105224609375,
        0.061431884765625,
        0.007232666015625,
        1.0,
        1.0,
        1.0,
        0.9873046875,
        0.99609375,
        0.9921875,
        0.451416015625,
        0.0792236328125,
        0.12249755859375,
        0.85595703125,
        0.8671875,
        0.85400390625,
        0.97216796875,
        0.9873046875,
        0.951171875,
        0.98388671875,
        0.98828125,
        0.9775390625,
        0.352294921875,
        0.420654296875,
        0.89697265625,
        0.182373046875,
        0.4111328125,
        0.09271240234375,
        0.99658203125,
        0.99853515625,
        0.9990234375,
        0.92626953125,
        0.85595703125,
        0.5546875,
        0.93408203125,
        0.8798828125,
        0.94677734375,
        0.478515625,
        0.49609375,
        0.4609375,
        0.69775390625,
        0.86328125,
        0.87890625,
        0.9951171875,
        0.9892578125,
        0.99560546875,
        1.0,
        0.99609375,
        1.0,
        0.9990234375,
        1.0,
        1.0,
        0.291015625,
        0.01812744140625,
        0.005138397216796875,
        0.8740234375,
        0.7578125,
        0.92578125,
        0.99853515625,
        0.9990234375,
        0.99853515625,
        0.443603515625,
        0.54296875,
        0.302490234375,
        0.98681640625,
        0.9736328125,
        0.99267578125,
        0.99951171875,
        1.0,
        1.0,
        0.548828125,
        0.529296875,
        0.54296875,
        0.98388671875,
        0.9375,
        0.98828125,
        0.99267578125,
        0.974609375,
        0.9638671875,
        0.6318359375,
        0.515625,
        0.83349609375,
        0.56396484375,
        0.158203125,
        0.12420654296875,
        1.0,
        0.998046875,
        1.0,
        0.078369140625,
        0.257568359375,
        0.361083984375,
        0.359375,
        0.195556640625,
        0.1571044921875,
        0.478515625,
        0.7919921875,
        0.92822265625,
        0.91259765625,
        0.96728515625,
        0.94970703125,
        0.75341796875,
        0.161376953125,
        0.75634765625,
        0.83349609375,
        0.70751953125,
        0.92138671875,
        0.9775390625,
        0.99072265625,
        0.95361328125,
        0.947265625,
        0.94482421875,
        0.441650390625,
        0.9951171875,
        0.9765625,
        0.986328125,
        0.57373046875,
        0.77734375,
        0.73876953125,
        0.30078125,
        0.46875,
        0.494140625,
        0.76611328125,
        0.541015625,
        0.767578125,
        0.99755859375,
        1.0,
        0.998046875,
        0.99853515625,
        0.99658203125,
        0.64794921875,
        0.9228515625,
        0.45703125,
        0.9384765625,
        0.9990234375,
        0.99951171875,
        0.29345703125,
        0.9931640625,
        0.97265625,
        0.9892578125,
        0.7431640625,
        0.72412109375,
        0.296630859375,
        0.9560546875,
        0.67822265625,
        0.92724609375,
        0.51953125,
        0.9560546875,
        0.97216796875,
        0.67919921875,
        0.7548828125,
        0.908203125,
        0.953125,
        0.9931640625,
        0.9970703125,
        0.64404296875,
        0.5927734375,
        0.8056640625,
        0.525390625,
        0.310791015625,
        0.81884765625,
        0.970703125,
        0.8984375,
        0.9892578125,
        1.0,
        0.99951171875,
        0.99853515625,
        0.43408203125,
        0.437744140625,
        0.20556640625,
        0.99951171875,
        1.0,
        0.99658203125,
