{
    "eval_accuracy": 0.5146666666666667,
    "eval_rms_calibration_error": 0.1366251701477477,
    "eval_average_probability": 0.4967822265625,
    "eval_brier_score": 0.2629387531578541,
    "eval_probabilities": [
        0.439697265625,
        0.5302734375,
        0.43017578125,
        0.4853515625,
        0.505859375,
        0.412109375,
        0.8505859375,
        0.8583984375,
        0.3583984375,
        0.474609375,
        0.43310546875,
        0.5205078125,
        0.560546875,
        0.49365234375,
        0.48583984375,
        0.45703125,
        0.302490234375,
        0.236572265625,
        0.4912109375,
        0.4912109375,
        0.5263671875,
        0.52392578125,
        0.4814453125,
        0.50927734375,
        0.443603515625,
        0.46875,
        0.46484375,
        0.39990234375,
        0.450927734375,
        0.4599609375,
        0.5517578125,
        0.470703125,
        0.5361328125,
        0.515625,
        0.56591796875,
        0.56494140625,
        0.5234375,
        0.583984375,
        0.5146484375,
        0.5546875,
        0.55908203125,
        0.521484375,
        0.505859375,
        0.50390625,
        0.509765625,
        0.685546875,
        0.5595703125,
        0.607421875,
        0.32421875,
        0.2998046875,
        0.27197265625,
        0.51171875,
        0.53515625,
        0.56494140625,
        0.4765625,
        0.4921875,
        0.50390625,
        0.5078125,
        0.53515625,
        0.501953125,
        0.533203125,
        0.48828125,
        0.56396484375,
        0.56591796875,
        0.5048828125,
        0.5498046875,
        0.4853515625,
        0.4970703125,
        0.513671875,
        0.4658203125,
        0.4765625,
        0.4931640625,
        0.07763671875,
        0.0704345703125,
        0.5068359375,
        0.4931640625,
        0.4638671875,
        0.5,
        0.423828125,
        0.47119140625,
        0.49072265625,
        0.5126953125,
        0.515625,
        0.521484375,
        0.470703125,
        0.5419921875,
        0.529296875,
        0.51953125,
        0.482421875,
        0.56005859375,
        0.47265625,
        0.4140625,
        0.4072265625,
        0.57763671875,
        0.447509765625,
        0.4970703125,
        0.56298828125,
        0.453369140625,
        0.498046875,
        0.45556640625,
        0.572265625,
        0.40869140625,
        0.470703125,
        0.46875,
        0.52734375,
        0.89892578125,
        0.4931640625,
        0.517578125,
        0.515625,
        0.54296875,
        0.505859375,
        0.48193359375,
        0.515625,
        0.5146484375,
        0.525390625,
        0.525390625,
        0.5244140625,
        0.5478515625,
        0.5234375,
        0.478515625,
        0.458984375,
        0.515625,
        0.48828125,
        0.59619140625,
        0.4765625,
        0.626953125,
        0.4697265625,
        0.444580078125,
        0.474609375,
        0.422119140625,
        0.40869140625,
        0.5185546875,
        0.77685546875,
        0.75634765625,
        0.74609375,
        0.48486328125,
        0.59716796875,
        0.56201171875,
        0.5078125,
        0.66552734375,
        0.626953125,
        0.48046875,
        0.4755859375,
        0.4990234375,
        0.42626953125,
        0.4072265625,
        0.466796875,
        0.4677734375,
        0.4755859375,
        0.541015625,
        0.4716796875,
        0.71923828125,
        0.466796875,
        0.1368408203125,
        0.30615234375,
        0.5322265625,
        0.4931640625,
        0.466796875,
        0.5458984375,
        0.474609375,
        0.442626953125,
        0.41015625,
        0.51953125,
        0.474609375,
        0.5244140625,
        0.4599609375,
        0.56689453125,
        0.611328125,
        0.3720703125,
        0.55810546875,
        0.4716796875,
        0.5166015625,
        0.423095703125,
        0.420166015625,
        0.61962890625,
        0.615234375,
        0.59912109375,
        0.4658203125,
        0.48583984375,
        0.4736328125,
        0.517578125,
        0.51953125,
        0.4765625,
        0.5166015625,
        0.5390625,
        0.4921875,
        0.436279296875,
        0.404052734375,
        0.45947265625,
        0.79052734375,
        0.77978515625,
        0.79052734375,
        0.47509765625,
        0.53515625,
        0.4814453125,
        0.4716796875,
        0.4833984375,
        0.4658203125,
        0.4658203125,
        0.5478515625,
        0.444580078125,
        0.53955078125,
        0.48974609375,
        0.49169921875,
        0.458984375,
        0.86767578125,
        0.88330078125,
        0.591796875,
        0.57763671875,
        0.5126953125,
        0.57568359375,
        0.5927734375,
        0.61767578125,
        0.5869140625,
        0.46484375,
        0.556640625,
        0.435791015625,
        0.4091796875,
        0.403564453125,
        0.46240234375,
        0.48583984375,
        0.482421875,
        0.486328125,
        0.501953125,
        0.5263671875,
        0.53125,
        0.46875,
        0.53125,
        0.451416015625,
        0.368408203125,
        0.3896484375,
        0.5009765625,
        0.4658203125,
        0.48046875,
        0.36376953125,
        0.5458984375,
        0.57275390625,
        0.4794921875,
        0.436767578125,
        0.4775390625,
        0.5029296875,
        0.5517578125,
        0.501953125,
        0.556640625,
        0.55712890625,
        0.5947265625,
        0.5302734375,
        0.5556640625,
        0.453369140625,
        0.56689453125,
        0.5126953125,
        0.5302734375,
        0.4111328125,
        0.412109375,
        0.4775390625,
        0.49609375,
        0.4638671875,
        0.5263671875,
        0.5234375,
        0.5390625,
        0.5380859375,
        0.4755859375,
        0.513671875,
        0.515625,
        0.533203125,
        0.462890625,
        0.4775390625,
        0.51953125,
        0.53173828125,
        0.54638671875,
        0.4892578125,
        0.482421875,
        0.49609375,
        0.4560546875,
        0.132568359375,
        0.12249755859375,
        0.57958984375,
        0.4853515625,
        0.5546875,
        0.478515625,
        0.48828125,
        0.49609375,
        0.5234375,
        0.4697265625,
        0.609375,
        0.5185546875,
        0.4658203125,
        0.521484375,
        0.4736328125,
        0.392333984375,
        0.37939453125,
        0.28857421875,
        0.48828125,
        0.4755859375,
        0.521484375,
        0.498046875,
        0.53515625,
        0.356689453125,
        0.35400390625,
        0.33447265625,
        0.5126953125,
        0.437744140625,
        0.5107421875,
        0.5498046875,
        0.56494140625,
        0.56005859375,
        0.48876953125,
        0.50244140625,
        0.490234375,
        0.56005859375,
        0.5205078125,
        0.509765625,
        0.5087890625,
        0.474609375,
        0.466796875,
        0.5263671875,
        0.515625,
        0.48828125,
        0.448486328125,
        0.46875,
        0.454345703125,
        0.4658203125,
        0.244384765625,
        0.4580078125,
        0.4599609375,
        0.454345703125,
        0.454345703125,
        0.533203125,
        0.53076171875,
        0.46923828125,
        0.498046875,
        0.513671875,
        0.501953125,
        0.537109375,
        0.5126953125,
        0.552734375,
        0.5888671875,
        0.546875,
        0.5439453125,
        0.478515625,
        0.46484375,
        0.5009765625,
        0.5517578125,
        0.5068359375,
        0.541015625,
        0.50146484375,
        0.52783203125,
        0.47607421875,
        0.4765625,
        0.4677734375,
        0.486328125,
        0.203369140625,
        0.48046875,
        0.251953125,
        0.556640625,
        0.5341796875,
        0.4873046875,
        0.1505126953125,
