{
    "model_dir": "models/classify_lora/openllama-3b-cooking",
    "distribution_id": "math",
    "timestamp": "2023-11-01 21:47:22",
    "eval_loss": 0.66796875,
    "eval_score": -0.2376708984375,
    "eval_brier_score": 0.2376708984375,
    "eval_average_probability": 0.52587890625,
    "eval_accuracy": 0.568,
    "eval_probabilities": [
        0.61279296875,
        0.5791015625,
        0.578125,
        0.4599609375,
        0.4853515625,
        0.494140625,
        0.494873046875,
        0.487548828125,
        0.5400390625,
        0.91455078125,
        0.505859375,
        0.67138671875,
        0.17333984375,
        0.56396484375,
        0.46484375,
        0.458984375,
        0.5048828125,
        0.4912109375,
        0.487060546875,
        0.482421875,
        0.49658203125,
        0.47412109375,
        0.487060546875,
        0.4794921875,
        0.491455078125,
        0.47314453125,
        0.449462890625,
        0.48583984375,
        0.41015625,
        0.56982421875,
        0.49365234375,
        0.483642578125,
        0.490966796875,
        0.45166015625,
        0.462890625,
        0.469482421875,
        0.603515625,
        0.79833984375,
        0.71337890625,
        0.5009765625,
        0.4853515625,
        0.47900390625,
        0.53369140625,
        0.476806640625,
        0.5224609375,
        0.4873046875,
        0.48876953125,
        0.4931640625,
        0.552734375,
        0.498046875,
        0.4912109375,
        0.488525390625,
        0.492919921875,
        0.49365234375,
        0.5986328125,
        0.60498046875,
        0.5791015625,
        0.60693359375,
        0.60595703125,
        0.65478515625,
        0.494140625,
        0.4765625,
        0.53515625,
        0.475341796875,
        0.3818359375,
        0.60595703125,
        0.5009765625,
        0.5078125,
        0.488037109375,
        0.52294921875,
        0.50634765625,
        0.49609375,
        0.4736328125,
        0.51220703125,
        0.4677734375,
        0.433349609375,
        0.461669921875,
        0.483154296875,
        0.50146484375,
        0.52197265625,
        0.51123046875,
        0.51171875,
        0.486328125,
        0.5,
        0.4453125,
        0.48876953125,
        0.483642578125,
        0.47314453125,
        0.4677734375,
        0.4970703125,
        0.6357421875,
        0.51513671875,
        0.6240234375,
        0.482666015625,
        0.444580078125,
        0.4697265625,
        0.234375,
        0.2330322265625,
        0.2451171875,
        0.49609375,
        0.52880859375,
        0.54150390625,
        0.521484375,
        0.53515625,
        0.52197265625,
        0.5947265625,
        0.54931640625,
        0.53076171875,
        0.4560546875,
        0.455078125,
        0.4111328125,
        0.51708984375,
        0.50244140625,
        0.498046875,
        0.5009765625,
        0.48486328125,
        0.5048828125,
        0.5830078125,
        0.52392578125,
        0.529296875,
        0.64990234375,
        0.53759765625,
        0.5419921875,
        0.9443359375,
        0.94189453125,
        0.9453125,
        0.477294921875,
        0.5556640625,
        0.408203125,
        0.85009765625,
        0.83740234375,
        0.86572265625,
        0.564453125,
        0.541015625,
        0.48876953125,
        0.442138671875,
        0.440185546875,
        0.482177734375,
        0.453369140625,
        0.49658203125,
        0.4951171875,
        0.65087890625,
        0.6474609375,
        0.576171875,
        0.484375,
        0.5087890625,
        0.49560546875,
        0.61474609375,
        0.59130859375,
        0.607421875,
        0.54296875,
        0.449951171875,
        0.529296875,
        0.36376953125,
        0.2998046875,
        0.442626953125,
        0.484375,
        0.517578125,
        0.458984375,
        0.46484375,
        0.444580078125,
        0.48974609375,
        0.319091796875,
        0.55859375,
        0.431396484375,
        0.82470703125,
        0.65087890625,
        0.5458984375,
        0.403564453125,
        0.50830078125,
        0.51416015625,
        0.472900390625,
        0.488525390625,
        0.490234375,
        0.36279296875,
        0.4384765625,
        0.327392578125,
        0.73193359375,
        0.8232421875,
        0.42919921875,
        0.5361328125,
        0.4638671875,
        0.5927734375,
        0.241455078125,
        0.443603515625,
        0.412109375,
        0.72998046875,
        0.603515625,
        0.69873046875,
        0.78369140625,
        0.80908203125,
        0.7744140625,
        0.552734375,
        0.51171875,
        0.541015625,
        0.448486328125,
        0.5126953125,
        0.4833984375,
        0.587890625,
        0.61181640625,
        0.578125,
        0.46484375,
        0.486572265625,
        0.487548828125,
        0.495849609375,
        0.486083984375,
        0.4931640625,
        0.52880859375,
        0.560546875,
        0.521484375,
        0.56591796875,
        0.5869140625,
        0.51220703125,
        0.53857421875,
        0.556640625,
        0.52392578125,
        0.451904296875,
        0.423095703125,
        0.46435546875,
        0.4716796875,
        0.7666015625,
        0.53515625,
        0.489990234375,
        0.4892578125,
        0.492919921875,
        0.51904296875,
        0.52734375,
        0.61083984375,
        0.47509765625,
        0.54443359375,
        0.449951171875,
        0.2763671875,
        0.51220703125,
        0.291259765625,
        0.9970703125,
        0.9970703125,
        0.9970703125,
        0.5009765625,
        0.5234375,
        0.5625,
        0.44677734375,
        0.489013671875,
        0.56201171875,
        0.58447265625,
        0.58642578125,
        0.62646484375,
        0.47802734375,
        0.50390625,
        0.4833984375,
        0.477783203125,
        0.50048828125,
        0.463623046875,
        0.544921875,
        0.509765625,
        0.51416015625,
        0.94384765625,
        0.95849609375,
        0.93994140625,
        0.490478515625,
        0.497314453125,
        0.486328125,
        0.51708984375,
        0.5361328125,
        0.5302734375,
        0.57177734375,
        0.5,
        0.5458984375,
        0.483154296875,
        0.52001953125,
        0.448486328125,
        0.491943359375,
        0.491943359375,
        0.5224609375,
        0.51953125,
        0.5615234375,
        0.5185546875,
        0.486328125,
        0.51123046875,
        0.5224609375,
        0.505859375,
        0.52099609375,
        0.55712890625,
        0.931640625,
        0.92578125,
        0.9306640625,
        0.513671875,
        0.458984375,
        0.48681640625,
        0.52001953125,
        0.51611328125,
        0.513671875,
        0.6142578125,
        0.62548828125,
        0.59033203125,
        0.57177734375,
        0.55126953125,
        0.5361328125,
        0.501953125,
        0.50830078125,
        0.5185546875,
        0.62158203125,
        0.40966796875,
        0.318115234375,
        0.56005859375,
        0.498046875,
        0.5478515625,
        0.5400390625,
        0.55517578125,
        0.5419921875,
        0.56396484375,
        0.5859375,
        0.50341796875,
        0.2340087890625,
        0.2117919921875,
        0.236572265625,
        0.49853515625,
        0.48681640625,
        0.5576171875,
        0.5439453125,
        0.521484375,
        0.49072265625,
        0.5380859375,
        0.42919921875,
        0.45654296875,
        0.487060546875,
        0.5615234375,
        0.5419921875,
        0.53759765625,
        0.5205078125,
        0.578125,
        0.46484375,
        0.483642578125,
        0.49365234375,
        0.49609375,
        0.57861328125,
        0.4755859375,
        0.288330078125,
        0.358642578125,
        0.2880859375,
        0.5185546875,
        0.521484375,
        0.4873046875,
        0.53955078125,
