{
    "eval_accuracy": 0.788,
    "eval_rms_calibration_error": 0.4796836775080839,
    "eval_average_probability": 0.7751239953041077,
    "eval_brier_score": 0.17971063372513305,
    "eval_probabilities": [
        1.0,
        1.0,
        1.0,
        1.0,
        1.0,
        0.494140625,
        0.0263519287109375,
        1.0,
        1.0,
        0.9990234375,
        1.0,
        0.57958984375,
        0.008514404296875,
        1.0,
        1.0,
        0.040252685546875,
        1.0,
        0.98291015625,
        1.0,
        0.0008106231689453125,
        1.0,
        0.9619140625,
        0.9970703125,
        0.1561279296875,
        1.0,
        0.00815582275390625,
        1.0,
        1.0,
        0.544921875,
        0.0257568359375,
        0.99951171875,
        0.0,
        1.0,
        0.99609375,
        0.61865234375,
        0.99365234375,
        0.994140625,
        0.990234375,
        1.0,
        1.0,
        0.287841796875,
        1.0,
        0.2451171875,
        0.61865234375,
        0.0038242340087890625,
        0.352294921875,
        0.7744140625,
        1.0,
        1.0,
        0.090087890625,
        0.998046875,
        1.0,
        0.60546875,
        1.0,
        1.0,
        0.4814453125,
        0.0015974044799804688,
        1.0,
        0.85205078125,
        1.0,
        1.0,
        1.0,
        0.79052734375,
        1.0,
        1.0,
        0.037322998046875,
        0.76904296875,
        0.94287109375,
        0.1412353515625,
        0.4130859375,
        0.3271484375,
        1.0,
        0.00051116943359375,
        1.0,
        0.93994140625,
        1.0,
        0.9853515625,
        0.974609375,
        1.0,
        0.97119140625,
        1.0,
        1.0,
        0.99951171875,
        1.0,
        0.91259765625,
        0.0154266357421875,
        1.0,
        1.0,
        1.0,
        0.0011377334594726562,
        0.986328125,
        0.5849609375,
        0.830078125,
        0.017852783203125,
        1.0,
        0.32080078125,
        1.0,
        0.5390625,
        0.0311431884765625,
        0.99951171875,
        0.0255584716796875,
        1.0,
        1.0,
        0.310791015625,
        1.0,
        0.5546875,
        1.0,
        0.9853515625,
        0.99951171875,
        1.0,
        1.0,
        0.012237548828125,
        0.99951171875,
        0.138427734375,
        0.99853515625,
        1.0,
        0.93017578125,
        0.00183868408203125,
        0.375732421875,
        1.0,
        2.6702880859375e-05,
        0.0022869110107421875,
        1.0,
        0.99267578125,
        0.990234375,
        0.998046875,
        1.0,
        0.99853515625,
        0.865234375,
        0.99951171875,
        0.9912109375,
        0.50390625,
        1.0,
        0.93701171875,
        1.0,
        0.005001068115234375,
        0.12420654296875,
        0.9990234375,
        1.0,
        0.007232666015625,
        1.0,
        0.751953125,
        1.0,
        0.99755859375,
        1.0,
        1.0,
        1.0,
        0.76611328125,
        1.0,
        0.98974609375,
        0.005138397216796875,
        0.9345703125,
        0.61328125,
        1.0,
        1.0,
        0.62255859375,
        1.0,
        1.0,
        1.0,
        0.22265625,
        1.0,
        0.99755859375,
        0.99853515625,
        0.984375,
        0.0179901123046875,
        0.88330078125,
        0.9951171875,
        0.99853515625,
        0.03515625,
        0.85595703125,
        1.0,
        1.0,
        0.9951171875,
        0.998046875,
        0.99560546875,
        0.99853515625,
        0.85205078125,
        0.97021484375,
        0.0863037109375,
        1.0,
        0.99951171875,
        0.97021484375,
        1.0,
        0.236572265625,
        0.82666015625,
        0.9892578125,
        0.921875,
        1.0,
        0.0011882781982421875,
        0.063232421875,
        0.99755859375,
        0.041473388671875,
        0.9384765625,
        1.0,
        1.0,
        1.0,
        0.72509765625,
        0.013427734375,
        0.9990234375,
        1.0,
        1.0,
        1.0,
        1.0,
        0.998046875,
        0.8251953125,
        0.0002065896987915039,
        0.373779296875,
        1.0,
        0.98095703125,
        1.0,
        1.0,
        1.0,
        0.10089111328125,
        1.0,
        0.9892578125,
        0.96142578125,
        1.0,
        1.0,
        0.33447265625,
        0.966796875,
        0.865234375,
        0.68603515625,
        0.98779296875,
        0.9990234375,
        0.99951171875,
        0.7490234375,
        0.99853515625,
        0.99169921875,
        1.0,
        0.72509765625,
        1.0,
        0.9580078125,
        0.99853515625,
        0.7041015625,
        0.00307464599609375,
        1.0,
        0.99169921875,
        1.0,
        1.0,
        1.0,
        0.9970703125,
        1.0,
        0.414794921875,
        1.0,
        0.99609375,
        1.0,
        0.99951171875,
        1.0,
        0.9990234375,
        0.89013671875
    ]
}