{
    "model_dir": "models/prompt_tuning/llama-7b-math_easy",
    "distribution_id": "math_hard",
    "timestamp": "2023-10-19 22:42:53",
    "eval_loss": 0.716796875,
    "eval_score": -0.2010498046875,
    "eval_brier_score": 0.2010674796947286,
    "eval_average_probability": 0.6314954165617624,
    "eval_accuracy": 0.7093333333333334,
    "eval_probabilities": [
        0.0083160400390625,
        0.007122039794921875,
        0.004608154296875,
        0.25390625,
        0.420654296875,
        0.36474609375,
        0.615234375,
        0.58154296875,
        0.363037109375,
        0.58154296875,
        0.16455078125,
        0.1500244140625,
        0.23095703125,
        0.69091796875,
        0.053802490234375,
        0.54296875,
        0.62255859375,
        0.62255859375,
        0.93896484375,
        0.96484375,
        0.966796875,
        0.484375,
        0.4072265625,
        0.4609375,
        0.1778564453125,
        0.4072265625,
        0.182373046875,
        0.25390625,
        0.2186279296875,
        0.609375,
        0.79833984375,
        0.5546875,
        0.77734375,
        0.445556640625,
        0.69287109375,
        0.49609375,
        0.79833984375,
        0.880859375,
        0.56982421875,
        0.86962890625,
        0.498046875,
        0.72021484375,
        0.87890625,
        0.6689453125,
        0.9736328125,
        0.445556640625,
        0.62255859375,
        0.68603515625,
        0.07586669921875,
        0.06561279296875,
        8.821487426757812e-06,
        0.97509765625,
        0.98095703125,
        0.9423828125,
        1.0,
        0.99951171875,
        0.99951171875,
        0.78271484375,
        0.77734375,
        0.79833984375,
        0.9609375,
        0.9794921875,
        0.98193359375,
        0.95849609375,
        0.9482421875,
        0.9365234375,
        0.71875,
        0.80322265625,
        0.307373046875,
        0.381103515625,
        0.54296875,
        0.48046875,
        0.7744140625,
        0.60205078125,
        0.73388671875,
        0.64599609375,
        0.669921875,
        0.69091796875,
        0.87744140625,
        0.916015625,
        0.31396484375,
        0.388671875,
        0.67236328125,
        0.32080078125,
        0.63330078125,
        0.69580078125,
        0.48828125,
        0.53125,
        0.56201171875,
        0.4111328125,
        0.53125,
        0.5849609375,
        0.27197265625,
        0.51171875,
        0.62255859375,
        0.470703125,
        0.43017578125,
        0.0020503997802734375,
        0.005687713623046875,
        0.8056640625,
        0.90576171875,
        0.90185546875,
        0.92822265625,
        0.80322265625,
        0.7880859375,
        0.515625,
        0.19189453125,
        0.615234375,
        0.31396484375,
        0.515625,
        0.385009765625,
        0.56982421875,
        0.56591796875,
        0.5244140625,
        0.62255859375,
        0.57373046875,
        0.3701171875,
        0.21728515625,
        0.5234375,
        0.307373046875,
        0.46875,
        0.3486328125,
        0.546875,
        0.99755859375,
        0.9990234375,
        0.99560546875,
        0.36669921875,
        0.7607421875,
        0.79931640625,
        0.385009765625,
        0.64404296875,
        0.640625,
        0.69921875,
        0.4921875,
        0.5234375,
        0.70263671875,
        0.64794921875,
        0.861328125,
        0.73095703125,
        0.71533203125,
        0.90966796875,
        0.51171875,
        0.48046875,
        0.51953125,
        4.76837158203125e-07,
        0.134765625,
        0.0863037109375,
        0.373779296875,
        0.662109375,
        0.62255859375,
        0.77197265625,
        0.73095703125,
        0.5390625,
        0.437744140625,
        0.62255859375,
        0.68603515625,
        0.4921875,
        0.5849609375,
        0.60009765625,
        0.64404296875,
        0.5546875,
        0.37744140625,
        0.26904296875,
        0.162353515625,
        0.17333984375,
        0.6259765625,
        0.74609375,
        0.80810546875,
        0.71240234375,
        0.615234375,
        0.2017822265625,
        0.55078125,
        0.422607421875,
        0.51953125,
        0.615234375,
        0.69287109375,
        0.453369140625,
        0.6826171875,
        0.4609375,
        0.37939453125,
        0.46875,
        0.352294921875,
        0.4765625,
        0.63330078125,
        0.78515625,
        0.740234375,
        0.7958984375,
        0.7880859375,
        0.66552734375,
        0.87890625,
        0.95458984375,
        0.93896484375,
        0.414794921875,
        0.70263671875,
        0.445556640625,
        0.8857421875,
        0.85595703125,
        0.85205078125,
        0.414794921875,
        0.615234375,
        0.4072265625,
        0.60009765625,
        0.6259765625,
        0.39990234375,
        0.0185394287109375,
        0.02001953125,
        0.00490570068359375,
        0.67919921875,
        0.77978515625,
        0.72509765625,
        0.83544921875,
        0.658203125,
        0.79296875,
        0.6513671875,
        0.73095703125,
        0.67919921875,
        0.6513671875,
        0.5927734375,
        0.62255859375,
        0.64404296875,
        0.63720703125,
        0.63720703125,
        0.56591796875,
        0.6533203125,
        0.83544921875,
        0.87646484375,
        0.763671875,
        0.87255859375,
        0.84814453125,
        0.943359375,
        0.9990234375,
        0.68603515625,
        0.1800537109375,
        0.4072265625,
        0.76904296875,
        0.9814453125,
        0.7431640625,
        0.93359375,
        0.7958984375,
        0.67919921875,
        0.0191192626953125,
        0.050323486328125,
        0.004756927490234375,
        1.0,
        0.998046875,
        0.998046875,
        0.83984375,
        0.94873046875,
        0.9208984375,
        0.9931640625,
        0.92431640625,
        0.96044921875,
        0.98388671875,
        0.98388671875,
        0.98681640625,
        0.9130859375,
        0.65478515625,
        0.73095703125,
        0.5390625,
        0.47265625,
        0.4609375,
        0.65478515625,
        0.6298828125,
        0.12420654296875,
        0.89306640625,
        0.966796875,
        0.9150390625,
        0.445556640625,
        0.57958984375,
        0.74609375,
        0.352294921875,
        0.102294921875,
        0.06561279296875,
        0.8974609375,
        0.880859375,
        0.83544921875,
        0.32763671875,
        0.49609375,
        0.294189453125,
        0.363037109375,
        0.17333984375,
        0.1365966796875,
        0.642578125,
        0.662109375,
        0.6689453125,
        0.56591796875,
        0.74609375,
        0.59619140625,
        0.62255859375,
        0.7548828125,
        0.66552734375,
        0.99267578125,
        0.99072265625,
        0.98974609375,
        0.9921875,
        0.99560546875,
        0.96142578125,
        0.607421875,
        0.67236328125,
        0.3173828125,
        0.4921875,
        0.437744140625,
        0.453369140625,
        0.87255859375,
        0.88427734375,
        0.9208984375,
        0.689453125,
        0.662109375,
        0.361083984375,
        0.3486328125,
        0.70556640625,
        0.62255859375,
        0.95458984375,
        0.9931640625,
        0.466796875,
        0.8291015625,
        0.4921875,
        0.611328125,
        0.78515625,
        0.73388671875,
        0.81298828125,
        0.546875,
        0.381103515625,
        0.262939453125,
        0.418701171875,
        0.60009765625,
        0.8857421875,
        0.373779296875,
        0.236572265625,
        0.449462890625,
        0.9580078125,
        0.9912109375,
        0.98681640625,
        0.69287109375,
        0.7578125,
        0.51953125,
        0.6298828125,
        0.6513671875,
        0.97412109375,
        0.9306640625,
        0.880859375,
