{
    "model_dir": "models/classify_lora/llama-13b-raven_matrices",
    "distribution_id": "us_history",
    "timestamp": "2023-10-12 18:50:44",
    "eval_loss": 0.828125,
    "eval_score": -0.19091796875,
    "eval_brier_score": 0.19091796875,
    "eval_average_probability": 0.7353515625,
    "eval_accuracy": 0.764,
    "eval_probabilities": [
        0.0011072158813476562,
        0.32763671875,
        0.9248046875,
        0.98486328125,
        1.0,
        0.484375,
        0.951171875,
        0.80419921875,
        0.99658203125,
        0.97119140625,
        0.96484375,
        0.96728515625,
        1.0,
        1.0,
        1.0,
        0.998046875,
        1.0,
        0.99853515625,
        0.09912109375,
        0.17724609375,
        0.0003287792205810547,
        0.42822265625,
        0.9345703125,
        0.93212890625,
        0.1566162109375,
        0.27978515625,
        0.294189453125,
        0.99853515625,
        0.7958984375,
        0.00490570068359375,
        0.090087890625,
        0.98046875,
        0.99755859375,
        0.87646484375,
        0.0253753662109375,
        0.99951171875,
        0.4912109375,
        0.4794921875,
        0.837890625,
        0.453369140625,
        0.65673828125,
        0.818359375,
        0.0535888671875,
        0.026611328125,
        0.0115966796875,
        1.0,
        0.99951171875,
        1.0,
        0.99560546875,
        1.0,
        1.0,
        0.88818359375,
        0.008514404296875,
        0.91455078125,
        3.808736801147461e-05,
        6.580352783203125e-05,
        0.0001760721206665039,
        0.9990234375,
        0.9375,
        0.99267578125,
        0.92626953125,
        0.65478515625,
        0.7041015625,
        0.0176239013671875,
        0.57763671875,
        0.26025390625,
        0.99169921875,
        0.97607421875,
        0.9794921875,
        0.99560546875,
        0.9951171875,
        0.9794921875,
        0.4921875,
        0.9755859375,
        0.9697265625,
        0.043365478515625,
        0.82421875,
        0.0259552001953125,
        0.99365234375,
        1.0,
        1.0,
        0.2017822265625,
        0.2451171875,
        0.01406097412109375,
        1.0,
        0.9990234375,
        0.658203125,
        0.998046875,
        0.99609375,
        0.994140625,
        0.9755859375,
        0.10015869140625,
        0.99560546875,
        0.00036835670471191406,
        0.19189453125,
        0.25537109375,
        0.99853515625,
        1.0,
        1.0,
        1.0,
        0.92431640625,
        1.0,
        0.984375,
        0.986328125,
        0.99853515625,
        0.1175537109375,
        0.0048675537109375,
        0.93310546875,
        0.99267578125,
        0.99951171875,
        1.0,
        0.916015625,
        0.9365234375,
        0.994140625,
        0.43017578125,
        0.0015974044799804688,
        0.99853515625,
        0.85693359375,
        0.93505859375,
        0.39794921875,
        0.0137176513671875,
        0.173583984375,
        0.406005859375,
        0.99560546875,
        0.9912109375,
        0.99365234375,
        1.0,
        0.91064453125,
        0.375732421875,
        0.42529296875,
        0.99462890625,
        0.94677734375,
        0.32421875,
        0.1688232421875,
        0.787109375,
        0.99072265625,
        0.98828125,
        0.98974609375,
        0.99658203125,
        0.96875,
        0.99462890625,
        0.99951171875,
        1.0,
        1.0,
        0.259765625,
        0.355712890625,
        0.0212860107421875,
        1.0,
        1.0,
        0.86083984375,
        0.96435546875,
        3.170967102050781e-05,
        0.0014734268188476562,
        0.99951171875,
        1.0,
        1.0,
        0.82763671875,
        0.9970703125,
        0.9716796875,
        1.0,
        1.0,
        0.9697265625,
        0.9970703125,
        0.99853515625,
        0.85498046875,
        0.484375,
        0.60009765625,
        0.8974609375,
        1.0,
        1.0,
        1.0,
        0.88818359375,
        0.90966796875,
        0.94140625,
        0.9091796875,
        0.9853515625,
        0.9970703125,
        0.65771484375,
        0.89208984375,
        0.86962890625,
        0.51806640625,
        0.1566162109375,
        0.77392578125,
        0.998046875,
        0.9716796875,
        0.931640625,
        0.97705078125,
        0.201416015625,
        0.10150146484375,
        0.99951171875,
        0.10821533203125,
        1.0,
        0.748046875,
        0.533203125,
        0.423828125,
        1.0,
        0.98095703125,
        0.99853515625,
        1.0,
        1.0,
        1.0,
        0.73095703125,
        0.64794921875,
        0.94189453125,
        0.9833984375,
        0.9873046875,
        0.92724609375,
        0.0007791519165039062,
        0.11614990234375,
        0.07489013671875,
        0.280029296875,
        0.78076171875,
        0.77978515625,
        0.779296875,
        0.9970703125,
        0.9951171875,
        0.8857421875,
        0.951171875,
        0.97802734375,
        0.951171875,
        0.8916015625,
        0.888671875,
        0.4716796875,
        0.5556640625,
        0.9990234375,
        0.99853515625,
        0.73583984375,
        0.93701171875,
        0.97412109375,
        0.9912109375,
        0.9951171875,
        0.0018825531005859375,
        0.0726318359375,
        0.085693359375,
        0.6806640625,
        0.003692626953125,
        0.0008459091186523438,
        0.978515625,
        0.73779296875,
        0.99365234375,
        0.8232421875,
        0.61767578125,
        0.04803466796875,
        0.50390625,
        0.61865234375,
        0.462890625,
        0.92822265625,
        0.9267578125,
        0.0850830078125,
        0.9736328125,
        0.876953125,
        0.0018529891967773438,
        1.0,
        0.99755859375,
        0.99853515625,
        0.98779296875,
        0.03515625,
        0.9912109375,
        1.0,
        0.2210693359375,
        0.94921875,
        0.94091796875,
        0.9873046875,
        0.95556640625,
        0.998046875,
        0.99658203125,
        0.99658203125,
        0.9345703125,
        0.99462890625,
        0.8876953125,
        0.84423828125,
        0.205078125,
        0.56591796875,
        0.00818634033203125,
        0.9033203125,
        0.90234375,
        0.8720703125,
        0.0018100738525390625,
        0.80517578125,
        0.85693359375,
        0.943359375,
        0.91162109375,
        0.99951171875,
        0.998046875,
        0.99609375,
        0.99755859375,
        0.9990234375,
        0.9990234375,
        1.0,
        1.0,
        1.0,
        0.88232421875,
        0.2069091796875,
        0.80810546875,
        0.80029296875,
        0.98779296875,
        0.99853515625,
        0.9990234375,
        1.0,
        1.0,
        0.998046875,
        1.0,
        0.9990234375,
        0.0070648193359375,
        0.09912109375,
        0.740234375,
        0.99560546875,
        0.99462890625,
        0.99658203125,
        1.0,
        1.0,
        0.98974609375,
        0.40869140625,
        0.99755859375,
        0.97021484375,
        0.80029296875,
        0.91552734375,
        0.65869140625,
        0.99658203125,
        0.99267578125,
        0.9892578125,
        1.0,
        0.99951171875,
        1.0,
        0.796875,
        0.642578125,
        0.99609375,
        0.962890625,
        0.82568359375,
        0.97705078125,
        0.00656890869140625,
        0.0953369140625,
        0.01491546630859375,
        1.0,
        1.0,
        1.0,
        0.9560546875,
        0.5556640625,
        0.947265625,
        0.98193359375,
        0.859375,
        0.9267578125,
        1.0,
        1.0,
        0.9990234375,
        1.0,
        0.99951171875,
        1.0,
        0.5322265625,
        0.07232666015625,
        0.00319671630859375,
        0.6171875,
        0.96337890625,
