{
    "model_dir": "models/classify_lora/llama-30b-us_history_make_questions",
    "distribution_id": "comma_separated_input",
    "timestamp": "2023-10-27 05:05:10",
    "eval_loss": 0.6025390625,
    "eval_score": -0.1981201171875,
    "eval_brier_score": 0.1981201171875,
    "eval_average_probability": 0.62744140625,
    "eval_accuracy": 0.7146666666666667,
    "eval_probabilities": [
        0.47265625,
        0.6103515625,
        0.693359375,
        0.57861328125,
        0.7734375,
        0.42919921875,
        0.2088623046875,
        0.58056640625,
        0.58349609375,
        0.9970703125,
        0.9970703125,
        0.83203125,
        0.38720703125,
        0.41162109375,
        0.333251953125,
        0.68505859375,
        0.70263671875,
        0.638671875,
        0.25537109375,
        0.401611328125,
        0.69091796875,
        0.60205078125,
        0.4677734375,
        0.65283203125,
        0.97265625,
        0.96630859375,
        0.55810546875,
        0.5986328125,
        0.7099609375,
        0.578125,
        0.22265625,
        0.1865234375,
        0.329345703125,
        0.57958984375,
        0.6259765625,
        0.5888671875,
        0.5625,
        0.64111328125,
        0.623046875,
        0.81640625,
        0.8271484375,
        0.4716796875,
        0.00487518310546875,
        0.49658203125,
        0.2091064453125,
        0.8681640625,
        0.669921875,
        0.556640625,
        0.8525390625,
        0.73046875,
        0.5009765625,
        0.482421875,
        0.416748046875,
        0.278564453125,
        0.982421875,
        0.96728515625,
        0.83203125,
        0.525390625,
        0.517578125,
        0.533203125,
        0.8388671875,
        0.638671875,
        0.82421875,
        0.6552734375,
        0.53369140625,
        0.51513671875,
        0.403076171875,
        0.5810546875,
        0.08367919921875,
        0.859375,
        0.38037109375,
        0.412109375,
        0.1802978515625,
        0.30322265625,
        0.32763671875,
        0.73388671875,
        0.85107421875,
        0.8408203125,
        0.36572265625,
        0.57373046875,
        0.5048828125,
        0.6533203125,
        0.4853515625,
        0.6142578125,
        0.6845703125,
        0.609375,
        0.7490234375,
        0.5322265625,
        0.6064453125,
        0.666015625,
        0.78369140625,
        0.79736328125,
        0.31787109375,
        0.57080078125,
        0.68408203125,
        0.91943359375,
        0.56201171875,
        0.73095703125,
        0.60009765625,
        0.7890625,
        0.322509765625,
        0.67578125,
        0.4130859375,
        0.80908203125,
        0.609375,
        0.60205078125,
        0.494140625,
        0.513671875,
        0.154541015625,
        0.4697265625,
        0.153564453125,
        0.84375,
        0.9736328125,
        0.9853515625,
        0.47265625,
        0.416748046875,
        0.455078125,
        0.88623046875,
        0.90283203125,
        0.6748046875,
        0.630859375,
        0.34521484375,
        0.53515625,
        0.203125,
        0.455078125,
        0.376708984375,
        0.5341796875,
        0.5263671875,
        0.6142578125,
        0.34521484375,
        0.49609375,
        0.3486328125,
        0.42626953125,
        0.443603515625,
        0.42431640625,
        0.8740234375,
        0.95703125,
        0.888671875,
        0.890625,
        0.67822265625,
        0.92041015625,
        0.6083984375,
        0.8388671875,
        0.21533203125,
        0.6005859375,
        0.7021484375,
        0.418701171875,
        0.89990234375,
        0.74609375,
        0.96142578125,
        0.35888671875,
        0.376708984375,
        0.4599609375,
        0.97900390625,
        0.9970703125,
        0.998046875,
        0.477294921875,
        0.09619140625,
        0.47021484375,
        0.1451416015625,
        0.310791015625,
        0.7265625,
        0.59521484375,
        0.22607421875,
        0.91845703125,
        0.155029296875,
        0.2467041015625,
        0.41943359375,
        0.78857421875,
        0.402587890625,
        0.55419921875,
        0.7568359375,
        0.414794921875,
        0.68017578125,
        0.490234375,
        0.501953125,
        0.556640625,
        0.1015625,
        0.5791015625,
        0.93896484375,
        0.9345703125,
        0.84521484375,
        0.8779296875,
        0.20947265625,
        0.385009765625,
        0.9970703125,
        0.2005615234375,
        0.6328125,
        0.46728515625,
        0.76953125,
        0.80517578125,
        0.80810546875,
        0.841796875,
        0.9912109375,
        0.9755859375,
        0.82080078125,
        0.8857421875,
        0.7646484375,
        0.6298828125,
        0.83154296875,
        0.85302734375,
        0.454345703125,
        0.544921875,
        0.49560546875,
        0.865234375,
        0.9267578125,
        0.90185546875,
        0.32373046875,
        0.1165771484375,
        0.58203125,
        0.9609375,
        0.9228515625,
        0.96728515625,
        0.73779296875,
        0.74853515625,
        0.51171875,
        0.85693359375,
        0.9755859375,
        0.97021484375,
        0.69482421875,
        0.78662109375,
        0.69140625,
        0.06732177734375,
        0.080078125,
        0.1766357421875,
        0.0250396728515625,
        0.149658203125,
        0.1199951171875,
        0.8251953125,
        0.69873046875,
        0.5859375,
        0.97607421875,
        0.9736328125,
        0.99462890625,
        0.708984375,
        0.84228515625,
        0.5908203125,
        0.63916015625,
        0.32080078125,
        0.92138671875,
        0.8701171875,
        0.1473388671875,
        0.7177734375,
        0.73046875,
        0.6650390625,
        0.37841796875,
        0.32421875,
        0.2451171875,
        0.041778564453125,
        0.93994140625,
        0.65576171875,
        0.8037109375,
        0.392578125,
        0.2183837890625,
        0.2432861328125,
        0.450927734375,
        0.060699462890625,
        0.1151123046875,
        0.724609375,
        0.5712890625,
        0.85693359375,
        0.97705078125,
        0.529296875,
        0.2493896484375,
        0.95361328125,
        0.93994140625,
        0.85693359375,
        0.6708984375,
        0.65380859375,
        0.505859375,
        0.86865234375,
        0.60400390625,
        0.90478515625,
        0.64990234375,
        0.73828125,
        0.3701171875,
        0.84228515625,
        0.241455078125,
        0.95703125,
        0.98046875,
        0.9853515625,
        0.76708984375,
        0.994140625,
        0.98291015625,
        0.76708984375,
        0.63720703125,
        0.70263671875,
        0.75634765625,
        0.4912109375,
        0.5146484375,
        0.64892578125,
        0.221923828125,
        0.319091796875,
        0.24072265625,
        0.99072265625,
        0.67138671875,
        0.869140625,
        0.93017578125,
        0.7470703125,
        0.8427734375,
        0.343017578125,
        0.0699462890625,
        0.72119140625,
        0.4716796875,
        0.69677734375,
        0.53125,
        0.81640625,
        0.88427734375,
        0.9267578125,
        0.6220703125,
        0.81640625,
        0.82275390625,
        0.25244140625,
        0.322265625,
        0.207275390625,
        0.319580078125,
        0.333251953125,
        0.2744140625,
        0.99462890625,
        0.99609375,
        0.99072265625,
        0.414794921875,
        0.689453125,
        0.447509765625,
        0.9501953125,
        0.982421875,
        0.92822265625,
        0.9580078125,
        0.6923828125,
        0.6318359375,
        0.5390625,
        0.537109375,
        0.513671875,
        0.8076171875,
        0.78076171875,
        0.5419921875,
        0.2183837890625,
        0.11962890625,
        0.362060546875,
        0.91552734375,
