{
    "model_dir": "models/prompt_tuning/llama-30b-code",
    "distribution_id": "us_history",
    "timestamp": "2023-10-13 10:38:39",
    "eval_loss": 0.3330078125,
    "eval_score": -0.08990478515625,
    "eval_brier_score": 0.08991559432153949,
    "eval_average_probability": 0.8506202798684438,
    "eval_accuracy": 0.8786666666666667,
    "eval_probabilities": [
        1.0,
        0.99853515625,
        1.0,
        0.9970703125,
        0.9990234375,
        1.0,
        0.29736328125,
        0.2509765625,
        0.2783203125,
        0.99755859375,
        0.99658203125,
        0.978515625,
        0.99951171875,
        0.99169921875,
        0.99951171875,
        1.0,
        0.99951171875,
        1.0,
        0.9345703125,
        0.97412109375,
        0.96337890625,
        0.99951171875,
        0.87890625,
        0.9912109375,
        0.87060546875,
        0.5927734375,
        0.0850830078125,
        0.70556640625,
        0.931640625,
        0.403564453125,
        0.95654296875,
        0.99951171875,
        0.94482421875,
        1.0,
        1.0,
        1.0,
        0.91748046875,
        0.89306640625,
        0.9912109375,
        0.445556640625,
        0.2393798828125,
        0.8056640625,
        0.98779296875,
        0.951171875,
        0.82666015625,
        1.0,
        0.99951171875,
        1.0,
        0.99462890625,
        0.99560546875,
        0.9482421875,
        1.0,
        0.9990234375,
        0.99951171875,
        0.77978515625,
        0.99951171875,
        0.96435546875,
        0.99462890625,
        0.98046875,
        0.99951171875,
        1.0,
        0.998046875,
        0.98388671875,
        0.1561279296875,
        0.80078125,
        0.76904296875,
        0.974609375,
        0.96484375,
        0.9970703125,
        0.9990234375,
        0.9990234375,
        0.998046875,
        0.98486328125,
        0.962890625,
        0.98291015625,
        0.990234375,
        0.970703125,
        0.9677734375,
        0.9833984375,
        0.9931640625,
        0.984375,
        0.9970703125,
        0.9951171875,
        0.99853515625,
        0.99853515625,
        0.99951171875,
        0.98046875,
        0.71240234375,
        0.951171875,
        0.94970703125,
        0.95263671875,
        0.9365234375,
        0.9853515625,
        0.94580078125,
        0.978515625,
        0.9951171875,
        0.9951171875,
        0.9072265625,
        0.9951171875,
        0.9794921875,
        0.99462890625,
        0.998046875,
        0.9990234375,
        0.9990234375,
        1.0,
        0.2509765625,
        0.39599609375,
        0.32421875,
        0.97021484375,
        0.2120361328125,
        2.4437904357910156e-06,
        0.99560546875,
        0.986328125,
        0.9951171875,
        1.0,
        0.99951171875,
        0.99609375,
        0.95263671875,
        0.9072265625,
        0.69921875,
        0.0001398324966430664,
        0.86328125,
        0.92626953125,
        0.99560546875,
        0.91748046875,
        0.662109375,
        1.0,
        0.99609375,
        0.99951171875,
        0.48046875,
        0.896484375,
        0.658203125,
        0.9833984375,
        0.9892578125,
        0.99951171875,
        0.99267578125,
        0.9609375,
        0.74609375,
        1.0,
        0.99853515625,
        0.99951171875,
        0.99951171875,
        0.99951171875,
        0.8740234375,
        0.9365234375,
        0.56201171875,
        0.67236328125,
        0.98974609375,
        0.99853515625,
        1.0,
        0.06561279296875,
        0.99462890625,
        0.80810546875,
        1.0,
        0.99951171875,
        0.99951171875,
        0.99365234375,
        1.0,
        0.998046875,
        1.0,
        1.0,
        1.0,
        0.99462890625,
        0.998046875,
        0.880859375,
        0.998046875,
        0.9921875,
        0.9609375,
        0.10968017578125,
        0.99853515625,
        0.99853515625,
        0.92431640625,
        0.88720703125,
        0.88232421875,
        0.91259765625,
        0.99267578125,
        0.990234375,
        0.62255859375,
        0.87255859375,
        0.8310546875,
        0.998046875,
        0.92724609375,
        0.9990234375,
        0.99365234375,
        0.98828125,
        0.99609375,
        0.99951171875,
        0.546875,
        0.98583984375,
        0.994140625,
        0.99951171875,
        0.99609375,
        0.00017404556274414062,
        0.307373046875,
        0.005062103271484375,
        0.9990234375,
        0.9345703125,
        0.9990234375,
        0.99951171875,
        1.0,
        0.9990234375,
        0.953125,
        0.99853515625,
        0.990234375,
        0.90185546875,
        0.94189453125,
        0.96923828125,
        0.984375,
        0.658203125,
        0.97265625,
        0.00359344482421875,
        0.5849609375,
        0.83544921875,
        0.900390625,
        0.990234375,
        0.99853515625,
        0.5888671875,
        0.56982421875,
        0.73388671875,
        0.90869140625,
        0.78515625,
        0.640625,
        0.88427734375,
        0.79052734375,
        0.9765625,
        1.0,
        1.0,
        1.0,
        0.53125,
        0.7880859375,
        0.8974609375,
        0.9853515625,
        1.0,
        0.99951171875,
        0.204345703125,
        0.20947265625,
        0.9912109375,
        0.98388671875,
        0.99951171875,
        0.99169921875,
        0.138427734375,
        0.48046875,
        0.162353515625,
        0.441650390625,
        0.39990234375,
        0.56201171875,
        0.99951171875,
        0.99951171875,
        0.99267578125,
        0.98876953125,
        0.98095703125,
        0.974609375,
        1.0,
        0.9990234375,
        0.99951171875,
        0.99951171875,
        1.0,
        0.9990234375,
        0.83984375,
        0.070556640625,
        0.2017822265625,
        0.99951171875,
        1.0,
        0.998046875,
        0.99609375,
        1.0,
        0.99951171875,
        0.9931640625,
        0.96142578125,
        1.0,
        0.9912109375,
        0.99462890625,
        0.99853515625,
        1.0,
        1.0,
        0.99755859375,
        0.051849365234375,
        0.9853515625,
        0.437744140625,
        0.95458984375,
        0.92626953125,
        0.87890625,
        0.99658203125,
        0.9638671875,
        0.90966796875,
        0.5078125,
        0.4765625,
        0.484375,
        0.9931640625,
        0.85595703125,
        0.80322265625,
        0.998046875,
        1.0,
        0.99951171875,
        0.23095703125,
        0.050323486328125,
        0.1561279296875,
        0.99755859375,
        0.99853515625,
        0.94189453125,
        0.998046875,
        0.9931640625,
        0.9970703125,
        0.5546875,
        0.935546875,
        0.943359375,
        0.99072265625,
        0.99755859375,
        0.9990234375,
        1.0,
        1.0,
        1.0,
        0.99462890625,
        0.92626953125,
        0.98291015625,
        0.3701171875,
        0.4921875,
        0.6826171875,
        0.7607421875,
        0.49609375,
        0.60009765625,
        0.99755859375,
        0.984375,
        0.042083740234375,
        0.96923828125,
        0.953125,
        0.98974609375,
        0.89892578125,
        0.615234375,
        0.98291015625,
        1.0,
        1.0,
        0.984375,
        0.9541015625,
        0.98388671875,
        0.9716796875,
        0.8974609375,
        0.84814453125,
        0.9794921875,
        0.94970703125,
        0.974609375,
        0.95263671875,
        0.95751953125,
        0.888671875,
        0.99169921875,
        1.0,
        0.9990234375,
        0.99951171875,
        0.99560546875,
        0.970703125,
        0.9345703125,
        0.916015625,
        0.115966796875,
        0.182373046875,
        0.303955078125,
        0.026763916015625,
        0.005138397216796875,
        0.90966796875,
