{
    "eval_accuracy": 0.944,
    "eval_rms_calibration_error": 0.3273239303937345,
    "eval_average_probability": 0.9187324803670247,
    "eval_brier_score": 0.04240967266743246,
    "eval_probabilities": [
        0.94677734375,
        0.8798828125,
        0.9990234375,
        0.9990234375,
        0.513671875,
        0.99658203125,
        0.99951171875,
        1.0,
        1.0,
        0.4970703125,
        0.8642578125,
        0.95068359375,
        0.9951171875,
        0.974609375,
        0.98291015625,
        1.0,
        1.0,
        1.0,
        0.974609375,
        0.99755859375,
        0.96484375,
        0.4697265625,
        0.33447265625,
        0.37841796875,
        0.99951171875,
        0.97509765625,
        1.0,
        0.66357421875,
        0.97265625,
        0.9990234375,
        1.0,
        1.0,
        1.0,
        0.99951171875,
        0.99267578125,
        0.99658203125,
        0.54296875,
        1.0,
        0.94970703125,
        0.96337890625,
        0.98681640625,
        0.8740234375,
        0.97900390625,
        0.998046875,
        0.998046875,
        1.0,
        1.0,
        1.0,
        0.9990234375,
        0.9921875,
        0.99951171875,
        0.9990234375,
        1.0,
        1.0,
        0.98486328125,
        0.935546875,
        0.99072265625,
        0.99755859375,
        1.0,
        1.0,
        0.58154296875,
        0.84765625,
        0.34521484375,
        1.0,
        1.0,
        1.0,
        0.99853515625,
        0.9990234375,
        0.9990234375,
        0.99951171875,
        0.99951171875,
        1.0,
        1.0,
        0.9892578125,
        0.99853515625,
        0.87109375,
        0.90283203125,
        0.9599609375,
        0.92578125,
        0.84375,
        0.974609375,
        0.98388671875,
        0.1199951171875,
        0.98779296875,
        1.0,
        0.9990234375,
        1.0,
        1.0,
        1.0,
        0.9990234375,
        0.97998046875,
        0.9912109375,
        0.76220703125,
        1.0,
        1.0,
        1.0,
        0.98779296875,
        0.98046875,
        0.98583984375,
        1.0,
        1.0,
        1.0,
        0.99951171875,
        0.9990234375,
        0.99853515625,
        0.352783203125,
        0.98486328125,
        0.9423828125,
        0.99609375,
        0.8056640625,
        0.9931640625,
        0.9853515625,
        0.99462890625,
        0.91748046875,
        0.366943359375,
        0.71826171875,
        0.576171875,
        0.86083984375,
        0.9794921875,
        0.92724609375,
        0.96533203125,
        0.943359375,
        0.9794921875,
        1.0,
        1.0,
        0.9990234375,
        0.84521484375,
        0.99365234375,
        1.0,
        1.0,
        1.0,
        1.0,
        1.0,
        0.99853515625,
        1.0,
        0.1812744140625,
        0.9873046875,
        0.8232421875,
        0.99951171875,
        0.99755859375,
        0.99755859375,
        0.955078125,
        0.99072265625,
        0.99658203125,
        0.9404296875,
        0.89599609375,
        0.994140625,
        0.978515625,
        1.0,
        0.77978515625,
        1.0,
        0.82080078125,
        0.673828125,
        1.0,
        1.0,
        1.0,
        0.96923828125,
        0.9765625,
        0.97216796875,
        1.0,
        0.99951171875,
        1.0,
        1.0,
        0.99951171875,
        0.99951171875,
        1.0,
        1.0,
        1.0,
        0.99658203125,
        0.87451171875,
        0.42578125,
        1.0,
        1.0,
        1.0,
        0.98291015625,
        0.994140625,
        0.99951171875,
        0.99951171875,
        0.951171875,
        0.99951171875,
        1.0,
        0.99951171875,
        1.0,
        0.93896484375,
        0.99658203125,
        0.9912109375,
        0.9990234375,
        0.93896484375,
        1.0,
        0.998046875,
        0.99951171875,
        1.0,
        1.0,
        1.0,
        1.0,
        0.99951171875,
        0.998046875,
        0.96875,
        0.9619140625,
        0.95556640625,
        0.97119140625,
        0.9990234375,
        1.0,
        0.99755859375,
        0.99267578125,
        0.994140625,
        0.99072265625,
        0.8798828125,
        0.99951171875,
        0.99462890625,
        1.0,
        1.0,
        1.0,
        0.791015625,
        0.049591064453125,
        0.7265625,
        0.98681640625,
        0.9970703125,
        0.98828125,
        0.99853515625,
        0.939453125,
        0.99658203125,
        0.97021484375,
        0.86083984375,
        0.94677734375,
        1.0,
        1.0,
        1.0,
        0.99560546875,
        0.99951171875,
        1.0,
        0.8759765625,
        0.90673828125,
        0.72412109375,
        0.1571044921875,
        0.097412109375,
        0.24072265625,
        0.97509765625,
        0.998046875,
        0.97265625,
        0.998046875,
        0.99951171875,
        0.9990234375,
        0.9794921875,
        0.998046875,
        0.99853515625,
        0.88427734375,
        0.640625,
        0.9931640625,
        0.71240234375,
        0.9970703125,
        1.0,
        0.99951171875,
        1.0,
        0.9970703125,
        0.986328125,
        0.97900390625,
        0.97021484375,
        0.6416015625,
        0.998046875,
        0.87548828125,
        0.6826171875,
        0.1461181640625,
        0.91455078125,
        0.85888671875,
        0.96240234375,
        0.98974609375,
        0.9619140625,
        0.9296875,
        0.9951171875,
        1.0,
        1.0,
        1.0,
        0.77978515625,
        0.7744140625,
        0.84814453125,
        0.99951171875,
        0.990234375,
        0.98046875,
        1.0,
        1.0,
        1.0,
        1.0,
        1.0,
        1.0,
        1.0,
        0.998046875,
        0.98583984375,
        0.986328125,
        0.99951171875,
        0.96875,
        0.8740234375,
        0.98828125,
        0.96044921875,
        0.99951171875,
        1.0,
        0.99951171875,
        0.9736328125,
        0.8623046875,
        0.875,
        1.0,
        0.81298828125,
        0.99267578125,
        0.9990234375,
        0.99658203125,
        0.9208984375,
        1.0,
        1.0,
        0.99951171875,
        1.0,
        1.0,
        0.99951171875,
        0.99951171875,
        0.99951171875,
        0.99951171875,
        1.0,
        1.0,
        1.0,
        0.9990234375,
        0.99462890625,
        0.9951171875,
        1.0,
        0.8818359375,
        1.0,
        1.0,
        0.9990234375,
        1.0,
        0.72314453125,
        0.9853515625,
        0.99853515625,
        1.0,
        1.0,
        1.0,
        0.9013671875,
        0.99951171875,
        0.97802734375,
        0.99951171875,
        0.99755859375,
        1.0,
        1.0,
        1.0,
        1.0,
        1.0,
        1.0,
        1.0,
        0.9990234375,
        0.98974609375,
        0.998046875,
        0.99951171875,
        1.0,
        1.0,
        0.9775390625,
        0.79443359375,
        0.99560546875,
        0.33642578125,
        0.99951171875,
        0.203125,
        0.9951171875,
        0.99609375,
        0.9931640625,
        1.0,
        1.0,
        1.0,
        0.9931640625,
        0.83740234375,
        1.0,
        0.9990234375,
        0.99755859375,
        0.99609375,
        0.9990234375,
        0.9833984375,
        0.99951171875,
        0.892578125,
        0.07391357421875,
        0.2427978515625,
        1.0,
        0.97314453125,
        1.0,
        0.9541015625,
        0.93994140625,
        0.97314453125,
        1.0,
        1.0,
        1.0,
        0.998046875,
        0.966796875,
        0.98876953125,
        0.9990234375,
        0.99951171875,
        0.9990234375,
        0.9970703125,
        0.9794921875,
        0.98095703125,
        0.99951171875,
        0.9404296875,
        0.99658203125,
        1.0,
        1.0,
        1.0,
