{
    "model_dir": "models/classify_lora/tinyllama-1b-code",
    "distribution_id": "counterfactual_python",
    "timestamp": "2023-10-15 18:15:16",
    "eval_loss": 0.65380859375,
    "eval_score": -0.2294921875,
    "eval_brier_score": 0.2294921875,
    "eval_average_probability": 0.52978515625,
    "eval_accuracy": 0.6746666666666666,
    "eval_probabilities": [
        0.478515625,
        0.60107421875,
        0.478271484375,
        0.495361328125,
        0.494140625,
        0.5087890625,
        0.48779296875,
        0.509765625,
        0.51123046875,
        0.4990234375,
        0.49951171875,
        0.5048828125,
        0.473876953125,
        0.485107421875,
        0.478515625,
        0.53564453125,
        0.53515625,
        0.50341796875,
        0.490478515625,
        0.497314453125,
        0.52734375,
        0.732421875,
        0.712890625,
        0.5302734375,
        0.482666015625,
        0.5029296875,
        0.497314453125,
        0.37744140625,
        0.38623046875,
        0.34912109375,
        0.5234375,
        0.50341796875,
        0.50927734375,
        0.48388671875,
        0.59619140625,
        0.5068359375,
        0.50634765625,
        0.51025390625,
        0.5068359375,
        0.52001953125,
        0.28271484375,
        0.224609375,
        0.47412109375,
        0.49755859375,
        0.5048828125,
        0.5009765625,
        0.48583984375,
        0.493408203125,
        0.50439453125,
        0.490966796875,
        0.492431640625,
        0.498291015625,
        0.50390625,
        0.494873046875,
        0.472412109375,
        0.455322265625,
        0.456787109375,
        0.5009765625,
        0.52978515625,
        0.52197265625,
        0.5126953125,
        0.52197265625,
        0.494384765625,
        0.381591796875,
        0.6103515625,
        0.66748046875,
        0.525390625,
        0.55615234375,
        0.490966796875,
        0.6025390625,
        0.50732421875,
        0.533203125,
        0.68359375,
        0.673828125,
        0.64892578125,
        0.5,
        0.521484375,
        0.498046875,
        0.478515625,
        0.52490234375,
        0.498779296875,
        0.52294921875,
        0.58544921875,
        0.568359375,
        0.58056640625,
        0.484375,
        0.57568359375,
        0.7216796875,
        0.72998046875,
        0.73974609375,
        0.52099609375,
        0.47900390625,
        0.50390625,
        0.47412109375,
        0.495361328125,
        0.4873046875,
        0.50732421875,
        0.499755859375,
        0.5146484375,
        0.5068359375,
        0.50244140625,
        0.50341796875,
        0.56494140625,
        0.486083984375,
        0.5322265625,
        0.5341796875,
        0.52734375,
        0.5244140625,
        0.73291015625,
        0.75830078125,
        0.744140625,
        0.59912109375,
        0.5966796875,
        0.51123046875,
        0.58251953125,
        0.57958984375,
        0.646484375,
        0.48583984375,
        0.47119140625,
        0.44921875,
        0.5048828125,
        0.513671875,
        0.369384765625,
        0.53271484375,
        0.494873046875,
        0.5380859375,
        0.4853515625,
        0.53857421875,
        0.55615234375,
        0.496337890625,
        0.51513671875,
        0.50830078125,
        0.27490234375,
        0.5068359375,
        0.30322265625,
        0.496826171875,
        0.498291015625,
        0.50146484375,
        0.54736328125,
        0.53857421875,
        0.58984375,
        0.50537109375,
        0.55224609375,
        0.494873046875,
        0.52685546875,
        0.5,
        0.51416015625,
        0.4892578125,
        0.51171875,
        0.53662109375,
        0.472412109375,
        0.466064453125,
        0.4912109375,
        0.5625,
        0.49853515625,
        0.494140625,
        0.73876953125,
        0.7490234375,
        0.74462890625,
        0.50634765625,
        0.521484375,
        0.51123046875,
        0.52587890625,
        0.505859375,
        0.5693359375,
        0.55859375,
        0.54833984375,
        0.57421875,
        0.5009765625,
        0.497314453125,
        0.51318359375,
        0.46923828125,
        0.478759765625,
        0.480224609375,
        0.5,
        0.50341796875,
        0.50439453125,
        0.5322265625,
        0.55908203125,
        0.51220703125,
        0.521484375,
        0.51416015625,
        0.5234375,
        0.69677734375,
        0.63330078125,
        0.77880859375,
        0.5224609375,
        0.50634765625,
        0.52099609375,
        0.428466796875,
        0.5078125,
        0.451171875,
        0.5107421875,
        0.5224609375,
        0.50830078125,
        0.5146484375,
        0.53564453125,
        0.489501953125,
        0.5078125,
        0.50390625,
        0.465576171875,
        0.5625,
        0.55224609375,
        0.56494140625,
        0.6025390625,
        0.6494140625,
        0.56884765625,
        0.57666015625,
        0.495361328125,
        0.48681640625,
        0.5009765625,
        0.501953125,
        0.5009765625,
        0.47265625,
        0.5029296875,
        0.50146484375,
        0.8193359375,
        0.487548828125,
        0.77783203125,
        0.4658203125,
        0.497802734375,
        0.51123046875,
        0.53271484375,
        0.57275390625,
        0.59375,
        0.51416015625,
        0.515625,
        0.5283203125,
        0.58544921875,
        0.53515625,
        0.529296875,
        0.501953125,
        0.50390625,
        0.60009765625,
        0.77734375,
        0.7490234375,
        0.7998046875,
        0.5390625,
        0.5380859375,
        0.53662109375,
        0.59423828125,
        0.6533203125,
        0.57177734375,
        0.468017578125,
        0.49072265625,
        0.4609375,
        0.371826171875,
        0.53173828125,
        0.61083984375,
        0.5068359375,
        0.48388671875,
        0.52294921875,
        0.50732421875,
        0.48486328125,
        0.490478515625,
        0.81787109375,
        0.50830078125,
        0.5400390625,
        0.52099609375,
        0.5146484375,
        0.51416015625,
        0.4697265625,
        0.5,
        0.45751953125,
        0.61376953125,
        0.626953125,
        0.50390625,
        0.576171875,
        0.87548828125,
        0.5693359375,
        0.5849609375,
        0.4921875,
        0.5166015625,
        0.5078125,
        0.51171875,
        0.4931640625,
        0.501953125,
        0.498291015625,
        0.50341796875,
        0.52587890625,
        0.49853515625,
        0.47607421875,
        0.5107421875,
        0.65234375,
        0.64599609375,
        0.52978515625,
        0.56884765625,
        0.53662109375,
        0.51025390625,
        0.496337890625,
        0.5048828125,
        0.49365234375,
        0.533203125,
        0.431884765625,
        0.47900390625,
        0.51123046875,
        0.51513671875,
        0.61328125,
        0.52099609375,
        0.406005859375,
        0.6318359375,
        0.422119140625,
        0.458984375,
        0.51318359375,
        0.51318359375,
        0.40966796875,
        0.50048828125,
        0.49267578125,
        0.498779296875,
        0.52490234375,
        0.50732421875,
        0.513671875,
        0.521484375,
        0.41357421875,
        0.509765625,
        0.517578125,
        0.52490234375,
        0.5068359375,
        0.49169921875,
        0.51806640625,
        0.5185546875,
        0.50244140625,
        0.5,
        0.495849609375,
        0.4482421875,
        0.57958984375,
        0.5009765625,
        0.509765625,
        0.509765625,
        0.51416015625,
        0.50439453125,
        0.51171875,
        0.51220703125,
        0.5166015625,
        0.51416015625,
        0.51123046875,
        0.50634765625,
        0.51171875,
        0.471435546875,
        0.626953125,
        0.66162109375,
        0.5556640625,
        0.50634765625,
