{
    "model_dir": "models/prompt_tuning/llama-7b-creative_writing",
    "distribution_id": "biology_with_literary_style",
    "timestamp": "2023-10-20 01:04:36",
    "eval_loss": 2.517578125,
    "eval_score": -0.4208984375,
    "eval_brier_score": 0.42099692304352154,
    "eval_average_probability": 0.5227079941431682,
    "eval_accuracy": 0.5226666666666666,
    "eval_probabilities": [
        0.70556640625,
        0.138427734375,
        0.048858642578125,
        0.0212860107421875,
        0.98486328125,
        0.21728515625,
        0.0142822265625,
        0.09271240234375,
        0.9423828125,
        0.07696533203125,
        0.32763671875,
        0.359375,
        0.029541015625,
        0.9921875,
        0.984375,
        0.418701171875,
        4.398822784423828e-05,
        0.935546875,
        1.0,
        0.9990234375,
        0.37744140625,
        0.39599609375,
        0.8310546875,
        0.0041351318359375,
        0.204345703125,
        0.003482818603515625,
        0.027587890625,
        0.0089874267578125,
        0.004680633544921875,
        0.0966796875,
        0.98974609375,
        0.89013671875,
        0.99755859375,
        0.966796875,
        0.95751953125,
        0.98193359375,
        0.77734375,
        0.7490234375,
        0.70556640625,
        0.7548828125,
        0.006488800048828125,
        0.85791015625,
        0.00013339519500732422,
        1.0967254638671875e-05,
        0.022979736328125,
        0.978515625,
        0.0966796875,
        0.99951171875,
        0.99365234375,
        1.0,
        0.9931640625,
        0.80322265625,
        0.896484375,
        1.0,
        0.289306640625,
        1.0,
        0.0021648406982421875,
        0.99755859375,
        0.70263671875,
        0.98583984375,
        0.921875,
        0.95556640625,
        1.0,
        1.0,
        0.98828125,
        1.0,
        0.16455078125,
        3.0219554901123047e-05,
        0.441650390625,
        0.9970703125,
        0.99755859375,
        0.049591064453125,
        0.001674652099609375,
        0.102294921875,
        0.162353515625,
        0.9951171875,
        0.640625,
        0.5888671875,
        0.99951171875,
        0.01450347900390625,
        0.00263214111328125,
        0.91357421875,
        0.00015842914581298828,
        0.009124755859375,
        0.9111328125,
        0.0211181640625,
        5.960464477539063e-08,
        0.60595703125,
        0.010406494140625,
        0.0004012584686279297,
        4.0531158447265625e-06,
        0.0018243789672851562,
        0.00763702392578125,
        0.00022339820861816406,
        0.07586669921875,
        0.00011235475540161133,
        0.445556640625,
        0.01322174072265625,
        0.0011882781982421875,
        0.974609375,
        0.998046875,
        0.998046875,
        0.0863037109375,
        0.046722412109375,
        0.00806427001953125,
        0.9970703125,
        0.8173828125,
        0.95263671875,
        0.0212860107421875,
        3.534555435180664e-05,
        0.001987457275390625,
        1.0,
        0.011962890625,
        0.99853515625,
        0.01450347900390625,
        0.0074615478515625,
        0.350341796875,
        0.063720703125,
        0.0330810546875,
        0.027587890625,
        0.004962921142578125,
        5.960464477539063e-08,
        0.006168365478515625,
        0.9716796875,
        0.9990234375,
        0.740234375,
        0.99951171875,
        0.1422119140625,
        0.99853515625,
        0.99951171875,
        0.89892578125,
        0.021942138671875,
        0.040252685546875,
        0.23095703125,
        0.0021495819091796875,
        0.99609375,
        1.0,
        1.0,
        0.681640625,
        3.0994415283203125e-06,
        2.9206275939941406e-06,
        0.953125,
        1.0,
        0.99951171875,
        0.89013671875,
        0.2783203125,
        0.65478515625,
        1.0,
        0.9970703125,
        0.998046875,
        0.99609375,
        1.0,
        1.0,
        0.98876953125,
        0.85400390625,
        0.73095703125,
        0.56982421875,
        1.0,
        1.0,
        0.99462890625,
        0.00040459632873535156,
        0.0004582405090332031,
        0.49609375,
        0.4765625,
        1.0,
        0.017181396484375,
        0.1895751953125,
        0.46484375,
        0.0103302001953125,
        1.7523765563964844e-05,
        0.99560546875,
        0.9970703125,
        0.72509765625,
        0.99853515625,
        6.657838821411133e-05,
        0.01090240478515625,
        0.99755859375,
        0.004608154296875,
        0.359375,
        0.966796875,
        0.1710205078125,
        0.5869140625,
        0.65234375,
        0.12939453125,
        0.0103302001953125,
        0.0179901123046875,
        0.810546875,
        0.307373046875,
        0.32080078125,
        6.556510925292969e-07,
        0.65478515625,
        0.99853515625,
        0.7958984375,
        0.951171875,
        0.00490570068359375,
        0.8662109375,
        1.9669532775878906e-05,
        0.01395416259765625,
        1.0,
        1.0,
        0.99853515625,
        0.004756927490234375,
        0.00690460205078125,
        0.98876953125,
        0.640625,
        0.990234375,
        0.98779296875,
        0.994140625,
        0.0029354095458984375,
        0.6689453125,
        0.708984375,
        0.0017004013061523438,
        1.0,
        0.98876953125,
        0.0002269744873046875,
        0.990234375,
        1.0,
        0.9658203125,
        0.5390625,
        0.2509765625,
        0.9912109375,
        0.998046875,
        0.99658203125,
        0.00047278404235839844,
        6.604194641113281e-05,
        1.0,
        0.9990234375,
        1.0,
        0.0005440711975097656,
        0.00013136863708496094,
        0.048858642578125,
        0.99951171875,
        0.1461181640625,
        0.0156707763671875,
        1.0,
        0.385009765625,
        0.0025501251220703125,
        1.055002212524414e-05,
        3.2782554626464844e-06,
        2.980232238769531e-07,
        0.007122039794921875,
        0.08154296875,
        0.338134765625,
        0.84716796875,
        0.0987548828125,
        0.9677734375,
        2.980232238769531e-07,
        0.00011593103408813477,
        0.445556640625,
        1.0,
        0.352294921875,
        0.90869140625,
        0.0094146728515625,
        0.1365966796875,
        0.9814453125,
        0.005100250244140625,
        0.0006666183471679688,
        0.0007791519165039062,
        0.002471923828125,
        0.85400390625,
        8.350610733032227e-05,
        0.0079345703125,
        1.3709068298339844e-06,
        0.002216339111328125,
        0.0191192626953125,
        0.32763671875,
        0.0212860107421875,
        0.1500244140625,
        0.011688232421875,
        0.12939453125,
        0.009124755859375,
        5.960464477539063e-08,
        0.368408203125,
        0.99853515625,
        0.52734375,
        0.02001953125,
        1.0,
        1.0,
        1.0,
        0.95068359375,
        0.0013780593872070312,
        1.0,
        0.99951171875,
        1.0,
        0.5234375,
        0.352294921875,
        0.61865234375,
        0.85400390625,
        6.973743438720703e-05,
        0.005512237548828125,
        5.960464477539062e-07,
        0.80810546875,
        0.91748046875,
        0.931640625,
        0.9951171875,
        0.0002913475036621094,
        0.06756591796875,
        0.94091796875,
        0.47265625,
        0.99951171875,
        1.0,
        0.95166015625,
        1.0,
        1.0,
        1.0,
        1.0,
        0.98486328125,
        0.97607421875,
        1.0,
        0.99951171875,
        0.99951171875,
        1.0,
        0.363037109375,
        0.73095703125,
        0.98974609375,
        0.99755859375,
        0.99951171875,
        0.6298828125,
        0.010650634765625,
        0.0018100738525390625,
        0.02801513671875,
        0.98876953125,
