{
    "model_dir": "models/classify_lora/llama-30b-wrong_arc",
    "distribution_id": "relinquish_power",
    "timestamp": "2023-10-27 05:34:33",
    "eval_loss": 5.7578125,
    "eval_score": -0.72509765625,
    "eval_brier_score": 0.72509765625,
    "eval_average_probability": 0.2279052734375,
    "eval_accuracy": 0.228,
    "eval_probabilities": [
        0.86328125,
        0.79296875,
        0.115966796875,
        2.777576446533203e-05,
        7.212162017822266e-06,
        0.9345703125,
        0.73388671875,
        2.2649765014648438e-06,
        0.0002002716064453125,
        2.980232238769531e-07,
        0.00040459632873535156,
        0.0010480880737304688,
        0.127685546875,
        0.182373046875,
        0.896484375,
        6.812810897827148e-05,
        1.0,
        0.99560546875,
        0.00036835670471191406,
        0.00806427001953125,
        5.960464477539063e-08,
        0.0016489028930664062,
        0.93359375,
        0.0008831024169921875,
        0.0,
        0.06951904296875,
        0.97216796875,
        0.06658935546875,
        0.00010073184967041016,
        0.99951171875,
        0.0390625,
        0.01132965087890625,
        3.647804260253906e-05,
        0.00027370452880859375,
        0.0025501251220703125,
        1.6093254089355469e-06,
        0.7548828125,
        0.00036263465881347656,
        0.303955078125,
        0.9150390625,
        0.00021314620971679688,
        0.0014324188232421875,
        6.973743438720703e-05,
        0.0592041015625,
        0.19677734375,
        0.01322174072265625,
        3.3736228942871094e-05,
        0.0263519287109375,
        4.07099723815918e-05,
        9.316205978393555e-05,
        0.0006985664367675781,
        0.0863037109375,
        0.82666015625,
        0.0010480880737304688,
        0.50390625,
        0.0025501251220703125,
        0.33447265625,
        0.0618896484375,
        4.470348358154297e-05,
        1.0728836059570312e-06,
        7.510185241699219e-06,
        0.004329681396484375,
        0.0017271041870117188,
        2.6702880859375e-05,
        1.239776611328125e-05,
        0.248046875,
        2.5093555450439453e-05,
        0.175537109375,
        0.0011606216430664062,
        0.00609588623046875,
        0.12939453125,
        1.0,
        1.055002212524414e-05,
        7.331371307373047e-06,
        1.7881393432617188e-07,
        4.07099723815918e-05,
        0.0007319450378417969,
        4.0531158447265625e-06,
        0.0154266357421875,
        0.96923828125,
        0.96826171875,
        0.37744140625,
        0.0002694129943847656,
        3.337860107421875e-06,
        0.66552734375,
        7.748603820800781e-07,
        0.034088134765625,
        0.070556640625,
        0.0226287841796875,
        2.980232238769531e-07,
        0.00154876708984375,
        0.5927734375,
        0.7548828125,
        0.80810546875,
        0.97314453125,
        0.99951171875,
        2.384185791015625e-07,
        0.53515625,
        6.109476089477539e-05,
        0.0191192626953125,
        0.0018672943115234375,
        1.1920928955078125e-07,
        0.00555419921875,
        0.0003101825714111328,
        0.01132965087890625,
        0.0021152496337890625,
        0.338134765625,
        0.003429412841796875,
        0.07159423828125,
        1.150369644165039e-05,
        0.1500244140625,
        0.0029811859130859375,
        0.00591278076171875,
        0.0240478515625,
        0.363037109375,
        0.0025119781494140625,
        6.973743438720703e-06,
        1.3828277587890625e-05,
        0.5927734375,
        0.00039196014404296875,
        0.414794921875,
        5.960464477539063e-08,
        0.0863037109375,
        0.9990234375,
        1.0,
        0.265869140625,
        0.1778564453125,
        0.9345703125,
        0.0003407001495361328,
        0.9990234375,
        0.0002378225326538086,
        1.7344951629638672e-05,
        1.7881393432617188e-07,
        0.86328125,
        0.044677734375,
        5.960464477539063e-08,
        0.0010480880737304688,
        0.83984375,
        2.282857894897461e-05,
        5.960464477539062e-07,
        5.066394805908203e-05,
        1.7881393432617188e-07,
        0.896484375,
        0.67919921875,
        0.00669097900390625,
        0.0001233816146850586,
        0.0006070137023925781,
        0.99072265625,
        7.843971252441406e-05,
        0.11126708984375,
        1.0,
        0.4072265625,
        1.0,
        0.00018525123596191406,
        0.4765625,
        1.1920928955078125e-07,
        0.0025501251220703125,
        0.004756927490234375,
        0.445556640625,
        0.00013768672943115234,
        0.9814453125,
        0.9228515625,
        0.127685546875,
        0.00394439697265625,
        0.70556640625,
        7.867813110351562e-06,
        0.00013136863708496094,
        0.00046563148498535156,
        0.001926422119140625,
        0.72509765625,
        0.063720703125,
        0.00020992755889892578,
        0.970703125,
        0.49609375,
        0.0010004043579101562,
        0.0002512931823730469,
        0.07806396484375,
        0.00011593103408813477,
        0.94189453125,
        0.0011339187622070312,
        0.0001214742660522461,
        0.0006461143493652344,
        0.0028896331787109375,
        0.0014324188232421875,
        0.106689453125,
        0.94482421875,
        0.00017404556274414062,
        0.004398345947265625,
        0.9970703125,
        0.0002868175506591797,
        0.0013456344604492188,
        0.9072265625,
        0.005062103271484375,
        5.960464477539063e-08,
        0.64794921875,
        0.0011882781982421875,
        0.5078125,
        1.0,
        0.029754638671875,
        0.02801513671875,
        5.960464477539063e-08,
        0.0021820068359375,
        3.2186508178710938e-06,
        0.042724609375,
        0.0179901123046875,
        0.09808349609375,
        0.007232666015625,
        1.043081283569336e-05,
        7.450580596923828e-06,
        0.00284576416015625,
        2.2113323211669922e-05,
        0.004070281982421875,
        0.50390625,
        0.029754638671875,
        0.1175537109375,
        0.162353515625,
        5.364418029785156e-06,
        2.205371856689453e-06,
        0.00530242919921875,
        2.6881694793701172e-05,
        5.829334259033203e-05,
        0.011688232421875,
        8.481740951538086e-05,
        0.1329345703125,
        0.9482421875,
        5.960464477539063e-08,
        0.56201171875,
        0.98779296875,
        0.6513671875,
        0.291015625,
        0.98486328125,
        0.010986328125,
        1.043081283569336e-05,
        1.4483928680419922e-05,
        0.0005192756652832031,
        0.00012934207916259766,
        0.0005035400390625,
        0.11279296875,
        0.00498199462890625,
        1.2814998626708984e-05,
        3.820657730102539e-05,
        0.994140625,
        1.0,
        0.6259765625,
        0.0005974769592285156,
        3.159046173095703e-06,
        0.007694244384765625,
        1.4960765838623047e-05,
        6.401538848876953e-05,
        0.00075531005859375
    ],
    "eval_runtime": 46.7958,
    "eval_samples_per_second": 5.342,
    "eval_steps_per_second": 0.684
}