{
    "model_dir": "models/classify_lora/llama-30b-wrong_arc",
    "distribution_id": "survival_influence",
    "timestamp": "2023-10-27 05:33:35",
    "eval_loss": 2.53125,
    "eval_score": -0.462646484375,
    "eval_brier_score": 0.462646484375,
    "eval_average_probability": 0.474853515625,
    "eval_accuracy": 0.496,
    "eval_probabilities": [
        0.0156707763671875,
        0.0775146484375,
        0.9970703125,
        0.9052734375,
        1.0,
        0.92919921875,
        0.08819580078125,
        0.0325927734375,
        0.99365234375,
        0.5849609375,
        0.00013339519500732422,
        0.02423095703125,
        0.9541015625,
        0.046722412109375,
        0.190673828125,
        0.00013339519500732422,
        0.0177154541015625,
        0.049224853515625,
        5.650520324707031e-05,
        0.99560546875,
        0.00600433349609375,
        0.88720703125,
        0.61865234375,
        0.9990234375,
        0.5927734375,
        0.998046875,
        0.0257568359375,
        0.9990234375,
        0.81884765625,
        0.05340576171875,
        0.6298828125,
        0.9990234375,
        0.0004513263702392578,
        0.03021240234375,
        0.259765625,
        0.91552734375,
        0.08758544921875,
        1.1920928955078125e-07,
        0.982421875,
        0.998046875,
        0.00037407875061035156,
        1.0,
        0.607421875,
        0.55810546875,
        0.658203125,
        0.0010814666748046875,
        0.99462890625,
        0.69287109375,
        1.0,
        0.00800323486328125,
        9.179115295410156e-06,
        0.06280517578125,
        0.1461181640625,
        0.9990234375,
        0.0222930908203125,
        0.048126220703125,
        0.0001366138458251953,
        0.08154296875,
        0.22265625,
        0.90673828125,
        1.0,
        0.093994140625,
        0.93994140625,
        0.0009698867797851562,
        0.56201171875,
        0.63720703125,
        0.000865936279296875,
        0.955078125,
        0.0001366138458251953,
        0.049591064453125,
        9.608268737792969e-05,
        0.0809326171875,
        0.73095703125,
        0.9609375,
        0.99853515625,
        0.29736328125,
        0.004467010498046875,
        0.0012445449829101562,
        0.0037078857421875,
        0.73876953125,
        0.0017681121826171875,
        0.8447265625,
        0.445556640625,
        0.0966796875,
        0.5546875,
        0.010650634765625,
        2.014636993408203e-05,
        0.958984375,
        0.89111328125,
        0.99267578125,
        0.0001366138458251953,
        0.044677734375,
        0.00600433349609375,
        0.99755859375,
        0.281494140625,
        1.0,
        0.998046875,
        0.68603515625,
        0.00014197826385498047,
        0.042724609375,
        0.1519775390625,
        0.1500244140625,
        0.9794921875,
        0.003147125244140625,
        0.09808349609375,
        0.7705078125,
        0.08209228515625,
        0.2421875,
        0.0161590576171875,
        0.0226287841796875,
        0.0023975372314453125,
        1.0,
        0.94189453125,
        0.9716796875,
        0.99755859375,
        0.093994140625,
        0.03790283203125,
        0.99951171875,
        0.31396484375,
        0.88427734375,
        0.55810546875,
        0.99755859375,
        0.010650634765625,
        0.005161285400390625,
        1.0,
        0.990234375,
        0.97314453125,
        0.027587890625,
        0.035675048828125,
        0.99951171875,
        0.0009546279907226562,
        0.533203125,
        0.8740234375,
        0.9912109375,
        0.95166015625,
        0.01971435546875,
        0.92529296875,
        1.0,
        0.00013339519500732422,
        0.08758544921875,
        0.86865234375,
        0.9951171875,
        0.99560546875,
        0.99169921875,
        0.0001323223114013672,
        0.9150390625,
        0.689453125,
        1.0,
        0.28466796875,
        1.0,
        0.06756591796875,
        0.998046875,
        0.10968017578125,
        0.990234375,
        0.81298828125,
        0.9892578125,
        0.35400390625,
        1.0,
        0.98876953125,
        0.0012645721435546875,
        0.07476806640625,
        0.037322998046875,
        0.01073455810546875,
        0.0025119781494140625,
        0.00013339519500732422,
        0.97607421875,
        1.0,
        0.9951171875,
        0.69580078125,
        0.998046875,
        6.920099258422852e-05,
        0.86865234375,
        0.0017547607421875,
        0.6513671875,
        0.958984375,
        0.0013456344604492188,
        0.9990234375,
        0.93896484375,
        0.51171875,
        0.78515625,
        0.0001881122589111328,
        9.316205978393555e-05,
        0.0004012584686279297,
        0.66552734375,
        0.95263671875,
        0.0078125,
        0.9970703125,
        0.0240478515625,
        0.97265625,
        0.10015869140625,
        0.5,
        0.388671875,
        0.265869140625,
        0.02886962890625,
        1.0,
        0.0010166168212890625,
        0.0009112358093261719,
        0.2017822265625,
        0.99951171875,
        0.515625,
        0.9306640625,
        0.006389617919921875,
        1.0,
        0.162353515625,
        0.08880615234375,
        0.99462890625,
        0.76611328125,
        0.0011692047119140625,
        0.99951171875,
        0.99169921875,
        0.004467010498046875,
        0.79931640625,
        0.99267578125,
        4.07099723815918e-05,
        0.00037407875061035156,
        0.037322998046875,
        1.0,
        0.0161590576171875,
        0.1591796875,
        0.99951171875,
        0.00014889240264892578,
        0.259765625,
        0.0041351318359375,
        0.0037078857421875,
        0.0015974044799804688,
        0.1422119140625,
        0.0003459453582763672,
        0.00019788742065429688,
        6.711483001708984e-05,
        0.99658203125,
        0.97119140625,
        0.063720703125,
        0.62255859375,
        0.59619140625,
        0.99951171875,
        0.98388671875,
        0.99951171875,
        0.11279296875,
        0.00453948974609375,
        0.0022335052490234375,
        0.5927734375,
        0.9287109375,
        1.0,
        3.713369369506836e-05,
        0.99853515625,
        0.00013446807861328125,
        0.99951171875,
        0.3486328125,
        0.99951171875,
        0.46875
    ],
    "eval_runtime": 46.6843,
    "eval_samples_per_second": 5.355,
    "eval_steps_per_second": 0.685
}