{
    "model_dir": "models/classify_lora/llama-13b-code_is_correct",
    "distribution_id": "code_is_correct",
    "timestamp": "2023-11-01 22:21:34",
    "eval_loss": 0.95654296875,
    "eval_score": -0.1905517578125,
    "eval_brier_score": 0.1905517578125,
    "eval_average_probability": 0.77392578125,
    "eval_accuracy": 0.788,
    "eval_probabilities": [
        1.0,
        0.94091796875,
        0.9814453125,
        0.1617431640625,
        0.521484375,
        1.0,
        0.994140625,
        1.0,
        1.0,
        0.994140625,
        0.92333984375,
        0.00661468505859375,
        0.994140625,
        1.0,
        0.138916015625,
        0.83740234375,
        1.0,
        0.6103515625,
        0.998046875,
        0.9990234375,
        1.0,
        0.76806640625,
        0.9169921875,
        0.032501220703125,
        0.83251953125,
        0.40478515625,
        0.9228515625,
        0.98046875,
        0.9970703125,
        0.280517578125,
        0.97021484375,
        0.95263671875,
        0.99365234375,
        0.689453125,
        0.99951171875,
        0.99951171875,
        0.0184783935546875,
        0.79345703125,
        0.9716796875,
        0.051727294921875,
        0.96484375,
        0.039764404296875,
        1.0,
        0.99951171875,
        0.97705078125,
        0.9990234375,
        0.00591278076171875,
        0.99951171875,
        0.99951171875,
        0.87548828125,
        0.99951171875,
        1.0,
        0.477294921875,
        1.0,
        0.99951171875,
        0.9921875,
        0.998046875,
        1.0,
        1.0,
        0.54052734375,
        0.0003046989440917969,
        1.0,
        0.99609375,
        1.0,
        0.9833984375,
        1.0,
        0.990234375,
        0.99853515625,
        1.0,
        1.0,
        0.97265625,
        0.99951171875,
        1.0,
        1.0,
        0.99755859375,
        1.0,
        0.99609375,
        1.0,
        0.99853515625,
        0.00824737548828125,
        0.99951171875,
        0.01763916015625,
        0.0008039474487304688,
        0.99951171875,
        0.9833984375,
        0.429931640625,
        0.0007867813110351562,
        1.0,
        0.0002040863037109375,
        0.99951171875,
        1.0,
        0.0017156600952148438,
        1.0,
        0.99951171875,
        1.0,
        0.9990234375,
        0.99951171875,
        1.0,
        0.99853515625,
        0.98828125,
        0.5625,
        0.99951171875,
        0.99951171875,
        0.9990234375,
        0.0008635520935058594,
        1.0,
        1.0,
        0.01708984375,
        0.99853515625,
        1.0,
        0.99658203125,
        1.0,
        0.99609375,
        0.2276611328125,
        0.9970703125,
        0.0307159423828125,
        0.99951171875,
        0.63037109375,
        1.0,
        0.974609375,
        0.99853515625,
        1.0,
        1.0,
        0.63720703125,
        0.99853515625,
        0.10302734375,
        0.00858306884765625,
        0.99951171875,
        0.99853515625,
        0.032073974609375,
        0.99462890625,
        0.99609375,
        0.99951171875,
        0.904296875,
        0.7841796875,
        1.0,
        0.0154876708984375,
        0.99609375,
        0.1416015625,
        0.31005859375,
        0.99560546875,
        1.0,
        0.003143310546875,
        0.99755859375,
        0.99951171875,
        0.89208984375,
        0.00025534629821777344,
        1.0,
        1.0,
        1.0,
        0.943359375,
        1.0,
        0.12030029296875,
        0.9970703125,
        0.99951171875,
        6.598234176635742e-05,
        0.04364013671875,
        0.76611328125,
        0.0357666015625,
        0.96435546875,
        0.001369476318359375,
        0.99755859375,
        0.9931640625,
        0.001140594482421875,
        0.0010156631469726562,
        1.0,
        1.0,
        1.0,
        0.9970703125,
        1.0,
        0.9990234375,
        1.0,
        0.505859375,
        0.36279296875,
        0.009307861328125,
        0.00026154518127441406,
        1.0,
        0.0163726806640625,
        1.0,
        0.8916015625,
        0.63232421875,
        1.0,
        0.95166015625,
        0.0018854141235351562,
        0.94287109375,
        1.0,
        0.99951171875,
        1.0,
        0.178955078125,
        0.99609375,
        0.9990234375,
        0.9833984375,
        1.0,
        0.1558837890625,
        0.99951171875,
        0.580078125,
        1.0,
        0.966796875,
        0.8330078125,
        0.00348663330078125,
        0.97900390625,
        0.005908966064453125,
        0.99951171875,
        0.98828125,
        0.8759765625,
        0.9970703125,
        0.0248870849609375,
        0.99853515625,
        0.9892578125,
        0.9833984375,
        0.9970703125,
        0.9951171875,
        0.01079559326171875,
        0.9990234375,
        1.0,
        0.9990234375,
        0.99951171875,
        0.9990234375,
        0.998046875,
        1.0,
        0.9990234375,
        0.99462890625,
        0.87890625,
        0.99951171875,
        0.451416015625,
        0.92041015625,
        0.054779052734375,
        0.0017995834350585938,
        1.0,
        0.869140625,
        1.0,
        1.0,
        1.0,
        0.99951171875,
        0.93017578125,
        1.0,
        0.9990234375,
        0.00018703937530517578,
        0.994140625,
        0.95654296875,
        0.720703125,
        0.99609375,
        0.97509765625,
        0.9365234375,
        1.0,
        1.0,
        0.91845703125,
        0.99951171875,
        0.99853515625,
        1.0
    ],
    "eval_runtime": 28.9636,
    "eval_samples_per_second": 8.632,
    "eval_steps_per_second": 0.552
}