{
    "model_dir": "models/classify_lora/tinyllama-1b-us_history",
    "distribution_id": "us_history_textbook",
    "timestamp": "2023-10-15 18:38:28",
    "eval_loss": 0.46435546875,
    "eval_score": -0.1436767578125,
    "eval_brier_score": 0.1436767578125,
    "eval_average_probability": 0.68701171875,
    "eval_accuracy": 0.8373333333333334,
    "eval_probabilities": [
        0.546875,
        0.56494140625,
        0.5224609375,
        0.06500244140625,
        0.032501220703125,
        0.03546142578125,
        0.724609375,
        0.75927734375,
        0.650390625,
        0.77783203125,
        0.90576171875,
        0.88037109375,
        0.68017578125,
        0.88037109375,
        0.84423828125,
        0.505859375,
        0.58642578125,
        0.450439453125,
        0.57080078125,
        0.60009765625,
        0.6279296875,
        0.93505859375,
        0.86181640625,
        0.7685546875,
        0.900390625,
        0.88134765625,
        0.74609375,
        0.634765625,
        0.6787109375,
        0.450439453125,
        0.96484375,
        0.974609375,
        0.97216796875,
        0.80224609375,
        0.80078125,
        0.810546875,
        0.615234375,
        0.59716796875,
        0.61669921875,
        0.755859375,
        0.68017578125,
        0.841796875,
        0.96484375,
        0.95263671875,
        0.76025390625,
        0.413818359375,
        0.45361328125,
        0.390380859375,
        0.1341552734375,
        0.5556640625,
        0.09173583984375,
        0.347412109375,
        0.34375,
        0.322265625,
        0.94091796875,
        0.88671875,
        0.986328125,
        0.501953125,
        0.50830078125,
        0.4853515625,
        0.90625,
        0.89111328125,
        0.93994140625,
        0.63720703125,
        0.67822265625,
        0.5986328125,
        0.377197265625,
        0.48681640625,
        0.2147216796875,
        0.63330078125,
        0.6015625,
        0.58251953125,
        0.890625,
        0.58154296875,
        0.66357421875,
        0.52880859375,
        0.054962158203125,
        0.03485107421875,
        0.9716796875,
        0.9755859375,
        0.970703125,
        0.94580078125,
        0.9541015625,
        0.94970703125,
        0.6748046875,
        0.6484375,
        0.73291015625,
        0.78466796875,
        0.6669921875,
        0.84326171875,
        0.58056640625,
        0.62548828125,
        0.59130859375,
        0.93310546875,
        0.92724609375,
        0.91748046875,
        0.82421875,
        0.64453125,
        0.86279296875,
        0.7275390625,
        0.80908203125,
        0.64697265625,
        0.626953125,
        0.51904296875,
        0.578125,
        0.14794921875,
        0.30859375,
        0.44921875,
        0.88427734375,
        0.87841796875,
        0.87158203125,
        0.89892578125,
        0.9873046875,
        0.990234375,
        0.947265625,
        0.93212890625,
        0.87353515625,
        0.97021484375,
        0.9892578125,
        0.986328125,
        0.44287109375,
        0.77734375,
        0.478515625,
        0.71728515625,
        0.73828125,
        0.51708984375,
        0.609375,
        0.52685546875,
        0.46044921875,
        0.75634765625,
        0.85107421875,
        0.82177734375,
        0.6376953125,
        0.548828125,
        0.040374755859375,
        0.57763671875,
        0.79736328125,
        0.5947265625,
        0.7119140625,
        0.525390625,
        0.299560546875,
        0.5927734375,
        0.53466796875,
        0.51806640625,
        0.75390625,
        0.72314453125,
        0.54296875,
        0.64599609375,
        0.66552734375,
        0.509765625,
        0.55908203125,
        0.57373046875,
        0.387451171875,
        0.4765625,
        0.56884765625,
        0.47998046875,
        0.91357421875,
        0.75439453125,
        0.63427734375,
        0.994140625,
        0.990234375,
        0.9912109375,
        0.75927734375,
        0.72119140625,
        0.80419921875,
        0.580078125,
        0.560546875,
        0.57177734375,
        0.73974609375,
        0.417724609375,
        0.662109375,
        0.962890625,
        0.98291015625,
        0.9833984375,
        0.54931640625,
        0.48681640625,
        0.55029296875,
        0.52099609375,
        0.51513671875,
        0.489013671875,
        0.90576171875,
        0.98291015625,
        0.8603515625,
        0.8671875,
        0.5712890625,
        0.83642578125,
        0.56396484375,
        0.034942626953125,
        0.513671875,
        0.498779296875,
        0.50146484375,
        0.5048828125,
        0.70068359375,
        0.88525390625,
        0.64404296875,
        0.53564453125,
        0.916015625,
        0.8935546875,
        0.49853515625,
        0.382080078125,
        0.402099609375,
        0.67041015625,
        0.64990234375,
        0.685546875,
        0.6845703125,
        0.86572265625,
        0.8671875,
        0.78515625,
        0.80908203125,
        0.861328125,
        0.59765625,
        0.5078125,
        0.294189453125,
        0.498046875,
        0.85009765625,
        0.6796875,
        0.9033203125,
        0.8837890625,
        0.900390625,
        0.56591796875,
        0.55322265625,
        0.56005859375,
        0.01096343994140625,
        0.51708984375,
        0.5322265625,
        0.83544921875,
        0.71923828125,
        0.7822265625,
        0.91796875,
        0.927734375,
        0.8984375,
        0.89892578125,
        0.91943359375,
        0.92041015625,
        0.89306640625,
        0.66796875,
        0.56591796875,
        0.53662109375,
        0.65478515625,
        0.59326171875,
        0.9345703125,
        0.97265625,
        0.9716796875,
        0.546875,
        0.5439453125,
        0.95703125,
        0.5400390625,
        0.634765625,
        0.41455078125,
        0.95654296875,
        0.9541015625,
        0.91845703125,
        0.58154296875,
        0.498291015625,
        0.5380859375,
        0.7490234375,
        0.84716796875,
        0.9072265625,
        0.67041015625,
        0.1461181640625,
        0.1373291015625,
        0.5869140625,
        0.564453125,
        0.6708984375,
        0.830078125,
        0.79248046875,
        0.82763671875,
        0.6962890625,
        0.60791015625,
        0.76611328125,
        0.9921875,
        0.99755859375,
        0.98583984375,
        0.74658203125,
        0.919921875,
        0.85107421875,
        0.52294921875,
        0.467041015625,
        0.59033203125,
        0.97802734375,
        0.978515625,
        0.97412109375,
        0.5029296875,
        0.505859375,
        0.4814453125,
        0.89404296875,
        0.89892578125,
        0.818359375,
        0.787109375,
        0.66357421875,
        0.86865234375,
        0.46142578125,
        0.5576171875,
        0.396728515625,
        0.96875,
        0.966796875,
        0.95556640625,
        0.7041015625,
        0.99072265625,
        0.95703125,
        0.458251953125,
        0.4052734375,
        0.5361328125,
        0.73095703125,
        0.759765625,
        0.67626953125,
        0.8935546875,
        0.81396484375,
        0.8115234375,
        0.46044921875,
        0.1868896484375,
        0.15087890625,
        0.83349609375,
        0.7255859375,
        0.787109375,
        0.921875,
        0.65771484375,
        0.94873046875,
        0.66357421875,
        0.57568359375,
        0.703125,
        0.810546875,
        0.76904296875,
        0.78271484375,
        0.39892578125,
        0.329833984375,
        0.50146484375,
        0.85107421875,
        0.66650390625,
        0.60888671875,
        0.68994140625,
        0.671875,
        0.68017578125,
        0.78515625,
        0.65380859375,
        0.80712890625,
        0.60546875,
        0.62060546875,
        0.650390625,
        0.9208984375,
        0.92529296875,
        0.9150390625,
