{
    "model_dir": "models/classify_lora/llama-30b-change_my_view",
    "distribution_id": "us_history_make_questions",
    "timestamp": "2023-10-27 05:19:38",
    "eval_loss": 0.640625,
    "eval_score": -0.200927734375,
    "eval_brier_score": 0.200927734375,
    "eval_average_probability": 0.6201171875,
    "eval_accuracy": 0.7066666666666667,
    "eval_probabilities": [
        0.484130859375,
        0.484130859375,
        0.8330078125,
        0.56494140625,
        0.9326171875,
        0.673828125,
        0.3408203125,
        0.69775390625,
        0.521484375,
        0.9599609375,
        0.88525390625,
        0.794921875,
        0.285400390625,
        0.3486328125,
        0.1806640625,
        0.90625,
        0.50537109375,
        0.6513671875,
        0.06854248046875,
        0.1514892578125,
        0.402587890625,
        0.362060546875,
        0.85986328125,
        0.63134765625,
        0.5908203125,
        0.85693359375,
        0.50390625,
        0.4912109375,
        0.73486328125,
        0.273681640625,
        0.31396484375,
        0.521484375,
        0.7177734375,
        0.131591796875,
        0.5009765625,
        0.5439453125,
        0.6435546875,
        0.91748046875,
        0.33642578125,
        0.307373046875,
        0.7646484375,
        0.6240234375,
        0.5439453125,
        0.236572265625,
        0.1514892578125,
        0.66357421875,
        0.80078125,
        0.91015625,
        0.4091796875,
        0.4130859375,
        0.2568359375,
        0.84716796875,
        0.8017578125,
        0.7060546875,
        0.8955078125,
        0.71923828125,
        0.845703125,
        0.443603515625,
        0.184814453125,
        0.2120361328125,
        0.9091796875,
        0.77685546875,
        0.226806640625,
        0.96826171875,
        0.8408203125,
        0.888671875,
        0.89990234375,
        0.4140625,
        0.7880859375,
        0.115966796875,
        0.187744140625,
        0.290283203125,
        0.91552734375,
        0.953125,
        0.92529296875,
        0.82421875,
        0.7734375,
        0.6611328125,
        0.90185546875,
        0.72119140625,
        0.80126953125,
        0.10821533203125,
        0.0792236328125,
        0.089599609375,
        0.88623046875,
        0.85107421875,
        0.859375,
        0.69189453125,
        0.6953125,
        0.77978515625,
        0.4140625,
        0.5859375,
        0.4658203125,
        0.6513671875,
        0.91748046875,
        0.81591796875,
        0.90234375,
        0.7109375,
        0.978515625,
        0.062744140625,
        0.49560546875,
        0.80029296875,
        0.76708984375,
        0.41015625,
        0.50390625,
        0.689453125,
        0.65478515625,
        0.26513671875,
        0.17333984375,
        0.97705078125,
        0.630859375,
        0.64697265625,
        0.57275390625,
        0.6435546875,
        0.68994140625,
        0.6533203125,
        0.55078125,
        0.94189453125,
        0.80908203125,
        0.716796875,
        0.85498046875,
        0.8388671875,
        0.86865234375,
        0.52978515625,
        0.56982421875,
        0.798828125,
        0.417724609375,
        0.60595703125,
        0.67919921875,
        0.6767578125,
        0.385009765625,
        0.826171875,
        0.035491943359375,
        0.4716796875,
        0.323486328125,
        0.900390625,
        0.974609375,
        0.93359375,
        0.8828125,
        0.9375,
        0.919921875,
        0.474609375,
        0.76806640625,
        0.451904296875,
        0.82080078125,
        0.779296875,
        0.5166015625,
        0.68408203125,
        0.59619140625,
        0.8525390625,
        0.7080078125,
        0.78125,
        0.62255859375,
        0.6875,
        0.94482421875,
        0.9521484375,
        0.70556640625,
        0.6162109375,
        0.8720703125,
        0.259765625,
        0.1865234375,
        0.06781005859375,
        0.7607421875,
        0.6767578125,
        0.53515625,
        0.802734375,
        0.07965087890625,
        0.64501953125,
        0.5703125,
        0.640625,
        0.97119140625,
        0.72119140625,
        0.7705078125,
        0.417724609375,
        0.83642578125,
        0.5888671875,
        0.55810546875,
        0.73388671875,
        0.72119140625,
        0.93603515625,
        0.6767578125,
        0.453369140625,
        0.347412109375,
        0.4091796875,
        0.2047119140625,
        0.484375,
        0.7158203125,
        0.8154296875,
        0.6328125,
        0.62353515625,
        0.292236328125,
        0.406494140625,
        0.71142578125,
        0.11376953125,
        0.4609375,
        0.2379150390625,
        0.583984375,
        0.43115234375,
        0.474609375,
        0.2568359375,
        0.6982421875,
        0.9091796875,
        0.8876953125,
        0.767578125,
        0.84326171875,
        0.9482421875,
        0.63330078125,
        0.6474609375,
        0.259033203125,
        0.462890625,
        0.68603515625,
        0.83984375,
        0.8173828125,
        0.322998046875,
        0.5078125,
        0.509765625,
        0.9482421875,
        0.90380859375,
        0.94775390625,
        0.83154296875,
        0.420654296875,
        0.7529296875,
        0.362060546875,
        0.4599609375,
        0.6279296875,
        0.6103515625,
        0.1083984375,
        0.3310546875,
        0.7939453125,
        0.865234375,
        0.533203125,
        0.8984375,
        0.50390625,
        0.341552734375,
        0.355224609375,
        0.82275390625,
        0.8564453125,
        0.50390625,
        0.55078125,
        0.45703125,
        0.85205078125,
        0.77978515625,
        0.91162109375,
        0.7998046875,
        0.97900390625,
        0.84033203125,
        0.57373046875,
        0.368408203125,
        0.70263671875,
        0.86669921875,
        0.448974609375,
        0.07550048828125,
        0.43212890625,
        0.82080078125,
        0.23193359375,
        0.87548828125,
        0.7861328125,
        0.5361328125,
        0.494140625,
        0.72705078125,
        0.56591796875,
        0.75634765625,
        0.93896484375,
        0.67724609375,
        0.03802490234375,
        0.23095703125,
        0.43505859375,
        0.401611328125,
        0.2254638671875,
        0.10052490234375,
        0.406494140625,
        0.2137451171875,
        0.689453125,
        0.4775390625,
        0.93212890625,
        0.80712890625,
        0.9677734375,
        0.7255859375,
        0.93359375,
        0.59619140625,
        0.4658203125,
        0.08880615234375,
        0.73876953125,
        0.57177734375,
        0.71533203125,
        0.9189453125,
        0.908203125,
        0.533203125,
        0.70556640625,
        0.82421875,
        0.76220703125,
        0.0782470703125,
        0.417236328125,
        0.36572265625,
        0.42724609375,
        0.67041015625,
        0.77734375,
        0.96826171875,
        0.98193359375,
        0.84521484375,
        0.89599609375,
        0.384033203125,
        0.77685546875,
        0.9873046875,
        0.857421875,
        0.9560546875,
        0.4697265625,
        0.312255859375,
        0.7177734375,
        0.521484375,
        0.77099609375,
        0.6982421875,
        0.5078125,
        0.67236328125,
        0.51171875,
        0.38671875,
        0.556640625,
        0.42626953125,
        0.041259765625,
        0.56396484375,
        0.1607666015625,
        0.46484375,
        0.408203125,
        0.7646484375,
        0.4970703125,
        0.449462890625,
        0.5458984375,
        0.72509765625,
        0.82421875,
        0.80322265625,
        0.1959228515625,
        0.77197265625,
        0.8466796875,
        0.8310546875,
        0.96435546875,
        0.736328125,
        0.65478515625,
        0.72705078125,
        0.80322265625,
        0.86083984375,
        0.9375,
