{
    "eval_accuracy": 0.276,
    "eval_rms_calibration_error": 0.16928607093262563,
    "eval_average_probability": 0.41399263501605305,
    "eval_brier_score": 0.37133313039908955,
    "eval_probabilities": [
        0.30839027765565474,
        0.32812925879193455,
        0.4308189736442695,
        0.4947488040859943,
        0.3150990665352489,
        0.481298075635859,
        0.20434202268087565,
        0.25658755556850826,
        0.5572766629128816,
        0.4379271198298616,
        0.30318814379122927,
        0.22234569659223458,
        0.12264154064084642,
        0.3901887340124534,
        0.4195108630087975,
        0.2273133133091327,
        0.33643909316007586,
        0.6752324541207485,
        0.15308423303692834,
        0.4511751796164366,
        0.3550615536573766,
        0.23427128698887834,
        0.270859276050669,
        0.38516589733659723,
        0.3668426550946796,
        0.33969193244835083,
        0.574238193411212,
        0.40183171080035995,
        0.25694860222502813,
        0.6173304594143398,
        0.292791126400695,
        0.22008897629899546,
        0.47812180896268563,
        0.32517322368270835,
        0.3128261270222188,
        0.6702403815597123,
        0.2234154888786874,
        0.20576124695242481,
        0.26424472783658265,
        0.2273604590163229,
        0.7398689704645747,
        0.313904730069927,
        0.562347998756665,
        0.39056964499185814,
        0.3255216712970261,
        0.3386992989521408,
        0.6590720980830973,
        0.519240400206176,
        0.21566072119279556,
        0.43700845758928974,
        0.49675347377379897,
        0.39227446755695783,
        0.5977740649307742,
        0.2991821619286985,
        0.8404711699807267,
        0.4076913434313804,
        0.31088743035288224,
        0.36788444538796355,
        0.7071417711797015,
        0.19196276427420478,
        0.4917159633536988,
        0.3579961269837436,
        0.7223541438180991,
        0.1375398314525719,
        0.35625570960537967,
        0.3712001486322536,
        0.7004611875754158,
        0.141337870891106,
        0.22649712206034187,
        0.4314214489336713,
        0.4189458343830891,
        0.6536533138069102,
        0.42194391000103215,
        0.3849194337884244,
        0.3429245623963827,
        0.30954336765910195,
        0.37521645151164923,
        0.40237625943383515,
        0.44674215215899754,
        0.37911439004666025,
        0.3758259073058322,
        0.25103243324756347,
        0.6902572236049592,
        0.3690585561062858,
        0.3776123872476998,
        0.7421420097065429,
        0.43256594271664583,
        0.28843376019715106,
        0.38177569584520277,
        0.4048170821125314,
        0.6864715839578228,
        0.3831602776910321,
        0.48434751184348146,
        0.40004160295575597,
        0.35526395318787507,
        0.3637024304084039,
        0.4580777289401915,
        0.28962494542378775,
        0.725363734615239,
        0.3117987090076763,
        0.45587373858884916,
        0.5394991193463747,
        0.7316868749095251,
        0.20646259713834608,
        0.3417786137658792,
        0.3805450264663707,
        0.7106780037458049,
        0.5411535096732005,
        0.31433737246845894,
        0.38470479884184505,
        0.48417992606260596,
        0.5924647515557562,
        0.5129764226124924,
        0.17946247968210105,
        0.34833007170798347,
        0.28578281042112785,
        0.33882320911926933,
        0.4416790230850405,
        0.27693940110682885,
        0.7735220878182758,
        0.33287378970801085,
        0.4006419414835093,
        0.45969796566083343,
        0.3561806471091503,
        0.644744668589144,
        0.5506040223064067,
        0.33189759778844086,
        0.3241527070852026,
        0.4088885565926491,
        0.5762387955065833,
        0.47526401853535527,
        0.11143608794666653,
        0.49999058858598855,
        0.46949151991234905,
        0.31291478992345895,
        0.1714795593965993,
        0.547365121125956,
        0.2426269790186304,
        0.3054596754676209,
        0.21074647282969133,
        0.2653566832564717,
        0.10475947787500484,
        0.292003180951244,
        0.5171965743760177,
        0.34995304159561036,
        0.2913742617830799,
        0.4907228637378118,
        0.4105089630232337,
        0.6214694432059769,
        0.5588592830169896,
        0.7523724723908805,
        0.4641553600217343,
        0.5830527610295918,
        0.6197087944548177,
        0.2180897743069423,
        0.380788103794479,
        0.5099217124737351,
        0.11602675802428224,
        0.7171237886405888,
        0.1922739306432586,
        0.5954072653964175,
        0.7386888965481531,
        0.6323442535400563,
        0.12114767422583383,
        0.5711010622430919,
        0.7486230890630162,
        0.20606684866449243,
        0.3377421233019857,
        0.3110803000799508,
        0.4942791632597099,
        0.2894000735832498,
        0.282048292576575,
        0.17242423694246645,
        0.7733884549493564,
        0.3520280837473615,
        0.4930985567977213,
        0.2747347361368889,
        0.4634585725338827,
        0.3200168739524002,
        0.6338834662552897,
        0.27378355456160963,
        0.6904223527626049,
        0.4775501281675596,
        0.3466987521271975,
        0.4676503066403398,
        0.5639343268551813,
        0.7159503851551636,
        0.47704056698742875,
        0.6629336530291513,
        0.3456874788010331,
        0.7365004183053775,
        0.49648754107866555,
        0.632553493237237,
        0.1777738029982988,
        0.5167445782001919,
        0.35201464463979015,
        0.3545999789768183,
        0.2695596512482409,
        0.20679957286527376,
        0.4518568921135373,
        0.3016393406788579,
        0.37625867212849723,
        0.4867700811337519,
        0.5316309166114089,
        0.5390050686444537,
        0.11939118371803183,
        0.47485017493452986,
        0.37926502861054134,
        0.13955265792677166,
        0.36457019231386867,
        0.3149669851731162,
        0.39537854099029796,
        0.802261912704392,
        0.28585664002545746,
        0.6544757521072495,
        0.30706055779141034,
        0.23888103512980102,
        0.42468062435452125,
        0.3529708976647047,
        0.6082220885145314,
        0.3755142229678248,
        0.5508283570764514,
        0.2664444330611801,
        0.6805654746540626,
        0.43305849805697594,
        0.1973727913904536,
        0.5290154953390983,
        0.5069652576934288,
        0.2599471208253893,
        0.5324719234929871,
        0.1276909464216992,
        0.5978830617885103,
        0.23845578646450255,
        0.392269393553007,
        0.7307695498667803,
        0.12673479409502825,
        0.17018092236337723,
        0.41344359000387676,
        0.6928050099230247,
        0.3122389073155357,
        0.5853001067896137,
        0.6501995859220701,
        0.24848806767890508,
        0.1909956619026795,
        0.5711840408309682,
        0.5212893041984338,
        0.14612542193324016,
        0.42029380396159177,
        0.4913363850091229,
        0.28835382275533517
    ]
}