{
    "model_dir": "models/classify_lora/tinyllama-1b-raven_matrices",
    "distribution_id": "us_history",
    "timestamp": "2023-10-15 18:21:19",
    "eval_loss": 0.7099609375,
    "eval_score": -0.25390625,
    "eval_brier_score": 0.25390625,
    "eval_average_probability": 0.5,
    "eval_accuracy": 0.472,
    "eval_probabilities": [
        0.49951171875,
        0.49951171875,
        0.458740234375,
        0.472900390625,
        0.47900390625,
        0.49951171875,
        0.481689453125,
        0.442626953125,
        0.54541015625,
        0.471435546875,
        0.472412109375,
        0.484619140625,
        0.54833984375,
        0.517578125,
        0.56005859375,
        0.57763671875,
        0.57080078125,
        0.5703125,
        0.43701171875,
        0.4140625,
        0.43310546875,
        0.50732421875,
        0.470947265625,
        0.477294921875,
        0.44580078125,
        0.494873046875,
        0.45849609375,
        0.473388671875,
        0.4609375,
        0.51611328125,
        0.5234375,
        0.513671875,
        0.51953125,
        0.52734375,
        0.470947265625,
        0.599609375,
        0.426025390625,
        0.5029296875,
        0.52734375,
        0.55419921875,
        0.5341796875,
        0.53466796875,
        0.440185546875,
        0.473876953125,
        0.4560546875,
        0.53564453125,
        0.51025390625,
        0.50146484375,
        0.3701171875,
        0.479248046875,
        0.42333984375,
        0.5390625,
        0.413818359375,
        0.482666015625,
        0.52734375,
        0.56494140625,
        0.416748046875,
        0.36181640625,
        0.5263671875,
        0.4970703125,
        0.54296875,
        0.525390625,
        0.5625,
        0.410400390625,
        0.3984375,
        0.442626953125,
        0.47412109375,
        0.466552734375,
        0.465576171875,
        0.399658203125,
        0.438720703125,
        0.41015625,
        0.498046875,
        0.53564453125,
        0.487060546875,
        0.486572265625,
        0.50732421875,
        0.49609375,
        0.517578125,
        0.5029296875,
        0.54052734375,
        0.53759765625,
        0.54296875,
        0.5419921875,
        0.49658203125,
        0.51171875,
        0.51513671875,
        0.49267578125,
        0.45361328125,
        0.369384765625,
        0.460693359375,
        0.48193359375,
        0.4775390625,
        0.55712890625,
        0.470947265625,
        0.5654296875,
        0.54296875,
        0.521484375,
        0.47900390625,
        0.484619140625,
        0.55517578125,
        0.6171875,
        0.50634765625,
        0.487548828125,
        0.486328125,
        0.52099609375,
        0.482177734375,
        0.47998046875,
        0.748046875,
        0.640625,
        0.619140625,
        0.5244140625,
        0.51806640625,
        0.51708984375,
        0.479736328125,
        0.47998046875,
        0.513671875,
        0.48046875,
        0.484375,
        0.509765625,
        0.45751953125,
        0.36962890625,
        0.482666015625,
        0.5244140625,
        0.5712890625,
        0.4921875,
        0.54541015625,
        0.482177734375,
        0.478271484375,
        0.7822265625,
        0.5205078125,
        0.724609375,
        0.54296875,
        0.51611328125,
        0.57421875,
        0.5966796875,
        0.58154296875,
        0.496826171875,
        0.50146484375,
        0.49169921875,
        0.493896484375,
        0.368896484375,
        0.338623046875,
        0.389892578125,
        0.53125,
        0.53173828125,
        0.56103515625,
        0.603515625,
        0.544921875,
        0.50537109375,
        0.406982421875,
        0.57421875,
        0.5302734375,
        0.5244140625,
        0.50927734375,
        0.50537109375,
        0.50732421875,
        0.4990234375,
        0.51171875,
        0.46923828125,
        0.45068359375,
        0.46435546875,
        0.486083984375,
        0.484619140625,
        0.50244140625,
        0.533203125,
        0.60498046875,
        0.52392578125,
        0.57421875,
        0.55419921875,
        0.414306640625,
        0.53564453125,
        0.53173828125,
        0.5341796875,
        0.517578125,
        0.4736328125,
        0.447265625,
        0.48583984375,
        0.50830078125,
        0.50048828125,
        0.5078125,
        0.5390625,
        0.53125,
        0.49365234375,
        0.50048828125,
        0.47607421875,
        0.463623046875,
        0.740234375,
        0.455078125,
        0.488525390625,
        0.477294921875,
        0.50634765625,
        0.300537109375,
        0.299560546875,
        0.366455078125,
        0.52392578125,
        0.533203125,
        0.5234375,
        0.51220703125,
        0.5068359375,
        0.55322265625,
        0.44140625,
        0.501953125,
        0.4501953125,
        0.470947265625,
        0.48828125,
        0.482177734375,
        0.4658203125,
        0.529296875,
        0.513671875,
        0.37451171875,
        0.474365234375,
        0.5341796875,
        0.5693359375,
        0.42919921875,
        0.50048828125,
        0.552734375,
        0.5625,
        0.59033203125,
        0.50927734375,
        0.49853515625,
        0.5341796875,
        0.443359375,
        0.5341796875,
        0.501953125,
        0.51171875,
        0.493408203125,
        0.490478515625,
        0.471923828125,
        0.47607421875,
        0.455322265625,
        0.474365234375,
        0.458984375,
        0.49462890625,
        0.5009765625,
        0.5458984375,
        0.48486328125,
        0.50341796875,
        0.494873046875,
        0.499755859375,
        0.541015625,
        0.54345703125,
        0.433349609375,
        0.497802734375,
        0.5048828125,
        0.50048828125,
        0.5166015625,
        0.499267578125,
        0.56982421875,
        0.48291015625,
        0.449462890625,
        0.454345703125,
        0.496337890625,
        0.488037109375,
        0.4619140625,
        0.499755859375,
        0.40869140625,
        0.56689453125,
        0.39404296875,
        0.55322265625,
        0.5869140625,
        0.487548828125,
        0.491943359375,
        0.457275390625,
        0.435791015625,
        0.477783203125,
        0.46435546875,
        0.490234375,
        0.46630859375,
        0.50634765625,
        0.497314453125,
        0.52685546875,
        0.453369140625,
        0.450439453125,
        0.495849609375,
        0.48583984375,
        0.55126953125,
        0.703125,
        0.51611328125,
        0.435791015625,
        0.43798828125,
        0.445068359375,
        0.490966796875,
        0.54345703125,
        0.63818359375,
        0.505859375,
        0.498779296875,
        0.50537109375,
        0.358642578125,
        0.431884765625,
        0.442626953125,
        0.44482421875,
        0.465087890625,
        0.469482421875,
        0.482421875,
        0.360107421875,
        0.49951171875,
        0.408203125,
        0.47705078125,
        0.41650390625,
        0.447509765625,
        0.53515625,
        0.433837890625,
        0.6787109375,
        0.267578125,
        0.5546875,
        0.54638671875,
        0.59423828125,
        0.56787109375,
        0.55029296875,
        0.52001953125,
        0.59033203125,
        0.5615234375,
        0.5185546875,
        0.49560546875,
        0.341796875,
        0.537109375,
        0.42919921875,
        0.482666015625,
        0.51123046875,
        0.56689453125,
        0.491455078125,
        0.455078125,
        0.476806640625,
        0.51806640625,
        0.55908203125,
        0.4951171875,
        0.437255859375,
        0.50244140625,
        0.5498046875,
        0.462890625,
        0.26318359375,
        0.59130859375,
        0.481201171875,
        0.435302734375,
        0.50146484375,
        0.465087890625,
        0.471923828125,
        0.4375,
        0.54931640625,
