{
    "model_dir": "models/classify_lora/openllama-3b-alpaca_short",
    "distribution_id": "alpaca_long",
    "timestamp": "2023-10-15 07:27:54",
    "eval_loss": 10.8515625,
    "eval_score": -0.93701171875,
    "eval_brier_score": 0.93701171875,
    "eval_average_probability": 0.047393798828125,
    "eval_accuracy": 0.036,
    "eval_probabilities": [
        4.76837158203125e-07,
        0.0,
        0.8154296875,
        0.042083740234375,
        1.7881393432617188e-07,
        1.1086463928222656e-05,
        0.0006880760192871094,
        2.1457672119140625e-06,
        0.0,
        0.0,
        0.361083984375,
        0.097412109375,
        0.00042057037353515625,
        0.00014853477478027344,
        3.039836883544922e-06,
        4.00543212890625e-05,
        0.0024051666259765625,
        0.01433563232421875,
        6.496906280517578e-06,
        0.0011167526245117188,
        0.00020825862884521484,
        0.0011835098266601562,
        4.5299530029296875e-06,
        1.6570091247558594e-05,
        0.405517578125,
        0.0,
        0.0,
        2.0265579223632812e-06,
        0.0005035400390625,
        1.7881393432617188e-07,
        1.1920928955078125e-07,
        3.3974647521972656e-06,
        0.0003142356872558594,
        3.814697265625e-06,
        0.1806640625,
        0.0,
        7.152557373046875e-07,
        1.1920928955078125e-07,
        5.960464477539063e-08,
        4.303455352783203e-05,
        5.960464477539063e-08,
        5.960464477539062e-07,
        5.960464477539063e-08,
        0.0200042724609375,
        0.0005617141723632812,
        5.2034854888916016e-05,
        0.0,
        0.0,
        2.384185791015625e-07,
        0.00022172927856445312,
        8.612871170043945e-05,
        0.9931640625,
        0.0,
        7.033348083496094e-06,
        0.0850830078125,
        0.046722412109375,
        0.0,
        0.006290435791015625,
        7.152557373046875e-07,
        0.0002397298812866211,
        5.960464477539063e-08,
        5.960464477539063e-08,
        1.7881393432617188e-07,
        0.006744384765625,
        0.34423828125,
        6.258487701416016e-06,
        0.0,
        7.3909759521484375e-06,
        0.0074615478515625,
        1.1920928955078125e-07,
        0.0008759498596191406,
        7.152557373046875e-07,
        0.0,
        8.189678192138672e-05,
        0.00012934207916259766,
        8.046627044677734e-05,
        1.8477439880371094e-06,
        1.6450881958007812e-05,
        0.0006122589111328125,
        5.364418029785156e-07,
        2.980232238769531e-07,
        0.0002199411392211914,
        0.003429412841796875,
        0.0007181167602539062,
        0.0020198822021484375,
        0.319091796875,
        4.76837158203125e-07,
        7.784366607666016e-05,
        0.00011771917343139648,
        1.1920928955078125e-07,
        2.777576446533203e-05,
        6.300210952758789e-05,
        2.0325183868408203e-05,
        0.1302490234375,
        6.556510925292969e-07,
        1.1324882507324219e-06,
        0.0018033981323242188,
        0.99658203125,
        0.0,
        8.481740951538086e-05,
        1.0728836059570312e-06,
        2.092123031616211e-05,
        0.0002378225326538086,
        3.814697265625e-06,
        0.95361328125,
        1.531839370727539e-05,
        0.00012946128845214844,
        3.2186508178710938e-06,
        0.0015249252319335938,
        5.2988529205322266e-05,
        0.005901336669921875,
        0.0021877288818359375,
        0.0009851455688476562,
        1.4066696166992188e-05,
        5.960464477539063e-08,
        2.6285648345947266e-05,
        1.7881393432617188e-06,
        2.384185791015625e-07,
        5.960464477539063e-08,
        0.0,
        0.0001068115234375,
        0.01519012451171875,
        0.0,
        0.385009765625,
        0.0014104843139648438,
        0.0,
        0.537109375,
        0.0,
        0.00014734268188476562,
        2.384185791015625e-07,
        8.344650268554688e-07,
        8.940696716308594e-07,
        8.153915405273438e-05,
        0.134765625,
        0.006824493408203125,
        4.76837158203125e-07,
        0.0004494190216064453,
        0.004070281982421875,
        9.316205978393555e-05,
        1.7642974853515625e-05,
        0.0002053976058959961,
        0.0002856254577636719,
        0.98828125,
        0.732421875,
        8.887052536010742e-05,
        4.5239925384521484e-05,
        7.450580596923828e-06,
        5.0067901611328125e-06,
        2.1457672119140625e-05,
        0.0,
        2.205371856689453e-06,
        0.0,
        0.355712890625,
        3.1948089599609375e-05,
        5.364418029785156e-07,
        1.1622905731201172e-05,
        0.0,
        3.4868717193603516e-05,
        2.7239322662353516e-05,
        0.00013875961303710938,
        0.00014483928680419922,
        7.748603820800781e-07,
        0.01302337646484375,
        4.351139068603516e-06,
        0.0002684593200683594,
        0.000720977783203125,
        0.0,
        0.06097412109375,
        2.1457672119140625e-05,
        5.960464477539063e-08,
        2.384185791015625e-07,
        4.684925079345703e-05,
        0.265380859375,
        0.0,
        0.0305023193359375,
        0.0,
        0.0006361007690429688,
        0.0,
        5.960464477539062e-07,
        0.0,
        0.0,
        5.364418029785156e-07,
        0.0,
        1.7881393432617188e-06,
        2.872943878173828e-05,
        8.189678192138672e-05,
        1.6987323760986328e-05,
        0.75927734375,
        0.0006566047668457031,
        7.843971252441406e-05,
        0.0,
        0.0004839897155761719,
        4.172325134277344e-07,
        0.0,
        0.0,
        2.8192996978759766e-05,
        0.0894775390625,
        0.112548828125,
        6.854534149169922e-06,
        1.2636184692382812e-05,
        0.0022487640380859375,
        0.01177978515625,
        1.1026859283447266e-05,
        5.960464477539063e-08,
        0.01214599609375,
        4.291534423828125e-05,
        0.00015723705291748047,
        0.002414703369140625,
        0.00015842914581298828,
        0.09130859375,
        2.8014183044433594e-06,
        0.96630859375,
        0.0,
        1.7881393432617188e-07,
        8.684396743774414e-05,
        0.0010995864868164062,
        1.1324882507324219e-06,
        0.0036067962646484375,
        0.0002028942108154297,
        0.00021827220916748047,
        0.00012040138244628906,
        0.007404327392578125,
        0.00010311603546142578,
        0.0180511474609375,
        0.0,
        0.0068511962890625,
        0.0,
        0.0008969306945800781,
        0.0017137527465820312,
        0.0001131296157836914,
        4.172325134277344e-07,
        0.0,
        0.0,
        5.960464477539062e-07,
        6.556510925292969e-07,
        6.318092346191406e-06,
        0.0,
        0.0,
        0.0,
        9.5367431640625e-07,
        0.002170562744140625,
        0.00016033649444580078,
        8.821487426757812e-06,
        0.0004189014434814453,
        7.617473602294922e-05,
        0.010009765625,
        1.7881393432617188e-07,
        4.76837158203125e-07,
        0.00047278404235839844,
        0.356689453125
    ],
    "eval_runtime": 4.1532,
    "eval_samples_per_second": 60.195,
    "eval_steps_per_second": 0.963
}