{
    "model_dir": "models/classify_lora/openllama-3b-alpaca_mmlu",
    "distribution_id": "comma_separated_output",
    "timestamp": "2023-11-01 21:50:02",
    "eval_loss": 0.64306640625,
    "eval_score": -0.2098388671875,
    "eval_brier_score": 0.2098388671875,
    "eval_average_probability": 0.603515625,
    "eval_accuracy": 0.684,
    "eval_probabilities": [
        0.383056640625,
        0.224853515625,
        0.302001953125,
        0.43408203125,
        0.56591796875,
        0.48046875,
        0.56396484375,
        0.451171875,
        0.467041015625,
        0.89111328125,
        0.9296875,
        0.89892578125,
        0.93896484375,
        0.9609375,
        0.9208984375,
        0.437744140625,
        0.51171875,
        0.4775390625,
        0.94384765625,
        0.951171875,
        0.9140625,
        0.642578125,
        0.368408203125,
        0.49951171875,
        0.6982421875,
        0.6005859375,
        0.923828125,
        0.513671875,
        0.80517578125,
        0.75341796875,
        0.44677734375,
        0.1396484375,
        0.58544921875,
        0.60302734375,
        0.6015625,
        0.501953125,
        0.34814453125,
        0.54296875,
        0.54248046875,
        0.720703125,
        0.84423828125,
        0.6435546875,
        0.86865234375,
        0.79931640625,
        0.91259765625,
        0.626953125,
        0.5478515625,
        0.3994140625,
        0.8701171875,
        0.85595703125,
        0.529296875,
        0.92138671875,
        0.6689453125,
        0.859375,
        0.73486328125,
        0.900390625,
        0.92724609375,
        0.6044921875,
        0.55810546875,
        0.430419921875,
        0.61376953125,
        0.55859375,
        0.52099609375,
        0.6123046875,
        0.43408203125,
        0.529296875,
        0.5537109375,
        0.6240234375,
        0.6181640625,
        0.52734375,
        0.5107421875,
        0.48095703125,
        0.471435546875,
        0.338134765625,
        0.9365234375,
        0.5029296875,
        0.78564453125,
        0.73681640625,
        0.689453125,
        0.63720703125,
        0.5634765625,
        0.5244140625,
        0.34033203125,
        0.4404296875,
        0.05511474609375,
        0.49951171875,
        0.038543701171875,
        0.05877685546875,
        0.169677734375,
        0.1912841796875,
        0.3212890625,
        0.280517578125,
        0.3037109375,
        0.84912109375,
        0.7197265625,
        0.814453125,
        0.71484375,
        0.8583984375,
        0.67236328125,
        0.72265625,
        0.8603515625,
        0.79443359375,
        0.272705078125,
        0.3203125,
        0.2154541015625,
        0.5361328125,
        0.441162109375,
        0.4775390625,
        0.56982421875,
        0.82568359375,
        0.67724609375,
        0.89697265625,
        0.88720703125,
        0.9384765625,
        0.6953125,
        0.7919921875,
        0.9296875,
        0.87646484375,
        0.8203125,
        0.494140625,
        0.6748046875,
        0.5048828125,
        0.41357421875,
        0.0116729736328125,
        0.01448822021484375,
        0.006046295166015625,
        0.477294921875,
        0.5634765625,
        0.60546875,
        0.78564453125,
        0.74609375,
        0.6923828125,
        0.4990234375,
        0.420166015625,
        0.339111328125,
        0.0662841796875,
        0.239501953125,
        0.26171875,
        0.685546875,
        0.60205078125,
        0.401611328125,
        0.70947265625,
        0.9375,
        0.52734375,
        0.90087890625,
        0.7109375,
        0.9189453125,
        0.92822265625,
        0.90966796875,
        0.59521484375,
        0.98291015625,
        0.96826171875,
        0.97802734375,
        0.7568359375,
        0.92236328125,
        0.76171875,
        0.73486328125,
        0.68603515625,
        0.794921875,
        0.8095703125,
        0.328857421875,
        0.7421875,
        0.44921875,
        0.65283203125,
        0.49072265625,
        0.72802734375,
        0.658203125,
        0.66357421875,
        0.277587890625,
        0.1015625,
        0.11102294921875,
        0.52001953125,
        0.5234375,
        0.386474609375,
        0.53271484375,
        0.88330078125,
        0.7900390625,
        0.374755859375,
        0.43505859375,
        0.244384765625,
        0.62255859375,
        0.5693359375,
        0.419921875,
        0.09686279296875,
        0.04730224609375,
        0.016937255859375,
        0.642578125,
        0.59814453125,
        0.27734375,
        0.60595703125,
        0.3603515625,
        0.8037109375,
        0.63427734375,
        0.6845703125,
        0.666015625,
        0.4130859375,
        0.669921875,
        0.7421875,
        0.75537109375,
        0.1763916015625,
        0.26806640625,
        0.73046875,
        0.43603515625,
        0.421142578125,
        0.42919921875,
        0.74267578125,
        0.84619140625,
        0.55712890625,
        0.6591796875,
        0.716796875,
        0.49755859375,
        0.434326171875,
        0.386962890625,
        0.5,
        0.509765625,
        0.5048828125,
        0.77880859375,
        0.92578125,
        0.87548828125,
        0.7587890625,
        0.833984375,
        0.939453125,
        0.401611328125,
        0.4990234375,
        0.8779296875,
        0.6259765625,
        0.7421875,
        0.61328125,
        0.77783203125,
        0.7841796875,
        0.88720703125,
        0.0283355712890625,
        0.079345703125,
        0.01486968994140625,
        0.5693359375,
        0.34765625,
        0.59912109375,
        0.4248046875,
        0.437744140625,
        0.51708984375,
        0.6904296875,
        0.876953125,
        0.87158203125,
        0.9091796875,
        0.98681640625,
        0.70751953125,
        0.84814453125,
        0.923828125,
        0.833984375,
        0.1549072265625,
        0.8896484375,
        0.5888671875,
        0.5888671875,
        0.580078125,
        0.337890625,
        0.869140625,
        0.61474609375,
        0.904296875,
        0.48974609375,
        0.541015625,
        0.39697265625,
        0.46826171875,
        0.7353515625,
        0.39892578125,
        0.5712890625,
        0.53759765625,
        0.6279296875,
        0.8359375,
        0.771484375,
        0.599609375,
        0.9951171875,
        0.728515625,
        0.91064453125,
        0.984375,
        0.9638671875,
        0.97412109375,
        0.5087890625,
        0.450439453125,
        0.4755859375,
        0.0316162109375,
        0.0170440673828125,
        0.120849609375,
        0.80322265625,
        0.86865234375,
        0.6572265625,
        0.6328125,
        0.90283203125,
        0.89453125,
        0.5625,
        0.71533203125,
        0.5810546875,
        0.20849609375,
        0.28955078125,
        0.38037109375,
        0.58447265625,
        0.6533203125,
        0.77587890625,
        0.6884765625,
        0.60205078125,
        0.501953125,
        0.45703125,
        0.5634765625,
        0.546875,
        0.16796875,
        0.1463623046875,
        0.04315185546875,
        0.486328125,
        0.33935546875,
        0.494140625,
        0.1893310546875,
        0.259033203125,
        0.487548828125,
        0.775390625,
        0.47509765625,
        0.763671875,
        0.79296875,
        0.75439453125,
        0.24365234375,
        0.71484375,
        0.84423828125,
        0.86962890625,
        0.87841796875,
        0.6611328125,
        0.73095703125,
        0.8828125,
        0.66455078125,
        0.57177734375,
        0.71484375,
        0.791015625,
        0.8232421875,
        0.654296875,
        0.5908203125,
        0.431884765625,
        0.5126953125,
        0.6435546875,
        0.1605224609375,
        0.63232421875,
        0.341552734375,
        0.5537109375,
        0.44970703125,
        0.496826171875,
