{
    "model_dir": "models/classify_lora/openllama-3b-alpaca_mmlu",
    "distribution_id": "personality_traits",
    "timestamp": "2023-11-01 21:46:43",
    "eval_loss": 1.306640625,
    "eval_score": -0.419677734375,
    "eval_brier_score": 0.419677734375,
    "eval_average_probability": 0.509765625,
    "eval_accuracy": 0.506,
    "eval_probabilities": [
        0.0924072265625,
        0.077880859375,
        0.947265625,
        0.094970703125,
        0.10003662109375,
        0.079345703125,
        0.88134765625,
        0.11627197265625,
        0.05950927734375,
        0.05706787109375,
        0.10302734375,
        0.923828125,
        0.9658203125,
        0.94384765625,
        0.026031494140625,
        0.92041015625,
        0.90771484375,
        0.87548828125,
        0.9501953125,
        0.07684326171875,
        0.05804443359375,
        0.058349609375,
        0.92626953125,
        0.87939453125,
        0.9130859375,
        0.93017578125,
        0.92333984375,
        0.10968017578125,
        0.9091796875,
        0.96875,
        0.9052734375,
        0.94189453125,
        0.048858642578125,
        0.9697265625,
        0.049835205078125,
        0.94482421875,
        0.953125,
        0.08148193359375,
        0.87353515625,
        0.91650390625,
        0.95166015625,
        0.9169921875,
        0.931640625,
        0.93017578125,
        0.09368896484375,
        0.05914306640625,
        0.93115234375,
        0.89404296875,
        0.91845703125,
        0.89599609375,
        0.94921875,
        0.92724609375,
        0.9033203125,
        0.92822265625,
        0.9345703125,
        0.93701171875,
        0.126953125,
        0.055633544921875,
        0.95068359375,
        0.0823974609375,
        0.94580078125,
        0.0670166015625,
        0.92626953125,
        0.9033203125,
        0.91455078125,
        0.1278076171875,
        0.0848388671875,
        0.96923828125,
        0.0740966796875,
        0.0755615234375,
        0.10247802734375,
        0.048309326171875,
        0.03680419921875,
        0.9462890625,
        0.102294921875,
        0.07342529296875,
        0.11175537109375,
        0.06988525390625,
        0.93212890625,
        0.07598876953125,
        0.07421875,
        0.05938720703125,
        0.11920166015625,
        0.91357421875,
        0.08782958984375,
        0.050567626953125,
        0.124267578125,
        0.08099365234375,
        0.91845703125,
        0.95654296875,
        0.93017578125,
        0.09619140625,
        0.09619140625,
        0.90771484375,
        0.904296875,
        0.91552734375,
        0.06927490234375,
        0.042755126953125,
        0.0780029296875,
        0.0318603515625,
        0.904296875,
        0.1246337890625,
        0.9560546875,
        0.943359375,
        0.104736328125,
        0.92822265625,
        0.93505859375,
        0.08465576171875,
        0.081787109375,
        0.08941650390625,
        0.09515380859375,
        0.9501953125,
        0.1959228515625,
        0.08544921875,
        0.0906982421875,
        0.91943359375,
        0.0745849609375,
        0.9248046875,
        0.89453125,
        0.90869140625,
        0.028045654296875,
        0.08685302734375,
        0.96435546875,
        0.92626953125,
        0.94921875,
        0.904296875,
        0.9423828125,
        0.93994140625,
        0.09893798828125,
        0.9443359375,
        0.9091796875,
        0.07696533203125,
        0.93505859375,
        0.939453125,
        0.92822265625,
        0.92578125,
        0.1136474609375,
        0.1063232421875,
        0.890625,
        0.125732421875,
        0.1187744140625,
        0.8857421875,
        0.947265625,
        0.85498046875,
        0.953125,
        0.09503173828125,
        0.939453125,
        0.07916259765625,
        0.94970703125,
        0.127685546875,
        0.94384765625,
        0.01934814453125,
        0.07305908203125,
        0.0802001953125,
        0.9140625,
        0.0579833984375,
        0.06396484375,
        0.94873046875,
        0.92919921875,
        0.0721435546875,
        0.07708740234375,
        0.94091796875,
        0.0703125,
        0.9013671875,
        0.0645751953125,
        0.037384033203125,
        0.08392333984375,
        0.08526611328125,
        0.9267578125,
        0.919921875,
        0.9423828125,
        0.224365234375,
        0.11834716796875,
        0.1136474609375,
        0.0804443359375,
        0.114501953125,
        0.9453125,
        0.0601806640625,
        0.1307373046875,
        0.05828857421875,
        0.07586669921875,
        0.91552734375,
        0.055267333984375,
        0.91650390625,
        0.0657958984375,
        0.08123779296875,
        0.9208984375,
        0.114013671875,
        0.92724609375,
        0.9140625,
        0.91650390625,
        0.118408203125,
        0.07159423828125,
        0.89697265625,
        0.86962890625,
        0.026031494140625,
        0.904296875,
        0.9482421875,
        0.9365234375,
        0.9501953125,
        0.06414794921875,
        0.08441162109375,
        0.91064453125,
        0.92333984375,
        0.94091796875,
        0.08551025390625,
        0.92138671875,
        0.1416015625,
        0.060577392578125,
        0.92529296875,
        0.88330078125,
        0.943359375,
        0.953125,
        0.053253173828125,
        0.07806396484375,
        0.94775390625,
        0.0701904296875,
        0.10968017578125,
        0.927734375,
        0.953125,
        0.9189453125,
        0.06414794921875,
        0.93115234375,
        0.10321044921875,
        0.970703125,
        0.0736083984375,
        0.0682373046875,
        0.95068359375,
        0.96044921875,
        0.9111328125,
        0.0731201171875,
        0.9443359375,
        0.93896484375,
        0.08001708984375,
        0.11529541015625,
        0.055206298828125,
        0.92578125,
        0.93212890625,
        0.939453125,
        0.9453125,
        0.9033203125,
        0.06036376953125,
        0.90087890625,
        0.11419677734375,
        0.9091796875,
        0.9521484375,
        0.9130859375,
        0.12164306640625,
        0.91455078125,
        0.93408203125,
        0.9541015625,
        0.9560546875,
        0.8935546875,
        0.09130859375,
        0.044036865234375,
        0.063720703125,
        0.028961181640625,
        0.93896484375,
        0.9443359375,
        0.1065673828125,
        0.94921875,
        0.1038818359375,
        0.86181640625,
        0.93017578125,
        0.919921875,
        0.1680908203125,
        0.06524658203125,
        0.96923828125,
        0.10546875,
        0.90185546875,
        0.8935546875,
        0.052215576171875,
        0.95703125,
        0.03173828125,
        0.07318115234375,
        0.10357666015625,
        0.09967041015625,
        0.9052734375,
        0.92431640625,
        0.9365234375,
        0.93310546875,
        0.0955810546875,
        0.90869140625,
        0.06866455078125,
        0.057647705078125,
        0.88525390625,
        0.078125,
        0.91748046875,
        0.06201171875,
        0.9345703125,
        0.92333984375,
        0.1033935546875,
        0.06158447265625,
        0.9560546875,
        0.062164306640625,
        0.92919921875,
        0.055023193359375,
        0.9609375,
        0.97021484375,
        0.08306884765625,
        0.0780029296875,
        0.87353515625,
        0.943359375,
        0.900390625,
        0.8974609375,
        0.089599609375,
        0.96435546875,
        0.9501953125,
        0.10638427734375,
        0.1676025390625,
        0.8798828125,
        0.9091796875,
        0.08807373046875,
        0.94873046875,
        0.88330078125,
        0.08868408203125,
        0.91064453125,
        0.92431640625,
        0.2022705078125,
        0.10345458984375,
        0.8349609375,
        0.054962158203125,
        0.92138671875,
        0.9150390625,
