{
    "model_dir": "models/classify_lora/openllama-3b-alpaca_mmlu",
    "distribution_id": "survival_influence",
    "timestamp": "2023-11-01 21:47:16",
    "eval_loss": 1.3251953125,
    "eval_score": -0.443115234375,
    "eval_brier_score": 0.443115234375,
    "eval_average_probability": 0.378662109375,
    "eval_accuracy": 0.344,
    "eval_probabilities": [
        0.269287109375,
        0.5224609375,
        0.31201171875,
        0.336669921875,
        0.07830810546875,
        0.53076171875,
        0.142333984375,
        0.57861328125,
        0.08251953125,
        0.984375,
        0.02630615234375,
        0.802734375,
        0.07232666015625,
        0.3583984375,
        0.47998046875,
        0.02630615234375,
        0.54248046875,
        0.242431640625,
        0.5380859375,
        0.18310546875,
        0.51123046875,
        0.2222900390625,
        0.53076171875,
        0.59033203125,
        0.315185546875,
        0.16455078125,
        0.1585693359375,
        0.20751953125,
        0.1336669921875,
        0.069580078125,
        0.1278076171875,
        0.6884765625,
        0.48486328125,
        0.358154296875,
        0.69775390625,
        0.5029296875,
        0.0201263427734375,
        0.447509765625,
        0.0303192138671875,
        0.1552734375,
        0.33935546875,
        0.040802001953125,
        0.55859375,
        0.3369140625,
        0.402587890625,
        0.5869140625,
        0.074462890625,
        0.3349609375,
        0.26806640625,
        0.62158203125,
        0.046722412109375,
        0.306640625,
        0.33447265625,
        0.273193359375,
        0.33642578125,
        0.75830078125,
        0.4755859375,
        0.418701171875,
        0.2093505859375,
        0.83349609375,
        0.07916259765625,
        0.442626953125,
        0.483642578125,
        0.67333984375,
        0.74072265625,
        0.453369140625,
        0.634765625,
        0.43505859375,
        0.0261993408203125,
        0.22705078125,
        0.458984375,
        0.1458740234375,
        0.6376953125,
        0.233642578125,
        0.291748046875,
        0.1927490234375,
        0.30859375,
        0.294921875,
        0.69580078125,
        0.1693115234375,
        0.6064453125,
        0.356689453125,
        0.06024169921875,
        0.417724609375,
        0.4296875,
        0.50927734375,
        0.5595703125,
        0.37939453125,
        0.260009765625,
        0.5517578125,
        0.0261993408203125,
        0.6611328125,
        0.92822265625,
        0.156982421875,
        0.7919921875,
        0.156005859375,
        0.09783935546875,
        0.447509765625,
        0.0263214111328125,
        0.389892578125,
        0.375244140625,
        0.53125,
        0.56396484375,
        0.337158203125,
        0.394287109375,
        0.50830078125,
        0.2371826171875,
        0.2213134765625,
        0.2430419921875,
        0.5126953125,
        0.5634765625,
        0.046356201171875,
        0.032135009765625,
        0.09765625,
        0.027801513671875,
        0.7783203125,
        0.3994140625,
        0.0797119140625,
        0.424560546875,
        0.5693359375,
        0.79248046875,
        0.1591796875,
        0.67431640625,
        0.65966796875,
        0.58251953125,
        0.2132568359375,
        0.278564453125,
        0.085205078125,
        0.7099609375,
        0.310302734375,
        0.455078125,
        0.4833984375,
        0.052947998046875,
        0.2164306640625,
        0.5869140625,
        0.059967041015625,
        0.7578125,
        0.19775390625,
        0.0263214111328125,
        0.020416259765625,
        0.64013671875,
        0.1900634765625,
        0.6650390625,
        0.2252197265625,
        0.0263214111328125,
        0.05767822265625,
        0.08843994140625,
        0.446044921875,
        0.06787109375,
        0.5341796875,
        0.87548828125,
        0.80810546875,
        0.444580078125,
        0.278564453125,
        0.059967041015625,
        0.11859130859375,
        0.52685546875,
        0.552734375,
        0.2763671875,
        0.07037353515625,
        0.623046875,
        0.58740234375,
        0.52587890625,
        0.71484375,
        0.026214599609375,
        0.1776123046875,
        0.447509765625,
        0.364990234375,
        0.425048828125,
        0.276123046875,
        0.822265625,
        0.056793212890625,
        0.5322265625,
        0.405517578125,
        0.026153564453125,
        0.52685546875,
        0.54345703125,
        0.54345703125,
        0.17724609375,
        0.69287109375,
        0.6259765625,
        0.11761474609375,
        0.08099365234375,
        0.77392578125,
        0.382568359375,
        0.6044921875,
        0.36279296875,
        0.3203125,
        0.8193359375,
        0.43359375,
        0.06585693359375,
        0.3896484375,
        0.72314453125,
        0.085693359375,
        0.46484375,
        0.46484375,
        0.09234619140625,
        0.1947021484375,
        0.08880615234375,
        0.5380859375,
        0.56787109375,
        0.49169921875,
        0.3125,
        0.416748046875,
        0.10577392578125,
        0.68994140625,
        0.50390625,
        0.61767578125,
        0.07464599609375,
        0.6220703125,
        0.31298828125,
        0.477783203125,
        0.1181640625,
        0.75830078125,
        0.419189453125,
        0.935546875,
        0.54150390625,
        0.03009033203125,
        0.2890625,
        0.332763671875,
        0.302490234375,
        0.10650634765625,
        0.54833984375,
        0.441162109375,
        0.744140625,
        0.488037109375,
        0.86376953125,
        0.80126953125,
        0.26220703125,
        0.045013427734375,
        0.6162109375,
        0.450927734375,
        0.74169921875,
        0.027008056640625,
        0.051605224609375,
        0.424072265625,
        0.052642822265625,
        0.72216796875,
        0.49560546875,
        0.185546875,
        0.2958984375,
        0.4609375,
        0.61376953125,
        0.222900390625,
        0.202880859375,
        0.026214599609375,
        0.51171875,
        0.52490234375,
        0.6181640625,
        0.3642578125
    ],
    "eval_runtime": 5.9746,
    "eval_samples_per_second": 41.844,
    "eval_steps_per_second": 1.339
}