{
    "model_dir": "models/classify_lora/llama-13b-alpaca_mmlu-truthful_qa-10%",
    "distribution_id": "alpaca_mmlu-truthful_qa-10%",
    "timestamp": "2023-10-15 20:36:19",
    "eval_loss": 0.6513671875,
    "eval_score": -0.10894775390625,
    "eval_brier_score": 0.10894775390625,
    "eval_average_probability": 0.85693359375,
    "eval_accuracy": 0.8727272727272727,
    "eval_probabilities": [
        1.0,
        0.99609375,
        1.0,
        1.0,
        0.03778076171875,
        1.0,
        0.017913818359375,
        7.450580596923828e-06,
        0.556640625,
        1.0,
        0.896484375,
        0.99755859375,
        6.73532485961914e-05,
        1.0,
        0.97265625,
        1.0,
        0.9716796875,
        0.9501953125,
        1.0,
        1.0,
        1.0,
        0.229248046875,
        0.99853515625,
        0.51953125,
        1.0,
        0.99853515625,
        0.21728515625,
        1.0,
        1.0,
        0.061767578125,
        2.7954578399658203e-05,
        1.0,
        1.0,
        1.0,
        0.99951171875,
        1.0,
        1.0,
        0.09912109375,
        1.1920928955078125e-07,
        1.0,
        0.99951171875,
        1.0,
        0.001987457275390625,
        1.0,
        1.0,
        1.0,
        1.0,
        0.9990234375,
        1.0,
        1.0,
        1.0,
        1.0,
        1.0,
        1.0,
        0.9970703125,
        1.0,
        1.0,
        0.9990234375,
        1.0,
        0.9990234375,
        1.0,
        0.7578125,
        0.73388671875,
        0.051849365234375,
        0.93408203125,
        0.1514892578125,
        1.0,
        1.0,
        1.0,
        1.0,
        1.0,
        0.99951171875,
        1.0,
        0.0033512115478515625,
        0.341552734375,
        1.0,
        0.82568359375,
        1.0,
        0.352294921875,
        0.32080078125,
        0.388671875,
        1.0,
        1.0,
        1.0,
        1.0,
        0.994140625,
        0.99755859375,
        1.0,
        1.0,
        1.0,
        1.0,
        1.0,
        1.0,
        0.97412109375,
        1.0,
        1.0,
        1.0,
        1.0,
        0.9912109375,
        1.0,
        1.0,
        1.0,
        1.0,
        1.0,
        0.97509765625,
        0.9326171875,
        1.0,
        0.998046875,
        1.0,
        1.0,
        1.0,
        1.0,
        1.0,
        1.0,
        1.0,
        0.00821685791015625,
        1.0,
        1.0,
        1.0,
        1.0,
        0.99951171875,
        0.974609375,
        0.90771484375,
        0.20751953125,
        1.0,
        0.9931640625,
        1.0,
        0.9990234375,
        0.9990234375,
        1.0,
        0.9951171875,
        1.0,
        1.1563301086425781e-05,
        0.0143890380859375,
        0.9189453125,
        0.8271484375,
        0.54150390625,
        1.0,
        1.0,
        1.0,
        0.98681640625,
        1.0,
        1.0,
        1.0,
        0.99951171875,
        0.0455322265625,
        1.0,
        1.0,
        1.0,
        1.0,
        1.0,
        1.0,
        0.53125,
        1.0,
        1.0,
        0.98583984375,
        0.9755859375,
        0.94677734375,
        0.1175537109375,
        0.96630859375,
        1.0,
        0.9931640625,
        0.57373046875,
        0.00025916099548339844,
        0.9990234375,
        5.960464477539063e-08,
        1.0,
        0.99755859375,
        1.0,
        0.98828125,
        1.0,
        0.9970703125,
        1.0,
        0.312255859375,
        1.0,
        1.0,
        1.0,
        0.95556640625,
        0.9501953125,
        0.986328125,
        0.8623046875,
        1.0,
        1.0,
        0.93310546875,
        0.7607421875,
        0.99951171875,
        1.0,
        1.0,
        1.0,
        1.0,
        1.0,
        0.000652313232421875,
        0.9951171875,
        0.888671875,
        1.0,
        5.960464477539063e-08,
        0.83056640625,
        0.83544921875,
        1.0,
        1.0,
        0.99755859375,
        1.0,
        1.0,
        1.0,
        0.99755859375,
        1.0,
        0.89892578125,
        0.74755859375,
        1.0,
        1.0,
        1.0,
        1.0,
        0.82275390625,
        1.0,
        1.0,
        0.99609375,
        0.5244140625,
        1.0,
        0.75048828125,
        0.9619140625,
        0.9990234375,
        1.0,
        1.0,
        1.0,
        1.0,
        1.0,
        0.89013671875,
        1.0,
        0.98291015625,
        4.3332576751708984e-05,
        0.58984375,
        0.028228759765625,
        1.0,
        0.9970703125,
        1.0,
        0.99951171875,
        1.0,
        0.89501953125,
        0.0115966796875,
        0.998046875,
        1.0,
        0.66552734375,
        1.0,
        0.99755859375,
        1.0,
        0.99658203125,
        1.0,
        0.1602783203125,
        1.0,
        1.0,
        1.0,
        1.0,
        1.0,
        0.91259765625,
        0.71240234375,
        1.0,
        0.93017578125,
        1.0,
        1.0,
        0.9755859375,
        1.0,
        0.06231689453125,
        1.0,
        1.0,
        0.98193359375,
        1.0,
        0.7744140625,
        0.5634765625,
        0.9990234375,
        1.0,
        1.0,
        1.0,
        1.0,
        1.0,
        1.0,
        1.0,
        0.15087890625,
        1.0,
        0.89892578125,
        0.0794677734375,
        0.984375,
        1.0,
        1.0,
        0.00627899169921875,
        1.0,
        0.982421875,
        0.3173828125,
        1.0,
        0.07476806640625,
        1.0,
        1.0,
        0.9990234375,
        0.978515625,
        0.96533203125,
        0.9990234375,
        1.0,
        0.90478515625,
        0.98876953125,
        0.0218658447265625,
        1.0,
        1.0,
        1.0,
        1.0,
        0.994140625,
        1.0,
        0.99853515625,
        0.0217742919921875,
        0.615234375,
        1.0,
        1.0,
        1.0,
        0.99560546875,
        0.4091796875,
        1.0,
        0.9990234375,
        1.0,
        1.0,
        0.4345703125,
        1.0,
        1.0,
        0.99560546875,
        0.92724609375,
        0.0210418701171875,
        1.0,
        0.982421875,
        1.0,
        1.0,
        0.86474609375,
        0.99609375,
        1.0,
        1.0,
        0.96875,
        1.0,
        1.0,
        0.998046875,
        0.8056640625,
        1.0,
        1.0,
        1.0,
        1.0,
        0.99853515625,
        1.0,
        1.0,
        1.0,
        1.0,
        0.69921875,
        1.0,
        1.0,
        1.0,
        0.9873046875,
        1.0,
        0.9990234375,
        0.98681640625,
        1.0,
        1.0,
        0.0,
        0.81640625,
        1.0,
        0.9794921875,
        1.0,
        1.0,
        0.54345703125,
        0.87451171875,
        0.09808349609375,
        1.0,
        1.0,
        0.99609375,
        0.92919921875,
        1.0,
        1.0,
        1.1920928955078125e-07,
        0.5947265625,
        0.0850830078125,
        1.0,
        0.51611328125,
        1.0,
        5.960464477539063e-08,
        0.85693359375,
        1.0,
        0.994140625,
        0.97509765625,
        1.0,
        0.99658203125,
        1.0,
        0.83447265625,
        1.0,
        0.9990234375,
        1.0,
        0.98974609375,
        0.002719879150390625,
        0.248046875,
        0.91259765625,
        1.0,
        1.0,
        0.9970703125,
        1.0,
        0.9990234375,
        1.0,
        1.0,
        0.69091796875,
        1.0,
        1.0,
        1.0,
        0.99853515625,
        0.9052734375,
        1.0,
        0.9921875,
        1.0,
        0.96240234375,
        0.99951171875,
        0.002471923828125,
        1.0,
        0.98876953125,
        0.87744140625,
        1.0,
        1.0,
        1.0,
        0.99951171875,
        0.9990234375,
        1.0,
        1.0,
        0.9990234375,
        0.357666015625,
        1.0,
        0.99951171875,
        1.0,
