{
    "model_dir": "models/prompt_tuning/llama-7b-us_history",
    "distribution_id": "us_history_textbook",
    "timestamp": "2023-10-20 01:10:59",
    "eval_loss": 0.1495361328125,
    "eval_score": -0.04107666015625,
    "eval_brier_score": 0.04108354825185968,
    "eval_average_probability": 0.9149850276311239,
    "eval_accuracy": 0.9466666666666667,
    "eval_probabilities": [
        0.994140625,
        0.99755859375,
        0.99365234375,
        0.98291015625,
        0.98486328125,
        0.98388671875,
        1.0,
        1.0,
        1.0,
        1.0,
        1.0,
        1.0,
        0.4921875,
        0.9990234375,
        0.1666259765625,
        0.99560546875,
        0.99951171875,
        0.98583984375,
        0.98974609375,
        0.986328125,
        0.9306640625,
        0.998046875,
        0.9501953125,
        0.884765625,
        1.0,
        1.0,
        0.91650390625,
        1.0,
        0.99951171875,
        0.9873046875,
        1.0,
        1.0,
        1.0,
        1.0,
        1.0,
        1.0,
        0.97265625,
        0.92822265625,
        0.77880859375,
        0.99853515625,
        0.986328125,
        0.99609375,
        1.0,
        1.0,
        1.0,
        0.1688232421875,
        0.98779296875,
        0.83349609375,
        0.85498046875,
        0.99169921875,
        0.9130859375,
        0.9423828125,
        0.93408203125,
        0.966796875,
        0.99951171875,
        0.9990234375,
        1.0,
        0.99560546875,
        0.984375,
        0.978515625,
        1.0,
        1.0,
        1.0,
        0.9990234375,
        0.99755859375,
        0.9970703125,
        0.84375,
        0.99853515625,
        1.0,
        0.91455078125,
        0.931640625,
        0.89306640625,
        1.0,
        1.0,
        1.0,
        0.99462890625,
        0.97802734375,
        0.9482421875,
        1.0,
        1.0,
        0.99951171875,
        1.0,
        1.0,
        1.0,
        0.98876953125,
        0.8837890625,
        0.927734375,
        0.99853515625,
        0.9794921875,
        0.99951171875,
        0.80810546875,
        0.9990234375,
        0.99462890625,
        1.0,
        1.0,
        1.0,
        0.1104736328125,
        0.75048828125,
        0.2186279296875,
        1.0,
        1.0,
        1.0,
        0.98828125,
        0.994140625,
        0.99755859375,
        0.96923828125,
        0.640625,
        0.81640625,
        1.0,
        1.0,
        1.0,
        1.0,
        1.0,
        1.0,
        1.0,
        1.0,
        0.9990234375,
        1.0,
        1.0,
        0.99853515625,
        0.6953125,
        0.99853515625,
        0.931640625,
        0.96923828125,
        0.943359375,
        0.9765625,
        0.96484375,
        0.81982421875,
        0.8173828125,
        0.9990234375,
        0.99951171875,
        0.9990234375,
        0.74169921875,
        0.75927734375,
        0.70751953125,
        1.0,
        0.99951171875,
        1.0,
        1.0,
        1.0,
        1.0,
        0.99462890625,
        0.8759765625,
        0.33642578125,
        0.90380859375,
        0.96728515625,
        0.6875,
        1.0,
        1.0,
        0.99951171875,
        0.9853515625,
        0.9951171875,
        1.0,
        0.3251953125,
        0.54052734375,
        0.400390625,
        1.0,
        1.0,
        0.99951171875,
        1.0,
        1.0,
        1.0,
        1.0,
        1.0,
        1.0,
        1.0,
        1.0,
        1.0,
        0.99853515625,
        1.0,
        1.0,
        1.0,
        1.0,
        1.0,
        0.9228515625,
        0.810546875,
        0.998046875,
        0.42919921875,
        0.65478515625,
        0.441650390625,
        0.97900390625,
        0.92919921875,
        0.9873046875,
        0.95361328125,
        0.07586669921875,
        0.9970703125,
        0.99365234375,
        0.87890625,
        0.955078125,
        0.841796875,
        0.98193359375,
        0.984375,
        0.9970703125,
        0.9951171875,
        0.92578125,
        0.90869140625,
        0.900390625,
        0.99755859375,
        0.9970703125,
        0.96044921875,
        0.9970703125,
        1.0,
        1.0,
        1.0,
        1.0,
        1.0,
        1.0,
        0.998046875,
        1.0,
        1.0,
        1.0,
        0.9521484375,
        0.98046875,
        0.99951171875,
        1.0,
        0.99853515625,
        0.99951171875,
        0.998046875,
        0.99951171875,
        0.8544921875,
        0.99951171875,
        0.95361328125,
        0.91357421875,
        0.68603515625,
        0.810546875,
        0.195556640625,
        0.446533203125,
        0.041473388671875,
        1.0,
        1.0,
        1.0,
        0.99755859375,
        1.0,
        1.0,
        0.99365234375,
        0.91357421875,
        0.47265625,
        0.9990234375,
        0.99951171875,
        0.99755859375,
        1.0,
        1.0,
        1.0,
        0.76611328125,
        0.92822265625,
        0.99609375,
        0.970703125,
        1.0,
        0.85302734375,
        0.8642578125,
        0.99072265625,
        0.99609375,
        0.99365234375,
        0.6943359375,
        0.970703125,
        1.0,
        1.0,
        0.99853515625,
        0.998046875,
        0.982421875,
        0.998046875,
        0.99267578125,
        0.97607421875,
        0.99853515625,
        0.99951171875,
        0.98583984375,
        1.0,
        0.6298828125,
        0.39892578125,
        0.73828125,
        1.0,
        1.0,
        1.0,
        1.0,
        1.0,
        1.0,
        0.9990234375,
        0.99755859375,
        0.90185546875,
        1.0,
        1.0,
        1.0,
        0.78515625,
        0.86474609375,
        0.8896484375,
        1.0,
        1.0,
        1.0,
        0.99658203125,
        0.984375,
        1.0,
        0.99169921875,
        0.998046875,
        0.99560546875,
        1.0,
        1.0,
        1.0,
        0.99951171875,
        1.0,
        1.0,
        0.99951171875,
        0.99951171875,
        0.99853515625,
        0.8310546875,
        0.95458984375,
        0.93798828125,
        1.0,
        1.0,
        1.0,
        0.2281494140625,
        0.638671875,
        0.72802734375,
        0.9873046875,
        0.998046875,
        0.9287109375,
        0.9638671875,
        0.1175537109375,
        0.95361328125,
        0.85791015625,
        0.94189453125,
        0.90576171875,
        1.0,
        1.0,
        1.0,
        0.440673828125,
        0.5087890625,
        0.74169921875,
        1.0,
        1.0,
        1.0,
        1.0,
        0.99951171875,
        1.0,
        0.998046875,
        0.9375,
        0.990234375,
        1.0,
        0.99853515625,
        0.99951171875,
        1.0,
        1.0,
        1.0,
        1.0,
        1.0,
        1.0,
        0.974609375,
        0.92822265625,
        1.0,
        0.62109375,
        0.96630859375,
        0.99755859375,
        0.6748046875,
        0.86181640625,
        0.5390625,
        0.9931640625,
        1.0,
        0.994140625,
        0.962890625,
        0.72314453125,
        0.98388671875,
        0.998046875,
        0.998046875,
        0.99609375,
        0.99609375,
        0.83984375,
        0.9580078125,
        1.0,
        1.0,
        1.0,
        0.9912109375,
        1.0,
        0.99853515625,
        0.85205078125,
        0.9892578125,
        0.85595703125,
        1.0,
        1.0,
        1.0,
        0.9755859375,
        0.955078125,
        0.89990234375,
        0.689453125,
        0.9990234375,
        0.98583984375,
        1.0,
        1.0,
        1.0,
        0.92138671875,
        0.96630859375,
        1.0,
        0.98193359375,
        0.390380859375,
        0.9033203125,
        0.9892578125,
        0.7734375,
        0.533203125,
        0.974609375,
        0.943359375,
        0.9541015625,
        0.86865234375,
        0.85009765625,
        0.9599609375,
