{
    "model_dir": "models/classify_lora/openllama-3b-code_easy",
    "distribution_id": "code_hard",
    "timestamp": "2023-11-01 21:54:53",
    "eval_loss": 0.98974609375,
    "eval_score": -0.26953125,
    "eval_brier_score": 0.2694125824007987,
    "eval_average_probability": 0.5423941435019175,
    "eval_accuracy": 0.5773333333333334,
    "eval_probabilities": [
        0.9853515625,
        0.49462890625,
        0.5390625,
        0.998046875,
        0.99755859375,
        0.9990234375,
        0.48681640625,
        0.35302734375,
        0.6083984375,
        0.51025390625,
        0.57177734375,
        0.60498046875,
        0.998046875,
        0.99951171875,
        0.99951171875,
        0.5205078125,
        0.482421875,
        0.60595703125,
        0.96337890625,
        0.8896484375,
        0.8974609375,
        0.8251953125,
        0.58203125,
        0.75390625,
        0.491943359375,
        0.7646484375,
        0.492431640625,
        0.0004978179931640625,
        0.70068359375,
        0.69677734375,
        0.69482421875,
        0.59814453125,
        0.5,
        0.42919921875,
        0.293701171875,
        0.313720703125,
        0.051025390625,
        0.056671142578125,
        0.295654296875,
        0.408203125,
        0.415771484375,
        0.442626953125,
        0.529296875,
        0.470703125,
        0.449462890625,
        0.9921875,
        0.33349609375,
        0.50244140625,
        0.87158203125,
        0.99072265625,
        0.98974609375,
        0.43017578125,
        0.10052490234375,
        0.30810546875,
        0.0005445480346679688,
        0.0005574226379394531,
        0.0006470680236816406,
        0.6376953125,
        0.52587890625,
        0.55126953125,
        0.97705078125,
        0.98095703125,
        0.9765625,
        0.712890625,
        0.70654296875,
        0.7001953125,
        0.39599609375,
        0.61767578125,
        0.31494140625,
        0.8701171875,
        0.79931640625,
        0.51220703125,
        0.541015625,
        0.60986328125,
        0.677734375,
        0.56982421875,
        0.5078125,
        0.60205078125,
        0.509765625,
        0.435791015625,
        0.60693359375,
        0.55615234375,
        0.76416015625,
        0.66015625,
        0.6533203125,
        0.65478515625,
        0.69580078125,
        0.462890625,
        0.56982421875,
        0.505859375,
        0.482421875,
        0.435791015625,
        0.470703125,
        0.515625,
        0.5439453125,
        0.650390625,
        0.66943359375,
        0.78955078125,
        0.142333984375,
        0.7734375,
        0.681640625,
        0.91064453125,
        0.20849609375,
        0.362548828125,
        0.58447265625,
        0.2451171875,
        0.615234375,
        0.202392578125,
        0.382080078125,
        0.5869140625,
        0.64453125,
        0.9912109375,
        0.98876953125,
        0.99072265625,
        0.42626953125,
        0.439208984375,
        0.3154296875,
        0.265380859375,
        0.33544921875,
        0.189697265625,
        0.681640625,
        0.61181640625,
        0.42333984375,
        0.5048828125,
        0.533203125,
        0.4130859375,
        0.484375,
        0.412109375,
        0.452880859375,
        0.60498046875,
        0.365234375,
        0.705078125,
        0.61083984375,
        0.4892578125,
        0.5869140625,
        0.1409912109375,
        0.09124755859375,
        0.08868408203125,
        0.94677734375,
        0.939453125,
        0.94287109375,
        0.68994140625,
        0.5498046875,
        0.57861328125,
        0.99951171875,
        0.6328125,
        0.5966796875,
        0.0027675628662109375,
        0.3056640625,
        0.447509765625,
        0.83642578125,
        0.82568359375,
        0.88330078125,
        0.64990234375,
        0.43505859375,
        0.564453125,
        0.390380859375,
        0.521484375,
        0.3486328125,
        0.99951171875,
        0.99267578125,
        0.98974609375,
        0.406494140625,
        0.546875,
        0.6259765625,
        0.501953125,
        0.466796875,
        0.47265625,
        0.6611328125,
        0.541015625,
        0.449462890625,
        0.5888671875,
        0.50634765625,
        0.6259765625,
        0.8798828125,
        0.86962890625,
        0.84521484375,
        0.1820068359375,
        0.1868896484375,
        0.4794921875,
        0.461669921875,
        0.436279296875,
        0.360595703125,
        0.96923828125,
        0.4931640625,
        0.509765625,
        0.48828125,
        0.765625,
        0.5830078125,
        0.63427734375,
        0.49560546875,
        0.310791015625,
        0.634765625,
        0.517578125,
        0.35107421875,
        0.93310546875,
        0.78466796875,
        0.859375,
        0.26708984375,
        0.4140625,
        0.91259765625,
        0.50732421875,
        0.2086181640625,
        0.477294921875,
        0.51123046875,
        0.53515625,
        0.4560546875,
        0.82080078125,
        0.7939453125,
        0.7587890625,
        0.5078125,
        0.56640625,
        0.409423828125,
        0.5146484375,
        0.6123046875,
        0.640625,
        0.52734375,
        0.50927734375,
        0.499267578125,
        0.56982421875,
        0.5947265625,
        0.54052734375,
        0.5126953125,
        0.337158203125,
        0.276611328125,
        0.451416015625,
        0.404052734375,
        0.9755859375,
        0.451416015625,
        0.36376953125,
        0.310791015625,
        0.406005859375,
        0.5107421875,
        0.65234375,
        0.48046875,
        0.437744140625,
        0.447509765625,
        0.494140625,
        0.1943359375,
        0.181884765625,
        0.99951171875,
        0.99462890625,
        0.56201171875,
        0.4794921875,
        0.375732421875,
        0.4873046875,
        0.56201171875,
        0.440673828125,
        0.403564453125,
        0.452392578125,
        0.5009765625,
        0.414794921875,
        0.407958984375,
        0.472412109375,
        0.47998046875,
        0.7255859375,
        0.71240234375,
        0.697265625,
        0.96435546875,
        0.95654296875,
        0.95458984375,
        0.454345703125,
        0.5263671875,
        0.703125,
        0.60400390625,
        0.521484375,
        0.438232421875,
        0.4658203125,
        0.486083984375,
        0.1600341796875,
        0.42919921875,
        0.95751953125,
        0.9619140625,
        0.49169921875,
        0.62255859375,
        0.5625,
        0.1800537109375,
        0.416748046875,
        0.25830078125,
        0.60400390625,
        0.54248046875,
        0.591796875,
        0.927734375,
        0.51953125,
        0.59814453125,
        0.01490020751953125,
        0.5234375,
        0.351318359375,
        0.60400390625,
        0.33984375,
        0.06280517578125,
        0.4296875,
        0.48828125,
        0.4794921875,
        0.998046875,
        0.9970703125,
        0.99755859375,
        0.5029296875,
        0.43505859375,
        0.5048828125,
        0.689453125,
        0.607421875,
        0.8818359375,
        0.5400390625,
        0.7255859375,
        0.64697265625,
        0.277587890625,
        0.364013671875,
        0.8564453125,
        0.57421875,
        0.75830078125,
        0.5458984375,
        0.658203125,
        0.4716796875,
        0.5419921875,
        0.56201171875,
        0.42626953125,
        0.4609375,
        0.2032470703125,
        0.049285888671875,
        0.31201171875,
        0.5146484375,
        0.4931640625,
        0.50537109375,
        0.97607421875,
        0.55859375,
        0.56884765625,
        0.80419921875,
        0.282958984375,
        0.99951171875,
        0.486328125,
        0.56005859375,
        0.4755859375,
        0.7666015625,
        0.37353515625,
        0.27001953125,
        0.650390625,
        0.4912109375,
