{
    "model_dir": "models/classify_lora/openllama-3b-code_easy",
    "distribution_id": "code_easy",
    "timestamp": "2023-11-01 21:55:20",
    "eval_loss": 0.279541015625,
    "eval_score": -0.07012939453125,
    "eval_brier_score": 0.07012939453125,
    "eval_average_probability": 0.8798828125,
    "eval_accuracy": 0.912,
    "eval_probabilities": [
        1.0,
        1.0,
        0.98974609375,
        0.99951171875,
        0.99951171875,
        0.9912109375,
        0.86865234375,
        1.0,
        0.92236328125,
        0.88916015625,
        0.75537109375,
        0.83642578125,
        0.80322265625,
        0.96875,
        0.86474609375,
        0.84326171875,
        0.99951171875,
        1.0,
        0.86767578125,
        0.5126953125,
        0.25,
        0.99951171875,
        0.99560546875,
        0.99658203125,
        0.99951171875,
        1.0,
        0.97216796875,
        1.0,
        0.974609375,
        1.0,
        0.74609375,
        0.822265625,
        0.7607421875,
        0.845703125,
        0.79052734375,
        0.79443359375,
        0.97607421875,
        0.9970703125,
        0.53759765625,
        0.99560546875,
        0.97802734375,
        0.9677734375,
        0.99462890625,
        1.0,
        0.99755859375,
        0.990234375,
        0.71728515625,
        0.01052093505859375,
        0.9345703125,
        0.9990234375,
        0.951171875,
        0.5234375,
        1.0,
        1.0,
        1.0,
        1.0,
        1.0,
        0.99853515625,
        0.53271484375,
        1.0,
        0.95703125,
        0.99755859375,
        0.9970703125,
        1.0,
        1.0,
        1.0,
        1.0,
        0.99853515625,
        0.9990234375,
        0.66796875,
        0.0667724609375,
        0.0002510547637939453,
        1.0,
        1.0,
        0.9951171875,
        0.9736328125,
        0.916015625,
        0.96240234375,
        1.0,
        0.94921875,
        1.0,
        0.418701171875,
        0.52734375,
        0.5888671875,
        0.8408203125,
        0.94580078125,
        0.9033203125,
        0.9423828125,
        0.1883544921875,
        0.385009765625,
        1.0,
        0.32763671875,
        1.0,
        1.0,
        1.0,
        1.0,
        1.0,
        0.98974609375,
        0.99951171875,
        0.7958984375,
        0.94384765625,
        0.8974609375,
        1.0,
        1.0,
        1.0,
        1.0,
        1.0,
        1.0,
        0.99951171875,
        1.0,
        1.0,
        1.0,
        1.0,
        1.0,
        1.0,
        0.4736328125,
        1.0,
        0.385009765625,
        0.99853515625,
        1.0,
        0.1519775390625,
        0.998046875,
        0.1810302734375,
        1.0,
        1.0,
        1.0,
        0.89404296875,
        1.0,
        1.0,
        1.0,
        0.9111328125,
        0.98779296875,
        0.9990234375,
        0.99755859375,
        0.998046875,
        0.865234375,
        0.99755859375,
        0.0236053466796875,
        0.99853515625,
        0.99951171875,
        0.99951171875,
        1.0,
        1.0,
        1.0,
        1.0,
        0.98828125,
        1.0,
        0.99951171875,
        1.0,
        1.0,
        0.9990234375,
        0.9208984375,
        0.8056640625,
        0.7646484375,
        0.96044921875,
        0.974609375,
        1.0,
        1.0,
        1.0,
        0.998046875,
        0.728515625,
        0.94970703125,
        0.865234375,
        0.95654296875,
        0.99658203125,
        0.7158203125,
        0.46630859375,
        0.59326171875,
        0.99560546875,
        0.68212890625,
        0.990234375,
        0.98681640625,
        1.0,
        0.99951171875,
        1.0,
        0.984375,
        0.99755859375,
        1.0,
        0.9970703125,
        1.0,
        0.84375,
        1.0,
        1.0,
        1.0,
        1.0,
        1.0,
        0.99658203125,
        0.0037441253662109375,
        0.99951171875,
        0.998046875,
        1.0,
        0.998046875,
        1.0,
        0.57568359375,
        1.0,
        1.0,
        0.99755859375,
        0.78515625,
        1.0,
        0.994140625,
        0.974609375,
        0.9267578125,
        0.06927490234375,
        0.091064453125,
        0.8984375,
        0.9619140625,
        0.97265625,
        0.9697265625,
        0.99560546875,
        0.99169921875,
        0.9990234375,
        0.99755859375,
        0.99951171875,
        1.0,
        0.98193359375,
        1.0,
        1.0,
        1.0,
        1.0,
        1.0,
        0.99853515625,
        0.9990234375,
        1.0,
        1.0,
        0.99609375,
        1.0,
        1.0,
        1.0,
        1.0,
        0.9990234375,
        0.90185546875,
        1.0,
        1.0,
        0.99951171875,
        1.0,
        1.0,
        0.9951171875,
        1.0,
        1.0,
        1.0,
        0.41015625,
        6.657838821411133e-05,
        0.99462890625,
        1.0,
        0.9814453125,
        1.0,
        0.98876953125,
        1.0,
        1.0,
        1.0,
        0.970703125,
        0.98974609375,
        1.0,
        1.0,
        1.0,
        0.9921875,
        0.0115203857421875,
        0.86474609375,
        0.7373046875,
        0.6689453125,
        0.95947265625,
        1.0,
        1.0,
        1.0,
        0.9189453125,
        0.55224609375,
        0.548828125,
        0.8759765625,
        0.92626953125,
        0.99560546875,
        1.0,
        1.0,
        0.99658203125,
        0.544921875,
        1.0,
        0.8544921875,
        1.0,
        1.0,
        1.0,
        1.0,
        1.0,
        1.0,
        0.62255859375,
        0.7548828125,
        0.607421875,
        0.7880859375,
        0.99658203125,
        0.9990234375,
        1.0,
        1.0,
        0.99951171875,
        0.479736328125,
        0.97509765625,
        0.6220703125,
        1.0,
        1.0,
        1.0,
        0.99951171875,
        0.9990234375,
        0.99755859375,
        0.77978515625,
        0.908203125,
        0.93115234375,
        0.9990234375,
        0.91748046875,
        1.0,
        1.0,
        1.0,
        1.0,
        1.0,
        1.0,
        1.0,
        1.0,
        1.0,
        1.0,
        1.0,
        0.99951171875,
        1.0,
        0.201171875,
        0.87841796875,
        0.638671875,
        1.0,
        1.0,
        1.0,
        1.0,
        0.99951171875,
        1.0,
        0.51416015625,
        0.9130859375,
        0.79443359375,
        1.0,
        1.0,
        1.0,
        0.99560546875,
        0.99267578125,
        0.99853515625,
        0.70068359375,
        0.56005859375,
        0.47607421875,
        0.9990234375,
        1.0,
        0.81884765625,
        0.99951171875,
        0.9990234375,
        0.9892578125,
        1.0,
        1.0,
        1.0,
        0.689453125,
        0.94873046875,
        0.307373046875,
        1.0,
        1.0,
        1.0,
        1.0,
        1.0,
        1.0,
        0.89013671875,
        0.56201171875,
        0.9970703125,
        0.99609375,
        0.9951171875,
        1.0,
        0.5244140625,
        0.43310546875,
        0.32763671875,
        1.0,
        1.0,
        1.0,
        1.0,
        0.5859375,
        0.72509765625,
        1.0,
        1.0,
        1.0,
        1.0,
        1.0,
        0.97265625,
        0.42822265625,
        0.85888671875,
        0.708984375,
        1.0,
        1.0,
        1.0,
        0.9697265625,
        1.0,
        1.0,
        0.99853515625,
        0.9375,
        1.0,
        1.0,
        1.0,
        1.0,
        1.0,
        1.0,
        1.0,
        0.9951171875,
        0.490234375,
        1.0,
        0.9873046875,
        0.83447265625,
        0.9912109375,
        1.0,
        1.0,
        1.0,
        0.89306640625,
        0.5166015625,
        0.9345703125,
        0.8916015625,
        1.0,
        1.0,
        1.0,
        1.0,
        1.0,
        0.99755859375,
