{
    "model_dir": "models/classify_lora/llama-7b-code_easy",
    "distribution_id": "code_hard",
    "timestamp": "2023-11-01 22:22:22",
    "eval_loss": 2.0859375,
    "eval_score": -0.291259765625,
    "eval_brier_score": 0.291259765625,
    "eval_average_probability": 0.5869140625,
    "eval_accuracy": 0.628,
    "eval_probabilities": [
        1.0,
        0.85986328125,
        0.6396484375,
        1.0,
        1.0,
        1.0,
        0.48046875,
        0.72509765625,
        0.48828125,
        0.73388671875,
        0.338134765625,
        0.31396484375,
        1.0,
        0.12115478515625,
        0.26123046875,
        0.403564453125,
        0.484375,
        0.53125,
        1.0,
        1.0,
        1.0,
        0.9677734375,
        0.99951171875,
        0.99951171875,
        0.56591796875,
        0.63720703125,
        0.190673828125,
        5.960464477539062e-07,
        0.6259765625,
        0.67578125,
        1.0,
        1.0,
        0.99951171875,
        1.0,
        0.96533203125,
        0.75830078125,
        0.1561279296875,
        0.0062408447265625,
        0.004180908203125,
        0.658203125,
        0.67919921875,
        0.83984375,
        0.86328125,
        0.76611328125,
        0.8740234375,
        0.99560546875,
        0.689453125,
        0.74462890625,
        1.0,
        1.0,
        0.9990234375,
        0.03460693359375,
        0.0103302001953125,
        0.810546875,
        2.980232238769531e-07,
        4.172325134277344e-07,
        4.172325134277344e-07,
        0.5029296875,
        0.6875,
        0.59619140625,
        0.81884765625,
        0.68359375,
        0.74853515625,
        0.9921875,
        0.759765625,
        1.0,
        0.3486328125,
        0.841796875,
        0.33447265625,
        0.99755859375,
        0.9921875,
        0.9658203125,
        0.74462890625,
        0.763671875,
        0.84375,
        0.56591796875,
        0.0953369140625,
        0.1519775390625,
        0.5888671875,
        0.53515625,
        0.7548828125,
        0.7900390625,
        0.99609375,
        0.6875,
        0.39599609375,
        0.441650390625,
        0.88232421875,
        0.43017578125,
        0.85791015625,
        0.5390625,
        0.484375,
        0.453369140625,
        0.5390625,
        0.018829345703125,
        0.0194244384765625,
        0.0083160400390625,
        0.401611328125,
        0.99609375,
        0.50732421875,
        0.998046875,
        0.474609375,
        0.99853515625,
        0.8232421875,
        0.363037109375,
        0.50390625,
        0.0994873046875,
        0.982421875,
        0.055816650390625,
        0.04638671875,
        0.8955078125,
        0.8427734375,
        0.9990234375,
        0.99951171875,
        0.99951171875,
        0.0185394287109375,
        0.0018606185913085938,
        0.01593017578125,
        0.315673828125,
        0.5234375,
        0.9736328125,
        0.8173828125,
        0.67919921875,
        0.96533203125,
        0.469970703125,
        0.8701171875,
        1.0,
        0.2421875,
        0.3173828125,
        0.392333984375,
        0.9541015625,
        0.95703125,
        0.98828125,
        0.7890625,
        0.513671875,
        0.8857421875,
        0.0,
        0.0,
        5.960464477539063e-08,
        0.1202392578125,
        0.04901123046875,
        0.2210693359375,
        0.73095703125,
        0.85205078125,
        0.83544921875,
        1.0,
        0.99951171875,
        0.8193359375,
        0.182373046875,
        0.78515625,
        0.79833984375,
        0.662109375,
        0.70263671875,
        0.97314453125,
        0.0953369140625,
        0.291015625,
        0.47265625,
        0.9580078125,
        0.57568359375,
        0.62255859375,
        1.0,
        0.99853515625,
        1.0,
        0.64599609375,
        0.611328125,
        0.79052734375,
        0.373779296875,
        0.61865234375,
        0.5234375,
        0.8759765625,
        0.86328125,
        0.43017578125,
        0.29736328125,
        0.66552734375,
        0.7490234375,
        0.00020503997802734375,
        9.387731552124023e-05,
        0.0001838207244873047,
        0.99853515625,
        0.83642578125,
        0.5703125,
        0.8984375,
        0.9775390625,
        0.89453125,
        1.0,
        0.048126220703125,
        0.385009765625,
        0.76220703125,
        0.388671875,
        0.9482421875,
        0.517578125,
        0.8408203125,
        0.34521484375,
        0.83740234375,
        0.47119140625,
        0.338134765625,
        0.9921875,
        0.986328125,
        0.99365234375,
        0.99658203125,
        0.1634521484375,
        0.86865234375,
        0.0008358955383300781,
        0.0007410049438476562,
        0.0002970695495605469,
        0.552734375,
        0.521484375,
        0.544921875,
        0.11468505859375,
        0.034271240234375,
        0.0185394287109375,
        7.617473602294922e-05,
        0.0002079010009765625,
        0.0003426074981689453,
        0.626953125,
        0.51220703125,
        0.6982421875,
        0.439697265625,
        0.8671875,
        0.6494140625,
        0.66015625,
        0.482421875,
        0.708984375,
        0.607421875,
        0.97265625,
        0.32080078125,
        0.9990234375,
        0.8193359375,
        0.97998046875,
        0.67578125,
        0.658203125,
        0.78515625,
        0.9423828125,
        0.77587890625,
        0.81103515625,
        0.705078125,
        0.7734375,
        0.78125,
        0.262939453125,
        0.33447265625,
        0.01282501220703125,
        1.0,
        1.0,
        0.94580078125,
        0.96484375,
        0.9716796875,
        0.95166015625,
        0.48828125,
        0.53125,
        0.4921875,
        0.352294921875,
        0.32421875,
        0.1943359375,
        0.88818359375,
        0.6943359375,
        0.74462890625,
        9.763240814208984e-05,
        0.00012195110321044922,
        0.0001233816146850586,
        1.0,
        1.0,
        1.0,
        0.88427734375,
        0.88232421875,
        0.99951171875,
        0.68017578125,
        0.54052734375,
        0.7744140625,
        0.935546875,
        0.97265625,
        0.99951171875,
        0.9892578125,
        0.2451171875,
        0.681640625,
        0.57763671875,
        0.97265625,
        0.5390625,
        6.735324859619141e-06,
        0.00010389089584350586,
        2.2470951080322266e-05,
        0.81396484375,
        0.53515625,
        0.7548828125,
        0.038177490234375,
        0.638671875,
        0.9140625,
        0.958984375,
        0.79296875,
        0.85986328125,
        0.810546875,
        0.822265625,
        0.74609375,
        0.66064453125,
        0.79150390625,
        0.56494140625,
        0.0002551078796386719,
        0.0012302398681640625,
        0.98291015625,
        0.810546875,
        0.708984375,
        0.541015625,
        0.98095703125,
        0.9658203125,
        0.611328125,
        0.418701171875,
        0.341552734375,
        0.43408203125,
        0.1922607421875,
        0.5185546875,
        0.452392578125,
        0.73486328125,
        0.96435546875,
        0.9111328125,
        0.91162109375,
        0.501953125,
        0.9375,
        0.58154296875,
        0.77197265625,
        0.615234375,
        0.046722412109375,
        4.172325134277344e-06,
        0.1800537109375,
        0.5546875,
        0.638671875,
        0.455078125,
        1.0,
        0.18505859375,
        0.053253173828125,
        0.99755859375,
        0.990234375,
        1.0,
        0.53125,
        0.92431640625,
        0.4921875,
        0.9990234375,
        0.00039124488830566406,
        0.09710693359375,
        0.513671875,
        0.375732421875,
        0.405517578125,
        0.515625,
        0.5234375,
        0.4765625,
        0.6875,
        0.94970703125,
        0.57763671875,
        0.00669097900390625,
