{
    "model_dir": "models/classify_lora/llama-30b-alpaca_mmlu-truthful_qa-10%",
    "distribution_id": "alpaca_mmlu-truthful_qa-10%",
    "timestamp": "2023-10-15 21:05:52",
    "eval_loss": 0.6640625,
    "eval_score": -0.106201171875,
    "eval_brier_score": 0.106201171875,
    "eval_average_probability": 0.8642578125,
    "eval_accuracy": 0.8727272727272727,
    "eval_probabilities": [
        1.0,
        1.0,
        1.0,
        0.99951171875,
        0.29541015625,
        1.0,
        0.03790283203125,
        0.21728515625,
        0.986328125,
        0.998046875,
        0.896484375,
        1.0,
        0.6298828125,
        1.0,
        1.0,
        1.0,
        0.75048828125,
        0.99951171875,
        1.0,
        1.0,
        1.0,
        1.0,
        1.0,
        0.46875,
        1.0,
        0.986328125,
        1.0,
        1.0,
        1.0,
        0.347412109375,
        0.0838623046875,
        1.0,
        1.0,
        1.0,
        0.98095703125,
        0.998046875,
        1.0,
        0.276611328125,
        5.960464477539063e-08,
        1.0,
        0.99560546875,
        1.0,
        0.94140625,
        1.0,
        1.0,
        0.96435546875,
        1.0,
        1.0,
        1.0,
        1.0,
        1.0,
        1.0,
        1.0,
        1.0,
        0.99853515625,
        1.0,
        1.0,
        0.982421875,
        0.92724609375,
        0.0838623046875,
        1.0,
        0.98046875,
        0.9990234375,
        0.9970703125,
        0.195556640625,
        0.1973876953125,
        1.0,
        1.0,
        0.8349609375,
        1.0,
        1.0,
        1.0,
        1.0,
        0.9990234375,
        0.9736328125,
        1.0,
        0.0021820068359375,
        1.0,
        0.9931640625,
        0.0030517578125,
        0.2254638671875,
        1.0,
        1.0,
        0.98974609375,
        1.0,
        1.0,
        1.0,
        1.0,
        1.0,
        1.0,
        1.0,
        1.0,
        1.0,
        0.0401611328125,
        0.958984375,
        0.99951171875,
        1.0,
        1.0,
        0.986328125,
        1.0,
        1.0,
        1.0,
        1.0,
        1.0,
        0.98779296875,
        1.0,
        1.0,
        1.0,
        1.0,
        1.0,
        1.0,
        1.0,
        1.0,
        1.0,
        1.0,
        0.091064453125,
        0.99951171875,
        1.0,
        1.0,
        0.9990234375,
        0.63671875,
        0.94091796875,
        0.67578125,
        0.00833892822265625,
        1.0,
        0.99951171875,
        1.0,
        0.994140625,
        0.9833984375,
        1.0,
        1.0,
        1.0,
        1.3113021850585938e-06,
        0.303955078125,
        0.99951171875,
        1.0,
        0.9638671875,
        1.0,
        1.0,
        1.0,
        0.9814453125,
        1.0,
        1.0,
        1.0,
        0.9951171875,
        0.90625,
        1.0,
        1.0,
        1.0,
        1.0,
        1.0,
        1.0,
        0.381103515625,
        1.0,
        0.99951171875,
        0.99951171875,
        0.9580078125,
        0.99951171875,
        0.0164031982421875,
        1.0,
        1.0,
        0.67822265625,
        0.96728515625,
        1.0,
        1.0,
        0.0007824897766113281,
        1.0,
        1.0,
        1.0,
        1.0,
        1.0,
        0.98828125,
        1.0,
        0.47265625,
        1.0,
        1.0,
        0.68603515625,
        1.0,
        0.798828125,
        1.0,
        0.99951171875,
        1.0,
        0.99951171875,
        0.96533203125,
        0.99755859375,
        0.9990234375,
        1.0,
        1.0,
        0.9951171875,
        1.0,
        1.0,
        0.07147216796875,
        1.0,
        0.88330078125,
        1.0,
        0.0013561248779296875,
        1.0,
        0.787109375,
        1.0,
        1.0,
        0.85205078125,
        1.0,
        0.998046875,
        1.0,
        1.0,
        1.0,
        4.6133995056152344e-05,
        0.984375,
        1.0,
        1.0,
        1.0,
        1.0,
        0.99853515625,
        1.0,
        0.0251312255859375,
        0.91748046875,
        0.063720703125,
        1.0,
        4.118680953979492e-05,
        0.70068359375,
        0.0021820068359375,
        1.0,
        1.0,
        0.99951171875,
        0.99951171875,
        1.0,
        0.9931640625,
        1.0,
        0.9951171875,
        0.0020198822021484375,
        0.80810546875,
        0.005489349365234375,
        1.0,
        0.9990234375,
        0.99169921875,
        0.955078125,
        1.0,
        0.9775390625,
        0.9287109375,
        1.0,
        1.0,
        0.140380859375,
        1.0,
        0.5546875,
        1.0,
        0.97900390625,
        1.0,
        1.0,
        1.0,
        0.3720703125,
        1.0,
        1.0,
        1.0,
        0.99853515625,
        1.0,
        1.0,
        0.381103515625,
        1.0,
        1.0,
        1.0,
        1.0,
        0.0010442733764648438,
        1.0,
        1.0,
        0.9931640625,
        1.0,
        0.0002491474151611328,
        0.99609375,
        0.99853515625,
        1.0,
        1.0,
        1.0,
        1.0,
        1.0,
        1.0,
        1.0,
        0.0096435546875,
        1.0,
        0.99755859375,
        1.0,
        0.90380859375,
        1.0,
        1.0,
        0.4111328125,
        1.0,
        1.0,
        0.484375,
        1.0,
        0.394287109375,
        1.0,
        1.0,
        0.99951171875,
        0.87451171875,
        0.99951171875,
        0.98828125,
        1.0,
        1.0,
        0.96826171875,
        0.86376953125,
        1.0,
        1.0,
        1.0,
        1.0,
        1.0,
        1.0,
        1.0,
        1.0,
        1.0,
        1.0,
        1.0,
        0.99951171875,
        0.9501953125,
        0.54296875,
        1.0,
        1.0,
        1.0,
        1.0,
        0.99755859375,
        1.0,
        1.0,
        0.3115234375,
        0.06097412109375,
        0.99609375,
        1.0,
        1.0,
        1.0,
        1.0,
        0.93115234375,
        1.0,
        1.0,
        1.0,
        0.09271240234375,
        1.0,
        1.0,
        0.94677734375,
        0.011688232421875,
        1.0,
        1.0,
        1.0,
        0.9970703125,
        0.85009765625,
        1.0,
        1.0,
        1.0,
        0.95751953125,
        0.1370849609375,
        1.0,
        1.0,
        1.0,
        0.99072265625,
        1.0,
        0.99853515625,
        1.0,
        1.0,
        1.0,
        0.0,
        0.88525390625,
        1.0,
        0.97998046875,
        1.0,
        1.0,
        1.0,
        0.61669921875,
        0.449462890625,
        1.0,
        1.0,
        1.0,
        1.0,
        1.0,
        0.9990234375,
        0.0,
        0.994140625,
        1.0,
        1.0,
        0.7412109375,
        1.0,
        0.0,
        0.04400634765625,
        1.0,
        1.0,
        1.0,
        1.0,
        0.55029296875,
        1.0,
        0.71533203125,
        1.0,
        0.0022869110107421875,
        1.0,
        0.9990234375,
        0.1044921875,
        0.962890625,
        0.966796875,
        1.0,
        1.0,
        0.998046875,
        1.0,
        0.98828125,
        1.0,
        1.0,
        0.282958984375,
        1.0,
        0.9951171875,
        1.0,
        0.84375,
        0.346923828125,
        1.0,
        0.94384765625,
        1.0,
        0.039337158203125,
        0.99658203125,
        0.7041015625,
        1.0,
        0.16064453125,
        0.9990234375,
        0.998046875,
        1.0,
        1.0,
        0.99755859375,
        0.828125,
        1.0,
        1.0,
        0.2239990234375,
        0.91259765625,
        0.99951171875,
        0.998046875,
        1.0,
        0.99169921875,
        1.0,
        0.68603515625,
        1.0,
        0.98974609375,
        0.81982421875,
        1.0,
        1.0,
        1.0,
        1.0,
        0.958984375,
        1.0,
        1.0,
        0.99951171875,
