{
    "model_dir": "models/classify_lora/llama-7b-alpaca_hard",
    "distribution_id": "alpaca_hard",
    "timestamp": "2023-10-12 17:53:25",
    "eval_loss": 0.2034912109375,
    "eval_score": -0.044586181640625,
    "eval_brier_score": 0.044586181640625,
    "eval_average_probability": 0.9296875,
    "eval_accuracy": 0.948,
    "eval_probabilities": [
        1.0,
        1.0,
        0.99951171875,
        1.0,
        1.0,
        1.0,
        1.0,
        1.0,
        1.0,
        0.78515625,
        1.0,
        1.0,
        1.0,
        1.0,
        1.0,
        1.0,
        1.0,
        1.0,
        1.0,
        1.0,
        1.0,
        1.0,
        1.0,
        1.0,
        1.0,
        1.0,
        1.0,
        1.0,
        1.0,
        1.0,
        0.99951171875,
        1.0,
        0.9765625,
        1.0,
        0.99560546875,
        0.9931640625,
        1.0,
        1.0,
        1.0,
        0.99951171875,
        1.0,
        1.0,
        1.0,
        1.0,
        1.0,
        1.0,
        1.0,
        1.0,
        1.0,
        1.0,
        1.0,
        0.94140625,
        0.625,
        0.56396484375,
        1.0,
        0.97412109375,
        0.873046875,
        0.77197265625,
        0.77734375,
        0.89306640625,
        1.0,
        0.9951171875,
        1.0,
        0.974609375,
        1.0,
        0.99072265625,
        1.0,
        1.0,
        0.9140625,
        0.96484375,
        0.99755859375,
        0.97900390625,
        1.0,
        1.0,
        1.0,
        0.281494140625,
        0.79833984375,
        0.22265625,
        1.0,
        1.0,
        1.0,
        1.0,
        1.0,
        1.0,
        1.0,
        1.0,
        1.0,
        0.00812530517578125,
        0.23095703125,
        0.01090240478515625,
        1.0,
        1.0,
        1.0,
        0.53125,
        0.99755859375,
        0.994140625,
        1.0,
        1.0,
        1.0,
        1.0,
        1.0,
        1.0,
        0.8974609375,
        0.94580078125,
        0.5888671875,
        0.99951171875,
        0.99560546875,
        0.98828125,
        0.77197265625,
        0.83349609375,
        0.90966796875,
        1.0,
        1.0,
        1.0,
        0.99951171875,
        0.9951171875,
        0.99853515625,
        1.0,
        1.0,
        1.0,
        1.0,
        0.90185546875,
        0.98291015625,
        1.0,
        1.0,
        1.0,
        0.350341796875,
        0.39697265625,
        0.9892578125,
        0.998046875,
        0.951171875,
        0.94287109375,
        1.0,
        1.0,
        1.0,
        1.0,
        1.0,
        1.0,
        1.0,
        1.0,
        0.998046875,
        1.0,
        0.99951171875,
        0.9677734375,
        0.99365234375,
        1.0,
        1.0,
        0.6826171875,
        1.0,
        1.0,
        0.99951171875,
        0.982421875,
        1.0,
        1.0,
        1.0,
        1.0,
        1.0,
        1.0,
        1.0,
        1.0,
        1.0,
        1.0,
        1.0,
        1.0,
        1.0,
        0.8310546875,
        0.9970703125,
        0.9541015625,
        0.99951171875,
        1.0,
        0.99853515625,
        0.8916015625,
        0.8740234375,
        0.363037109375,
        1.0,
        1.0,
        1.0,
        1.0,
        1.0,
        1.0,
        1.0,
        1.0,
        1.0,
        1.0,
        1.0,
        1.0,
        0.93798828125,
        0.923828125,
        0.9736328125,
        1.0,
        0.9951171875,
        0.99755859375,
        1.0,
        1.0,
        1.0,
        1.0,
        1.0,
        1.0,
        1.0,
        1.0,
        1.0,
        0.994140625,
        1.0,
        1.0,
        1.0,
        1.0,
        1.0,
        1.0,
        1.0,
        1.0,
        1.0,
        0.9775390625,
        1.0,
        0.106689453125,
        0.62255859375,
        0.99951171875,
        1.0,
        1.0,
        1.0,
        0.73095703125,
        0.2568359375,
        0.81298828125,
        0.958984375,
        0.994140625,
        0.98876953125,
        1.0,
        1.0,
        1.0,
        1.0,
        1.0,
        1.0,
        1.0,
        1.0,
        1.0,
        1.0,
        1.0,
        1.0,
        1.0,
        1.0,
        1.0,
        1.0,
        1.0,
        1.0,
        0.984375,
        0.943359375,
        0.986328125,
        1.0,
        1.0,
        1.0,
        0.71875,
        0.67236328125,
        0.56201171875,
        1.0,
        1.0,
        1.0,
        1.0,
        1.0,
        1.0,
        1.0,
        1.0,
        1.0,
        1.0,
        1.0,
        0.99951171875,
        1.0,
        1.0,
        1.0,
        1.0,
        1.0,
        1.0,
        0.998046875,
        0.99951171875,
        1.0,
        1.0,
        1.0,
        1.0,
        0.9697265625,
        0.951171875,
        0.99560546875,
        1.0,
        1.0,
        1.0,
        1.0,
        0.99658203125,
        0.99560546875,
        0.98095703125,
        0.81298828125,
        0.9638671875,
        0.978515625,
        0.99951171875,
        0.9951171875,
        1.0,
        0.99853515625,
        1.0,
        0.001987457275390625,
        1.0,
        0.006290435791015625,
        1.0,
        1.0,
        1.0,
        1.0,
        1.0,
        1.0,
        1.0,
        1.0,
        1.0,
        1.0,
        1.0,
        1.0,
        1.0,
        1.0,
        1.0,
        1.0,
        0.990234375,
        1.0,
        0.99951171875,
        1.0,
        1.0,
        1.0,
        1.0,
        1.0,
        0.99853515625,
        0.99755859375,
        0.99853515625,
        0.99951171875,
        1.0,
        0.99853515625,
        1.0,
        1.0,
        1.0,
        0.276611328125,
        0.0032978057861328125,
        0.9091796875,
        0.0333251953125,
        0.9638671875,
        0.058349609375,
        1.0,
        1.0,
        1.0,
        1.0,
        1.0,
        1.0,
        1.0,
        1.0,
        1.0,
        1.0,
        1.0,
        1.0,
        1.0,
        1.0,
        1.0,
        1.0,
        1.0,
        1.0,
        1.0,
        1.0,
        1.0,
        1.0,
        1.0,
        1.0,
        0.7822265625,
        1.0,
        1.0,
        0.99853515625,
        0.9921875,
        0.97021484375,
        0.39794921875,
        0.556640625,
        0.7919921875,
        1.0,
        0.990234375,
        0.9990234375,
        1.0,
        1.0,
        1.0,
        1.0,
        1.0,
        1.0,
        1.0,
        1.0,
        1.0,
        1.0,
        1.0,
        1.0,
        1.0,
        0.80078125,
        0.72119140625,
        1.0,
        1.0,
        1.0,
        0.0002758502960205078,
        3.814697265625e-06,
        1.3709068298339844e-05,
        1.0,
        1.0,
        1.0,
        1.0,
        1.0,
        1.0,
        0.97998046875,
        0.9990234375,
        1.0,
        0.00013875961303710938,
        0.92529296875,
        1.0,
        1.0,
        1.0,
        1.0,
        1.0,
        1.0,
        0.99951171875,
        1.0,
        1.0,
        0.9990234375,
        0.99951171875,
        0.99951171875,
        0.43017578125,
        1.0,
        1.0,
        1.0,
        0.01406097412109375,
        0.9912109375,
        1.0,
        1.0,
        0.99951171875,
        0.99658203125,
        1.0,
        1.0,
        1.0,
        1.0,
        1.0,
        1.0,
        1.0,
        1.0,
        1.0,
        0.8955078125,
        0.9560546875,
        0.494140625,
        1.0,
        0.98828125,
        1.0,
        1.0,
        1.0,
        1.0,
        1.0,
        1.0,
        1.0,
        0.998046875,
        0.64794921875,
        0.09808349609375,
        1.0,
        1.0,
        1.0,
        1.0,
        1.0,
        1.0,
        0.99951171875,
        1.0,
        0.99853515625,
        1.0,
        0.8291015625,
        1.0,
        1.0,
        1.0,
        1.0,
        0.0207977294921875,
        0.630859375,
        0.0163421630859375,
        1.0,
