{
    "eval_accuracy": 0.168,
    "eval_rms_calibration_error": 0.318821445544699,
    "eval_average_probability": 0.2837039165996172,
    "eval_brier_score": 0.5675513337611686,
    "eval_probabilities": [
        0.8832728717823478,
        0.21532807912050175,
        0.1171531139302362,
        0.2962471110423333,
        0.18403931386468952,
        0.08790393183916534,
        0.6774849853708464,
        0.7083937273694305,
        0.22027531597245426,
        0.24387301299408645,
        0.09306128007077129,
        0.6078871468804449,
        0.297529681033076,
        0.13660432742437573,
        0.14761486655355416,
        0.3867108430093583,
        0.655747075936986,
        0.8674561340128869,
        0.179467869060145,
        0.08303697066537596,
        0.2011202973707554,
        0.44726015963359517,
        0.19087388826296905,
        0.18576567280954426,
        0.13846550043824357,
        0.7758099545351902,
        0.197920683314708,
        0.21285248632560227,
        0.22627604455955375,
        0.23882876078954496,
        0.13845146525375873,
        0.07710217637649731,
        0.10019881550017884,
        0.19785858870937834,
        0.12688953512968248,
        0.23722007478947338,
        0.6079468722117608,
        0.28905152291271086,
        0.7150275126239594,
        0.45986913002430463,
        0.12757169143625136,
        0.07344396906978451,
        0.14084826729693187,
        0.2249733049974804,
        0.10423907034586205,
        0.19111518690100396,
        0.7621690747297445,
        0.2673014211529098,
        0.22898068623763618,
        0.14661881546623637,
        0.1870404110849318,
        0.5113428128715091,
        0.5150419967166783,
        0.14244644772785575,
        0.09064428234573996,
        0.9211377532052717,
        0.11848448821593005,
        0.1779972473558236,
        0.5326114745101924,
        0.28305030366708384,
        0.1310341268970682,
        0.16394867322355136,
        0.09059498598759816,
        0.19141134346129632,
        0.9017720748796713,
        0.2578727462148246,
        0.24442851765329765,
        0.0813194935910796,
        0.12373977771688194,
        0.8910173408028541,
        0.05751762613927934,
        0.10269671438221398,
        0.27541135175460074,
        0.17260315770505416,
        0.7697438701180365,
        0.6603767682248392,
        0.038786724432649744,
        0.4765743025638833,
        0.19164585816438007,
        0.8385841459815478,
        0.12923309000215824,
        0.8893217954381248,
        0.2045238899022649,
        0.19180774704248416,
        0.4296505921976025,
        0.22196580477724573,
        0.2158129861547189,
        0.2526450996390641,
        0.680236963251206,
        0.2161281277787046,
        0.904205010139966,
        0.23517205628504745,
        0.32796435317210537,
        0.19612037561503448,
        0.25882915722840083,
        0.0725173517433174,
        0.06722245338549937,
        0.835386826451793,
        0.06750289616725669,
        0.3955378936220435,
        0.05712566169059805,
        0.22055070070795843,
        0.2877675079061793,
        0.3093007332905777,
        0.6000549641858022,
        0.41593794544260865,
        0.13061523860023616,
        0.35269128156848545,
        0.7845685883885296,
        0.13589939673377274,
        0.2201038996170246,
        0.07256395448043951,
        0.368040969496875,
        0.5638109672409808,
        0.21291564747222996,
        0.11870493512849768,
        0.12315066274457998,
        0.3995179503185514,
        0.12601795780980318,
        0.07665936286189523,
        0.314624722370596,
        0.11973205901110301,
        0.166971703911123,
        0.04710190740822095,
        0.14017826884275134,
        0.21778170940875474,
        0.25416618969847316,
        0.06446536935416931,
        0.35785360721182446,
        0.08859033003904433,
        0.07996343531766703,
        0.029828806692335563,
        0.17729033041838904,
        0.17593332643399492,
        0.18514843852549753,
        0.7874705117353757,
        0.1757344027998192,
        0.07658943030823373,
        0.1890543486389206,
        0.185467898878642,
        0.028416989562014786,
        0.1466097950873788,
        0.40129387810403294,
        0.09248056054191778,
        0.09434865528680991,
        0.21529873043886316,
        0.10573171799810209,
        0.6603143930818844,
        0.8019189314660977,
        0.8957576739273237,
        0.13172328653109122,
        0.10147646462667914,
        0.16053029329618496,
        0.13104569751862805,
        0.10361336155399924,
        0.18858703691495127,
        0.052117145741279965,
        0.30824298578233633,
        0.47041779135252476,
        0.13731224045495505,
        0.025972730084540322,
        0.035461566270211575,
        0.11327822066192172,
        0.42016498057675805,
        0.10246344062231172,
        0.015290276210378352,
        0.24189119594198616,
        0.172147917946619,
        0.24484868138298965,
        0.13308107186950185,
        0.28908962441721886,
        0.02796213206539899,
        0.17015126436558103,
        0.6299334938035714,
        0.2941626212609258,
        0.22722750817022863,
        0.8902962544848907,
        0.09490366600029954,
        0.06489000826168911,
        0.8904309463867021,
        0.04808501515298902,
        0.6648026043397897,
        0.2640212033439492,
        0.8907986838176533,
        0.14102645482733467,
        0.36676381800463687,
        0.27904838241503527,
        0.22108304101752496,
        0.7569885358645189,
        0.20880274812301902,
        0.09010877785432325,
        0.46290201490866356,
        0.7788426583311376,
        0.13801823901784616,
        0.22585293383210966,
        0.08143730202848494,
        0.22832938752243748,
        0.24728893773722527,
        0.17492981492219573,
        0.12620696005063559,
        0.22765038094313972,
        0.2633978031343272,
        0.14251994697249046,
        0.15642567383811207,
        0.1886334159914761,
        0.7653649236579728,
        0.1601840393480137,
        0.2489458064638369,
        0.1860600359333756,
        0.04811586907590226,
        0.30110543397972744,
        0.12779873333372455,
        0.1821309115880119,
        0.37089531901064143,
        0.12447267622630898,
        0.21379918816935523,
        0.2888669193819857,
        0.26978677820482544,
        0.08230395869332141,
        0.22517914272709086,
        0.29900726191837934,
        0.6154575240995093,
        0.0531842733133423,
        0.8620991213708368,
        0.09237079923294322,
        0.32749756842274325,
        0.11789125494080664,
        0.042133722929007716,
        0.238165361861243,
        0.14718394478150854,
        0.5384025727489157,
        0.25811163263484727,
        0.4571364918775125,
        0.21282441129604235,
        0.3047653642236185,
        0.2164315092784127,
        0.0992925362912136,
        0.300442369830261,
        0.20353260286093977,
        0.18962857477398543,
        0.11901254180668563,
        0.10336601836364245,
        0.055509032218473364,
        0.15577000842111827,
        0.3559405206844353,
        0.25629952795105754,
        0.23988165195820293,
        0.15938909976668902,
        0.29903096775721877,
        0.8626164850362346
    ]
}