{
    "eval_accuracy": 1.0,
    "eval_rms_calibration_error": 0.39441383368154326,
    "eval_average_probability": 0.8897439422965882,
    "eval_brier_score": 0.013567956538672633,
    "eval_probabilities": [
        0.9188498087130257,
        0.9419275855284323,
        0.8571218299727967,
        0.9100115872803658,
        0.8899326992003479,
        0.8887189341895376,
        0.9307623154847391,
        0.9079264263371785,
        0.9149393094506282,
        0.956186946123392,
        0.9001701604854854,
        0.8692361027295032,
        0.862982714616337,
        0.9033128863525844,
        0.903740212230869,
        0.9045384025473777,
        0.9250029309653857,
        0.9157304340798202,
        0.8660987288927618,
        0.8976375972487904,
        0.8820419889326769,
        0.9374861045368276,
        0.8849031267293085,
        0.8991145693018332,
        0.8642450781461449,
        0.8242205167962207,
        0.8759170168065096,
        0.9110638160257352,
        0.9247584401603292,
        0.9000085623962754,
        0.9083297904334874,
        0.8300242510051492,
        0.9063669008421402,
        0.932913184947528,
        0.8929931516577896,
        0.8312778568411239,
        0.8748078867515721,
        0.8709575708663947,
        0.7933594837294641,
        0.8684336305742965,
        0.9096962799278251,
        0.9283246147218309,
        0.8926830635494878,
        0.8483068175074389,
        0.8792805458160109,
        0.8623449935299867,
        0.7990364594812532,
        0.9067433876656017,
        0.8361160702778037,
        0.9403644538128679,
        0.9005298029512079,
        0.9274293937874294,
        0.9193029944439107,
        0.9209732601627613,
        0.8932519756458206,
        0.9169866447077444,
        0.8870319081333887,
        0.8765283739905511,
        0.8821796266941656,
        0.8612505626567316,
        0.8630386828805372,
        0.8976886922553284,
        0.9088131479508774,
        0.8790147247094002,
        0.8952294793330475,
        0.9135862385316832,
        0.8847711629817432,
        0.9292777356164124,
        0.9064951831286543,
        0.870808631283568,
        0.8713869305185021,
        0.8893730992870892,
        0.8910533424469474,
        0.9148477580548455,
        0.9033056552637991,
        0.9289632192295869,
        0.8653759668259404,
        0.9009334000060076,
        0.9140246118546683,
        0.922817162835366,
        0.8975689437094533,
        0.8072104067909751,
        0.8654813444896982,
        0.8537996838649327,
        0.8547548424987491,
        0.9202587161933808,
        0.8691139815636976,
        0.9148121380814894,
        0.8912541987739498,
        0.7644697709348265,
        0.90894085873233,
        0.9344162655997897,
        0.9117076021174666,
        0.8822877939649443,
        0.8628042862241831,
        0.9406859500268141,
        0.6094856392485686,
        0.9336300766455055,
        0.8819818804237675,
        0.9182744532393678,
        0.8174023189989552,
        0.80561340311899,
        0.9140380596443158,
        0.8990890885001599,
        0.9078435997986352,
        0.8655648484858293,
        0.7583168413857702,
        0.8819713030347462,
        0.8991628183268822,
        0.8561949833511419,
        0.8614736666298531,
        0.9122111395873398,
        0.8712279018048523,
        0.9320050220460049,
        0.9005626936287496,
        0.9382872062666343,
        0.8803012764230469,
        0.9198140531570578,
        0.9014507340401848,
        0.8888684512150052,
        0.9109458775380431,
        0.8755891993205283,
        0.9131344517902911,
        0.9212211684365679,
        0.8857987572378218,
        0.8459909623894517,
        0.8356008381414245,
        0.9334599305427841,
        0.9202965878271552,
        0.883476367869919,
        0.8479364211672669,
        0.8466309327353921,
        0.9033188027446178,
        0.9277183811739783,
        0.873348769688888,
        0.949209898421705,
        0.9186296173093388,
        0.919725971997038,
        0.9109424066237322,
        0.9620118444861141,
        0.8499232724797144,
        0.890932584752226,
        0.9336000856037304,
        0.9175964226222448,
        0.8810342830567276,
        0.8636474589799501,
        0.8679060048485085,
        0.8562030076349741,
        0.8646285393950603,
        0.8474826806079269,
        0.9096341671691671,
        0.9547646195770959,
        0.8896131653081971,
        0.8992963412191785,
        0.8234505542645613,
        0.9071870508441502,
        0.7938932175586998,
        0.890739708859955,
        0.912132937443372,
        0.9482039279450566,
        0.8560895935152022,
        0.9062807810189561,
        0.8703876841484467,
        0.8415327508610945,
        0.883355188904233,
        0.9237191433263388,
        0.8915870424931077,
        0.8647084355246873,
        0.8589739770776617,
        0.8154638406457597,
        0.8626262030096274,
        0.8940053796082443,
        0.8749569737323586,
        0.9161389339373117,
        0.9118173193616645,
        0.8949399537935684,
        0.9174087870739441,
        0.9228313827232525,
        0.9402838251112403,
        0.9249064110184907,
        0.8986921325415906,
        0.927597124119302,
        0.9023031063965968,
        0.9150947073325337,
        0.8796320656610971,
        0.8731159948476872,
        0.9050611941675906,
        0.8723645179506445,
        0.8820287156307898,
        0.8499681898385238,
        0.9093181750297186,
        0.8873169781558549,
        0.9225720720704312,
        0.9222460828722521,
        0.8970304312600617,
        0.8907563634431875,
        0.8499637434169239,
        0.8446417876072384,
        0.8513750220082928,
        0.9450067228022627,
        0.9021318374268806,
        0.9182219940277555,
        0.8796695388732879,
        0.8755921978967675,
        0.9038295035734011,
        0.9146703251609489,
        0.8886857067536932,
        0.7761429231167513,
        0.910726472659769,
        0.8890363371894143,
        0.901080867696595,
        0.9155825078040424,
        0.9001198463138101,
        0.8875183156645492,
        0.8897213084411855,
        0.8634626136183189,
        0.870741831590558,
        0.8872336115592929,
        0.9268966752093173,
        0.9240470977834256,
        0.9102489059749423,
        0.8956314288371432,
        0.8846967054298344,
        0.8845219336171729,
        0.8656560955717153,
        0.9110975468921385,
        0.7750464139777701,
        0.8712004109285445,
        0.8825715084333072,
        0.9135607615835923,
        0.8803842789640338,
        0.8149046580787219,
        0.8958734006704818,
        0.8575352588977007,
        0.9345896477746993,
        0.9288734584187583,
        0.8608897243162454,
        0.8789922457890438,
        0.9292480883464317,
        0.902967932482162,
        0.9409392270703144,
        0.9017013781337283,
        0.9215847921530664,
        0.9172205677358302,
        0.9134952785755883,
        0.9335328631278261,
        0.8607397840112476,
        0.8887108239105089,
        0.9026544675620248,
        0.9110605744210533,
        0.9243547578090727,
        0.933062697925845,
        0.9088132131404566,
        0.8624579582717256,
        0.9005999539791557,
        0.9194567991496918,
        0.8954312186930705,
        0.9228226934815713,
        0.8315775439071593,
        0.8559815022588275,
        0.8750105139527115,
        0.8944187848793165,
        0.8856518808985127,
        0.7713464717813174,
        0.8935727283629097,
        0.9045681936299603,
        0.9256898557949333,
        0.8934768278271361,
        0.8987605332340668,
        0.9511974265697709,
        0.8774946080296858,
        0.9110620189185784,
        0.8951328883935757,
        0.8607547414020847,
        0.8929172277337507,
        0.8794114296544341,
        0.9150912445337125,
        0.9108859871572271,
        0.941813682314197,
