{
    "eval_accuracy": 0.376,
    "eval_rms_calibration_error": 0.2843139507283097,
    "eval_average_probability": 0.42820736562759587,
    "eval_brier_score": 0.4019164224135918,
    "eval_probabilities": [
        0.6448851013001217,
        0.2634779995970228,
        0.7003535757958171,
        0.7283492774252425,
        0.1381411938752529,
        0.14779283314998937,
        0.49408121038057895,
        0.3719190396442038,
        0.45056344178715557,
        0.7724503162657332,
        0.6272126913984051,
        0.717455048988047,
        0.1762301456382234,
        0.06457739050385276,
        0.8660441018030554,
        0.6209653890609409,
        0.8437743065362603,
        0.07220637670321517,
        0.03414702693667249,
        0.21789151361091363,
        0.18067927348986357,
        0.5209870071703789,
        0.09264707044841837,
        0.3372410757266233,
        0.8351751233326803,
        0.599745638795587,
        0.4753863317578708,
        0.3366226063176089,
        0.1314689800083675,
        0.4367123209686526,
        0.03653647776354296,
        0.5160796564340763,
        0.053032187985868486,
        0.2716010406430318,
        0.8507949928400409,
        0.9415395445210075,
        0.5449948060683258,
        0.47224628668214147,
        0.42167160291434824,
        0.6617961834971164,
        0.11637488651870502,
        0.4453074483895866,
        0.8860903495169892,
        0.9676735066876231,
        0.39434502483211875,
        0.3608550651253343,
        0.5149399644935662,
        0.8656714374001053,
        0.5268710136047807,
        0.27465654962379993,
        0.41802952174276703,
        0.2616794790593632,
        0.830723057719015,
        0.31423457104439584,
        0.14260709208229905,
        0.12213372815582857,
        0.07300759029194381,
        0.7801609584212792,
        0.36342824544484253,
        0.042530153997829716,
        0.1686149633164874,
        0.046146024394298824,
        0.8826109063171823,
        0.625263547352479,
        0.15021398479066406,
        0.05112989479337791,
        0.213319208249255,
        0.24491353572003932,
        0.5616020574525438,
        0.44462316839669064,
        0.885709930469843,
        0.7818511294698836,
        0.9887793924898447,
        0.3905550276370645,
        0.5057309745833051,
        0.4130949815266766,
        0.5820714198980821,
        0.03652254088291851,
        0.2574726621834744,
        0.8257154356265555,
        0.9662328081130546,
        0.8006416285005742,
        0.636276014246651,
        0.2730070659274068,
        0.8993561674126039,
        0.2792654380718961,
        0.0320699094311943,
        0.6639005687972805,
        0.395280799263584,
        0.259447149657389,
        0.009174073386876258,
        0.2693693597624074,
        0.3307469569148861,
        0.2835542629416066,
        0.13551178269293296,
        0.9636492656216241,
        0.08308281648945604,
        0.14132008313849775,
        0.6543257807280871,
        0.39730342014546993,
        0.8521345229161142,
        0.08200383549047043,
        0.3676234845347879,
        0.13415868997692115,
        0.45411488503026054,
        0.9306539677910322,
        0.17676873837876012,
        0.3549128257022973,
        0.4725006471368948,
        0.34767186126018645,
        0.793541182357275,
        0.20417154837673201,
        0.47141439342647484,
        0.3878755689675605,
        0.17930650600953824,
        0.2911488605925915,
        0.9652159664638553,
        0.35231926272775876,
        0.6345382383287977,
        0.2094807409091669,
        0.48030394653665387,
        0.8089317394435047,
        0.5267730106372656,
        0.8163369634799093,
        0.05252161605759542,
        0.20893427234873962,
        0.2679206122822402,
        0.02937198705709887,
        0.19912158443724018,
        0.02280912163736233,
        0.5848709279441378,
        0.33376373109189916,
        0.5034767676719487,
        0.5095716341394834,
        0.6015404268032856,
        0.05587940851685169,
        0.12732513456316927,
        0.2524303183313638,
        0.7229108797234101,
        0.5697654235487009,
        0.6073637482205332,
        0.5727541617183067,
        0.022307972100741504,
        0.2912584263924931,
        0.36029464947805967,
        0.24564091417420678,
        0.47215330507490827,
        0.8454109016896788,
        0.45604482488367964,
        0.7596599362108492,
        0.3903112848653945,
        0.30647903663425824,
        0.6492684949955105,
        0.07285456681933145,
        0.6671341881520332,
        0.5842532785594462,
        0.8778131045844813,
        0.44592780945940524,
        0.32506355247203056,
        0.32866486177389553,
        0.29322447305498234,
        0.3120465312435011,
        0.27316939511249216,
        0.19561950429995156,
        0.9123464720191526,
        0.8338709927684544,
        0.2711418268037147,
        0.25739627729257164,
        0.2968931232954911,
        0.26377729285746554,
        0.46796784705394545,
        0.34978819309144,
        0.7010588668922741,
        0.28938001220373066,
        0.32102105917164503,
        0.3290975261942435,
        0.10230149927333888,
        0.5663145334773776,
        0.20150835488296992,
        0.7164441019804262,
        0.7510731573501606,
        0.13104112316821548,
        0.6464190659371831,
        0.9741429075964303,
        0.23693868747725988,
        0.652128780293766,
        0.9319498442687353,
        0.1676345139271855,
        0.4024287213191623,
        0.9403865500895546,
        0.322586427813904,
        0.3417309361548459,
        0.901591765593831,
        0.9774779225954008,
        0.11235519501377078,
        0.19193039490717223,
        0.3388234302765752,
        0.6229184039442994,
        0.8405804392237066,
        0.2777813667001542,
        0.3760079118120426,
        0.5041536121173229,
        0.3905047477090081,
        0.08808702418055236,
        0.5169141873893556,
        0.2942403199046741,
        0.8786948950747777,
        0.20439154343708477,
        0.6308842736668907,
        0.23631295328222424,
        0.34242261679866015,
        0.8978205432319645,
        0.647124695845145,
        0.7556925705899167,
        0.7285104044932675,
        0.26778108373478926,
        0.7057779874788521,
        0.857048474702844,
        0.11590527651723971,
        0.11262997246951227,
        0.18574015768961377,
        0.40800130721194366,
        0.3108275753655044,
        0.08991130336004483,
        0.2867351015625158,
        0.09170327359609753,
        0.3765693109202935,
        0.8209369305569033,
        0.23074538181257875,
        0.17613464227127962,
        0.1387394581403115,
        0.3503204185016756,
        0.6019177092965804,
        0.01165306680758339,
        0.15166924829913797,
        0.7857148302374539,
        0.04663415171339417,
        0.13498317925498582,
        0.7878492665426903,
        0.07750948776700442,
        0.029354461490946337,
        0.5451260369758195,
        0.5116600955901298,
        0.03412053266574293,
        0.10875659886034508,
        0.8031649456868866,
        0.1478910349584175,
        0.3070675759111058,
        0.3887916047016979,
        0.3273938884925208
    ]
}