{
    "eval_accuracy": 0.7133333333333334,
    "eval_rms_calibration_error": 0.29587335662055336,
    "eval_average_probability": 0.6553760375976563,
    "eval_brier_score": 0.2020401619496212,
    "eval_probabilities": [
        0.43212890625,
        0.453369140625,
        0.359375,
        0.7431640625,
        0.85009765625,
        0.5078125,
        0.286865234375,
        0.49853515625,
        0.52392578125,
        0.45703125,
        0.363037109375,
        0.5849609375,
        0.99853515625,
        0.97265625,
        0.96923828125,
        0.2220458984375,
        0.355712890625,
        0.219970703125,
        0.09808349609375,
        0.0809326171875,
        0.134765625,
        0.363037109375,
        0.49609375,
        0.48046875,
        0.4677734375,
        0.423583984375,
        0.6357421875,
        0.9931640625,
        0.98095703125,
        0.86328125,
        0.299072265625,
        0.38671875,
        0.08758544921875,
        0.72509765625,
        0.546875,
        0.615234375,
        0.67041015625,
        0.7705078125,
        0.6943359375,
        0.72021484375,
        0.517578125,
        0.966796875,
        0.26708984375,
        0.1322021484375,
        0.1341552734375,
        0.7138671875,
        0.9560546875,
        0.978515625,
        0.92333984375,
        0.9384765625,
        0.96337890625,
        0.04400634765625,
        0.004329681396484375,
        0.544921875,
        0.352294921875,
        0.67236328125,
        0.94384765625,
        0.88427734375,
        0.7724609375,
        0.951171875,
        0.865234375,
        0.859375,
        0.175537109375,
        0.56103515625,
        0.46337890625,
        0.7978515625,
        0.87255859375,
        0.9140625,
        0.943359375,
        0.92578125,
        0.8583984375,
        0.8916015625,
        0.72509765625,
        0.90185546875,
        0.77734375,
        0.56201171875,
        0.8671875,
        0.070556640625,
        0.7646484375,
        0.9560546875,
        0.98828125,
        0.84375,
        0.414794921875,
        0.1943359375,
        0.77880859375,
        0.7431640625,
        0.546875,
        0.9755859375,
        0.89892578125,
        0.8310546875,
        0.9873046875,
        0.368408203125,
        0.9853515625,
        0.544921875,
        0.219970703125,
        0.07318115234375,
        0.67919921875,
        0.93359375,
        0.87841796875,
        0.86181640625,
        0.80517578125,
        0.77197265625,
        0.546875,
        0.9716796875,
        0.97314453125,
        0.64404296875,
        0.708984375,
        0.83984375,
        0.57470703125,
        0.564453125,
        0.66552734375,
        0.46484375,
        0.42822265625,
        0.375732421875,
        0.291015625,
        0.7880859375,
        0.9443359375,
        0.445556640625,
        0.73876953125,
        0.6875,
        0.64697265625,
        0.0224761962890625,
        0.483642578125,
        0.98583984375,
        0.94873046875,
        0.9931640625,
        0.607421875,
        0.638671875,
        0.2568359375,
        0.82666015625,
        0.38916015625,
        0.9609375,
        0.275146484375,
        0.059661865234375,
        0.873046875,
        0.226806640625,
        0.75048828125,
        0.10595703125,
        0.2337646484375,
        0.66015625,
        0.72021484375,
        0.94287109375,
        0.95361328125,
        0.7470703125,
        0.414794921875,
        0.88623046875,
        0.90869140625,
        0.958984375,
        0.226806640625,
        0.59814453125,
        0.443115234375,
        0.54150390625,
        0.462890625,
        0.97802734375,
        0.96240234375,
        0.98388671875,
        0.48046875,
        0.96435546875,
        0.79296875,
        0.96142578125,
        0.95263671875,
        0.982421875,
        0.91064453125,
        0.91357421875,
        0.763671875,
        0.84375,
        0.8154296875,
        0.708984375,
        0.8876953125,
        0.9599609375,
        0.92822265625,
        0.96826171875,
        0.93896484375,
        0.970703125,
        0.73779296875,
        0.8896484375,
        0.69677734375,
        0.451416015625,
        0.7373046875,
        0.65478515625,
        0.845703125,
        0.8974609375,
        0.96142578125,
        0.8857421875,
        0.69921875,
        0.34521484375,
        0.85791015625,
        0.50830078125,
        0.85546875,
        0.9970703125,
        0.95751953125,
        0.99169921875,
        0.329833984375,
        0.1868896484375,
        0.3212890625,
        0.82568359375,
        0.437744140625,
        0.7265625,
        0.9990234375,
        0.99951171875,
        0.9990234375,
        0.45703125,
        0.07696533203125,
        0.85986328125,
        0.85009765625,
        0.7646484375,
        0.62255859375,
        0.035400390625,
        0.89990234375,
        0.5390625,
        0.80908203125,
        0.62548828125,
        0.79638671875,
        0.63916015625,
        0.87939453125,
        0.76611328125,
        0.74462890625,
        0.556640625,
        0.7890625,
        0.65478515625,
        0.97314453125,
        0.97900390625,
        0.57763671875,
        0.47021484375,
        0.54052734375,
        0.99658203125,
        0.401611328125,
        0.662109375,
        0.642578125,
        0.33984375,
        0.7138671875,
        0.84375,
        0.99462890625,
        0.962890625,
        0.94384765625,
        0.9384765625,
        0.70068359375,
        0.71875,
        0.55078125,
        0.172119140625,
        0.68017578125,
        0.7763671875,
        0.666015625,
        0.537109375,
        0.5849609375,
        0.46875,
        0.98779296875,
        0.96728515625,
        0.89892578125,
        0.10302734375,
        0.39990234375,
        0.30078125,
        0.92626953125,
        0.732421875,
        0.67919921875,
        0.7919921875,
        0.7373046875,
        0.7265625,
        0.96923828125,
        0.54736328125,
        0.53515625,
        0.55810546875,
        0.190673828125,
        0.2379150390625,
        0.986328125,
        0.96923828125,
        0.99658203125,
        0.7041015625,
        0.06903076171875,
        0.019866943359375,
        0.6298828125,
        0.69873046875,
        0.91455078125,
        0.916015625,
        0.97265625,
        0.515625,
        0.81298828125,
        0.3779296875,
        0.86865234375,
        0.8056640625,
        0.8603515625,
        0.8603515625,
        0.7890625,
        0.80908203125,
        0.42431640625,
        0.81396484375,
        0.94482421875,
        0.9248046875,
        0.81005859375,
        0.7744140625,
        0.83837890625,
        0.184814453125,
        0.332763671875,
        0.414794921875,
        0.5234375,
        0.18798828125,
        0.33056640625,
        0.2294921875,
        0.1895751953125,
        0.1259765625,
        0.95654296875,
        0.94287109375,
        0.958984375,
        0.54541015625,
        0.5166015625,
        0.63330078125,
        0.17333984375,
        0.67724609375,
        0.4765625,
        0.99365234375,
        0.955078125,
        0.9833984375,
        0.74951171875,
        0.50732421875,
        0.2371826171875,
        0.5546875,
        0.68505859375,
        0.81005859375,
        0.252685546875,
        0.403564453125,
        0.37158203125,
        0.8525390625,
        0.68603515625,
        0.93408203125,
        0.21337890625,
        0.273681640625,
        0.896484375,
        0.352294921875,
        0.5908203125,
        0.8232421875,
        0.8740234375,
        0.8408203125,
        0.310791015625,
        0.390380859375,
        0.2379150390625,
        0.329345703125,
        0.6884765625,
        0.4716796875,
        0.452392578125,
        0.5,
        0.106689453125,
        0.56201171875,
        0.90185546875,
        0.95166015625,
        0.93798828125,
        0.82080078125,
        0.390380859375,
        0.59814453125,
