{
    "model_dir": "models/prompt_tuning/llama-7b-alpaca_easy",
    "distribution_id": "alpaca_easy",
    "timestamp": "2023-10-19 22:51:41",
    "eval_loss": 0.1767578125,
    "eval_score": -0.046417236328125,
    "eval_brier_score": 0.046417236328125,
    "eval_average_probability": 0.92822265625,
    "eval_accuracy": 0.9386666666666666,
    "eval_probabilities": [
        0.99560546875,
        0.99951171875,
        1.0,
        0.9873046875,
        0.9912109375,
        0.9970703125,
        1.0,
        1.0,
        1.0,
        0.99853515625,
        0.994140625,
        0.9990234375,
        1.0,
        0.9990234375,
        1.0,
        0.91259765625,
        0.921875,
        0.99609375,
        1.0,
        1.0,
        1.0,
        1.0,
        1.0,
        1.0,
        0.9990234375,
        0.9990234375,
        0.9794921875,
        0.66552734375,
        0.99853515625,
        0.37744140625,
        0.414794921875,
        0.5,
        0.85986328125,
        1.0,
        1.0,
        1.0,
        1.0,
        1.0,
        1.0,
        1.0,
        0.9970703125,
        1.0,
        0.99951171875,
        0.9697265625,
        0.9912109375,
        0.998046875,
        0.99853515625,
        0.9990234375,
        1.0,
        1.0,
        1.0,
        1.0,
        1.0,
        0.8740234375,
        1.0,
        1.0,
        1.0,
        0.004329681396484375,
        0.262939453125,
        0.06561279296875,
        0.8740234375,
        0.92431640625,
        0.89013671875,
        1.0,
        1.0,
        1.0,
        0.99755859375,
        1.0,
        1.0,
        1.0,
        1.0,
        1.0,
        0.99755859375,
        0.422607421875,
        0.998046875,
        0.3486328125,
        0.64404296875,
        0.68603515625,
        1.0,
        1.0,
        1.0,
        1.0,
        1.0,
        0.9970703125,
        1.0,
        1.0,
        1.0,
        1.0,
        1.0,
        1.0,
        1.0,
        1.0,
        1.0,
        1.0,
        1.0,
        1.0,
        1.0,
        1.0,
        1.0,
        0.90478515625,
        0.1480712890625,
        0.484375,
        0.77197265625,
        0.99951171875,
        0.453369140625,
        1.0,
        1.0,
        1.0,
        0.88720703125,
        0.99951171875,
        1.0,
        0.99951171875,
        1.0,
        1.0,
        0.880859375,
        0.10089111328125,
        1.0,
        1.0,
        1.0,
        0.99560546875,
        0.9326171875,
        0.392333984375,
        0.06756591796875,
        0.8740234375,
        0.9482421875,
        0.422607421875,
        0.96142578125,
        1.0,
        0.99951171875,
        1.0,
        1.0,
        1.0,
        1.0,
        1.0,
        1.0,
        0.99853515625,
        0.99951171875,
        0.76611328125,
        0.9931640625,
        0.0203399658203125,
        0.9990234375,
        0.7548828125,
        0.9072265625,
        0.5849609375,
        0.9990234375,
        1.0,
        1.0,
        0.57763671875,
        0.9365234375,
        0.9716796875,
        1.0,
        0.95263671875,
        0.98974609375,
        1.0,
        1.0,
        1.0,
        0.99951171875,
        1.0,
        0.97314453125,
        1.0,
        0.53125,
        0.98095703125,
        1.0,
        1.0,
        1.0,
        1.0,
        1.0,
        1.0,
        0.99951171875,
        0.7607421875,
        0.99755859375,
        1.0,
        1.0,
        1.0,
        1.0,
        1.0,
        1.0,
        1.0,
        1.0,
        1.0,
        1.0,
        0.80322265625,
        0.9912109375,
        1.0,
        0.9345703125,
        0.99609375,
        0.9990234375,
        0.99853515625,
        0.98486328125,
        1.0,
        1.0,
        1.0,
        1.0,
        1.0,
        1.0,
        1.0,
        0.9970703125,
        1.0,
        0.90478515625,
        0.994140625,
        0.9892578125,
        0.9970703125,
        0.0074615478515625,
        1.0,
        1.0,
        1.0,
        1.0,
        1.0,
        1.0,
        1.0,
        0.9970703125,
        1.0,
        0.880859375,
        1.0,
        1.0,
        1.0,
        1.0,
        0.99951171875,
        1.0,
        0.99658203125,
        1.0,
        1.0,
        0.80322265625,
        0.91748046875,
        0.0164031982421875,
        0.84814453125,
        1.0,
        0.87060546875,
        0.95654296875,
        0.88427734375,
        0.9072265625,
        1.0,
        1.0,
        1.0,
        1.0,
        1.0,
        1.0,
        0.2393798828125,
        0.8310546875,
        0.441650390625,
        1.0,
        0.970703125,
        1.0,
        1.0,
        1.0,
        1.0,
        1.0,
        1.0,
        1.0,
        1.0,
        1.0,
        1.0,
        1.0,
        1.0,
        1.0,
        0.99853515625,
        1.0,
        1.0,
        1.0,
        1.0,
        1.0,
        0.998046875,
        0.98974609375,
        0.99951171875,
        1.0,
        1.0,
        0.970703125,
        0.99951171875,
        1.0,
        0.69287109375,
        1.0,
        1.0,
        1.0,
        1.0,
        1.0,
        1.0,
        1.0,
        1.0,
        0.71875,
        0.9755859375,
        0.982421875,
        0.98876953125,
        0.53125,
        0.9990234375,
        0.88427734375,
        0.91259765625,
        1.0,
        1.0,
        1.0,
        1.0,
        0.98486328125,
        1.0,
        1.0,
        1.0,
        1.0,
        1.0,
        1.0,
        1.0,
        1.0,
        1.0,
        1.0,
        1.0,
        1.0,
        1.0,
        1.0,
        1.0,
        1.0,
        1.0,
        1.0,
        1.0,
        1.0,
        1.0,
        1.0,
        1.0,
        1.0,
        0.99853515625,
        1.0,
        0.994140625,
        1.0,
        1.0,
        1.0,
        1.0,
        1.0,
        1.0,
        1.0,
        1.0,
        1.0,
        1.0,
        1.0,
        1.0,
        1.0,
        1.0,
        1.0,
        0.96875,
        1.0,
        1.0,
        1.0,
        1.0,
        1.0,
        0.978515625,
        0.99951171875,
        0.93798828125,
        0.99853515625,
        0.99560546875,
        0.966796875,
        1.0,
        1.0,
        1.0,
        1.0,
        1.0,
        1.0,
        0.9697265625,
        0.7607421875,
        0.9990234375,
        1.0,
        1.0,
        1.0,
        0.99462890625,
        1.0,
        0.97705078125,
        1.0,
        1.0,
        1.0,
        1.0,
        0.982421875,
        0.9990234375,
        0.73095703125,
        0.97314453125,
        1.0,
        1.0,
        0.99267578125,
        1.0,
        0.99951171875,
        1.0,
        0.275146484375,
        1.0,
        0.85205078125,
        0.37744140625,
        1.0,
        1.0,
        0.484375,
        1.0,
        1.0,
        1.0,
        1.0,
        1.0,
        0.9990234375,
        1.0,
        1.0,
        1.0,
        1.0,
        0.8310546875,
        1.0,
        0.96142578125,
        1.0,
        0.9990234375,
        0.98193359375,
        0.99853515625,
        0.87744140625,
        0.06756591796875,
        0.0037078857421875,
        0.06756591796875,
        0.91259765625,
        0.958984375,
        0.99951171875,
        1.0,
        1.0,
        0.85205078125,
        1.0,
        1.0,
        1.0,
        0.0003459453582763672,
        0.051849365234375,
        0.53125,
        1.0,
        1.0,
        1.0,
        1.0,
        1.0,
        1.0,
        1.0,
        1.0,
        0.99951171875,
        1.0,
        1.0,
        1.0,
        0.9990234375,
        0.97998046875,
        0.00391387939453125,
        0.998046875,
        1.0,
        1.0,
        1.0,
        1.0,
        1.0,
        0.99951171875,
        1.0,
        0.0002779960632324219,
        1.0,
        1.0,
        1.0,
        0.998046875,
        1.0,
        1.0,
        1.0,
        1.0,
        1.0,
        0.9697265625,
        0.99169921875,
        0.95263671875,
        0.9970703125,
