{
    "model_dir": "models/classify_lora/llama-7b-math",
    "distribution_id": "math",
    "timestamp": "2023-10-12 17:55:44",
    "eval_loss": 1.4892578125,
    "eval_score": -0.1507568359375,
    "eval_brier_score": 0.1507568359375,
    "eval_average_probability": 0.8232421875,
    "eval_accuracy": 0.8213333333333334,
    "eval_probabilities": [
        0.92529296875,
        0.9912109375,
        0.921875,
        1.0,
        1.0,
        1.0,
        1.0,
        1.0,
        1.0,
        0.99169921875,
        0.96044921875,
        0.99951171875,
        0.453369140625,
        0.0032978057861328125,
        0.99560546875,
        0.60693359375,
        0.88427734375,
        0.99609375,
        1.0,
        0.0029811859130859375,
        0.063232421875,
        0.77978515625,
        0.383056640625,
        0.060089111328125,
        1.0,
        1.0,
        1.0,
        0.943359375,
        0.8056640625,
        0.0002397298812866211,
        0.00926971435546875,
        0.0008897781372070312,
        5.960464477539063e-08,
        0.87744140625,
        1.0,
        1.0,
        1.0,
        1.0,
        1.0,
        0.01348114013671875,
        0.5546875,
        0.0002574920654296875,
        1.0,
        1.0,
        1.0,
        0.2239990234375,
        0.7958984375,
        0.96484375,
        1.0,
        1.0,
        1.0,
        1.0,
        1.0,
        1.0,
        0.46484375,
        1.0,
        1.0,
        1.0,
        1.0,
        1.0,
        1.0,
        1.0,
        0.99853515625,
        0.791015625,
        0.9765625,
        1.0,
        0.0,
        0.03790283203125,
        0.99169921875,
        1.0,
        1.0,
        1.0,
        1.0,
        1.0,
        1.0,
        1.0,
        1.0,
        1.0,
        1.0,
        1.0,
        1.0,
        1.0,
        1.0,
        1.0,
        1.0,
        1.0,
        1.0,
        2.0265579223632812e-06,
        0.003223419189453125,
        0.0222930908203125,
        1.0,
        1.0,
        1.0,
        1.4722347259521484e-05,
        1.0,
        0.00787353515625,
        1.0,
        1.0,
        1.0,
        1.0,
        1.0,
        0.99951171875,
        1.0,
        1.0,
        1.0,
        1.0,
        1.0,
        1.0,
        1.0,
        1.0,
        1.0,
        1.0,
        0.09222412109375,
        0.480712890625,
        0.03436279296875,
        0.0083770751953125,
        0.0,
        1.0,
        1.0,
        1.0,
        1.0,
        1.0,
        1.0,
        1.0,
        1.0,
        1.0,
        2.7179718017578125e-05,
        0.0009055137634277344,
        0.9853515625,
        1.0,
        1.0,
        1.0,
        1.0,
        1.0,
        1.0,
        0.46484375,
        0.958984375,
        0.99951171875,
        1.0,
        1.0,
        1.0,
        0.051849365234375,
        1.0,
        1.0,
        1.0,
        1.0,
        1.0,
        1.0,
        1.0,
        1.0,
        1.2516975402832031e-06,
        0.9560546875,
        0.9921875,
        1.0,
        1.0,
        1.0,
        1.430511474609375e-06,
        0.00024247169494628906,
        0.3115234375,
        1.0,
        0.98828125,
        0.99462890625,
        1.0,
        0.97119140625,
        1.0,
        1.0,
        1.0,
        1.0,
        0.91845703125,
        0.0,
        0.9072265625,
        1.0,
        0.99951171875,
        1.0,
        1.0,
        1.0,
        1.0,
        0.99951171875,
        0.99951171875,
        1.0,
        0.07159423828125,
        0.332763671875,
        0.0005140304565429688,
        1.0,
        1.0,
        1.0,
        1.0,
        1.0,
        1.0,
        1.0,
        1.0,
        1.0,
        1.0,
        1.0,
        1.0,
        0.99951171875,
        1.0,
        1.0,
        1.0,
        1.0,
        1.0,
        1.0,
        1.0,
        1.0,
        0.1055908203125,
        0.050323486328125,
        0.1480712890625,
        1.0,
        0.9853515625,
        0.04534912109375,
        1.0,
        1.0,
        1.0,
        1.0,
        1.0,
        1.0,
        1.0,
        3.212690353393555e-05,
        1.0,
        0.5859375,
        0.9990234375,
        0.0361328125,
        0.99951171875,
        0.99560546875,
        0.98046875,
        1.0,
        1.0,
        1.0,
        1.0,
        0.9990234375,
        0.299072265625,
        1.0,
        1.0,
        1.0,
        1.0,
        1.0,
        1.0,
        0.9990234375,
        1.0,
        1.0,
        1.0,
        0.0055999755859375,
        1.6689300537109375e-06,
        1.0,
        1.0,
        1.0,
        1.0,
        1.0,
        0.94091796875,
        1.0,
        1.0,
        1.0,
        1.0,
        1.0,
        1.0,
        0.1883544921875,
        0.92822265625,
        0.99951171875,
        1.0,
        1.0,
        1.0,
        0.0002925395965576172,
        1.0,
        0.9990234375,
        1.0,
        1.0,
        1.0,
        1.0,
        1.0,
        1.0,
        1.0,
        1.0,
        1.0,
        0.9580078125,
        4.172325134277344e-07,
        0.9453125,
        0.32080078125,
        1.0,
        0.94189453125,
        1.0,
        1.0,
        1.0,
        1.0,
        1.0,
        1.0,
        1.0,
        1.0,
        1.0,
        1.0,
        1.0,
        1.0,
        0.99951171875,
        0.998046875,
        0.96630859375,
        1.0,
        1.0,
        1.0,
        0.91845703125,
        0.546875,
        0.0850830078125,
        1.0,
        1.0,
        1.0,
        0.355712890625,
        0.7919921875,
        0.5546875,
        0.86328125,
        0.385009765625,
        0.73095703125,
        1.0,
        1.0,
        1.0,
        1.0,
        1.0,
        1.0,
        0.0,
        0.0,
        0.0,
        1.0,
        1.0,
        1.0,
        6.139278411865234e-06,
        1.0,
        0.1083984375,
        0.017578125,
        1.0,
        0.30908203125,
        1.0,
        1.0,
        1.0,
        1.0,
        1.0,
        1.0,
        1.0,
        1.0,
        1.0,
        1.0,
        1.0,
        1.0,
        0.3701171875,
        0.26904296875,
        0.60009765625,
        1.0,
        0.87255859375,
        1.0,
        1.0,
        2.384185791015625e-07,
        1.0,
        1.0,
        1.0,
        1.0,
        1.0,
        1.0,
        1.0,
        1.0,
        1.0,
        1.0,
        0.99951171875,
        1.0,
        1.0,
        0.83984375,
        5.960464477539063e-08,
        0.0027141571044921875,
        0.99951171875,
        0.0,
        0.0,
        1.0,
        1.0,
        1.0,
        1.0,
        1.0,
        1.0,
        0.9228515625,
        0.9521484375,
        0.0005044937133789062,
        0.99267578125,
        0.0966796875,
        1.1920928955078125e-07,
        1.0,
        1.0,
        1.0,
        1.0,
        1.0,
        1.0,
        1.0,
        1.0,
        0.501953125,
        1.0,
        0.99267578125,
        0.99853515625,
        0.01107025146484375,
        0.7646484375,
        0.80810546875,
        1.0,
        1.0,
        1.0,
        1.0,
        1.0,
        1.0,
        0.2509765625,
        0.20556640625,
        0.417236328125,
        1.0,
        1.0,
        1.0,
        0.0,
        1.0,
        1.0,
        1.0,
        1.0,
        1.0,
        1.0,
        1.0,
        1.0,
        1.0,
        1.0,
        1.0,
        1.0,
        0.99951171875,
        1.0,
        1.0,
        1.0,
        1.0,
        1.0,
        1.0,
        1.0,
        1.0,
        1.0,
        1.0,
        1.0,
        1.0,
        1.0,
        1.0,
        0.99853515625,
        1.0,
        1.0,
        1.0,
        1.0,
        1.0,
        1.0,
        1.0,
        1.0,
        1.0,
        1.0,
        1.0,
        1.0,
        1.0,
        1.0,
        0.99951171875,
        1.0,
        1.0,
        1.0,
        1.0,
        1.0,
        1.0,
        1.0,
        0.51806640625,
        0.8173828125,
        1.0,
        0.0,
        0.2783203125,
