{
    "model_dir": "models/classify_lora/llama-7b-ranking_logic",
    "distribution_id": "ranking_logic",
    "timestamp": "2023-10-12 18:12:01",
    "eval_loss": 0.07879638671875,
    "eval_score": -0.0242767333984375,
    "eval_brier_score": 0.0242767333984375,
    "eval_average_probability": 0.9541015625,
    "eval_accuracy": 0.9653333333333334,
    "eval_probabilities": [
        1.0,
        0.8291015625,
        0.99951171875,
        1.0,
        1.0,
        1.0,
        1.0,
        1.0,
        1.0,
        1.0,
        1.0,
        1.0,
        1.0,
        0.99951171875,
        0.92138671875,
        0.99609375,
        1.0,
        0.99951171875,
        0.857421875,
        0.998046875,
        1.0,
        1.0,
        1.0,
        1.0,
        1.0,
        0.9990234375,
        1.0,
        1.0,
        1.0,
        1.0,
        1.0,
        0.99951171875,
        0.99267578125,
        1.0,
        1.0,
        0.99951171875,
        1.0,
        1.0,
        1.0,
        0.2041015625,
        1.0,
        0.9990234375,
        0.99951171875,
        0.99853515625,
        0.9990234375,
        0.98486328125,
        0.99365234375,
        0.99951171875,
        1.0,
        0.9892578125,
        1.0,
        1.0,
        1.0,
        0.65283203125,
        1.0,
        0.1270751953125,
        1.0,
        0.99951171875,
        0.8271484375,
        0.82666015625,
        1.0,
        1.0,
        1.0,
        1.0,
        0.9990234375,
        1.0,
        1.0,
        1.0,
        0.84326171875,
        0.35302734375,
        0.99951171875,
        0.99951171875,
        1.0,
        1.0,
        1.0,
        1.0,
        0.99951171875,
        1.0,
        0.9990234375,
        0.99658203125,
        1.0,
        1.0,
        0.98681640625,
        0.2288818359375,
        1.0,
        0.978515625,
        1.0,
        0.97900390625,
        0.99951171875,
        1.0,
        1.0,
        1.0,
        1.0,
        0.99853515625,
        0.794921875,
        0.99951171875,
        0.98681640625,
        0.6005859375,
        1.0,
        1.0,
        0.9326171875,
        0.99951171875,
        0.99951171875,
        0.0222015380859375,
        0.68408203125,
        0.99951171875,
        1.0,
        0.99609375,
        1.0,
        1.0,
        1.0,
        1.0,
        1.0,
        1.0,
        1.0,
        0.833984375,
        0.99951171875,
        1.0,
        1.0,
        0.99658203125,
        0.99853515625,
        0.9765625,
        0.3173828125,
        1.0,
        0.99853515625,
        1.0,
        1.0,
        0.99755859375,
        1.0,
        1.0,
        1.0,
        1.0,
        0.99951171875,
        1.0,
        1.0,
        1.0,
        1.0,
        0.9990234375,
        0.89794921875,
        0.9990234375,
        1.0,
        1.0,
        1.0,
        0.9990234375,
        1.0,
        0.83544921875,
        1.0,
        0.99853515625,
        0.99853515625,
        0.9990234375,
        0.99853515625,
        0.998046875,
        1.0,
        1.0,
        1.0,
        1.0,
        0.94189453125,
        1.0,
        0.99951171875,
        1.0,
        0.99951171875,
        0.99755859375,
        1.0,
        0.97802734375,
        0.9814453125,
        0.99853515625,
        0.9912109375,
        0.9765625,
        0.96435546875,
        0.9775390625,
        1.0,
        1.0,
        0.98828125,
        1.0,
        1.0,
        1.0,
        1.0,
        1.0,
        1.0,
        1.0,
        0.9951171875,
        0.99365234375,
        0.95263671875,
        1.0,
        1.0,
        1.0,
        0.8916015625,
        0.99853515625,
        0.99609375,
        1.0,
        1.0,
        0.99951171875,
        1.0,
        1.0,
        1.0,
        1.0,
        1.0,
        0.748046875,
        1.0,
        0.9970703125,
        1.0,
        1.0,
        0.99951171875,
        1.0,
        1.0,
        1.0,
        0.99853515625,
        0.9990234375,
        1.0,
        1.0,
        1.0,
        0.99609375,
        0.99951171875,
        1.0,
        0.8251953125,
        0.841796875,
        0.8125,
        0.99853515625,
        1.0,
        0.8427734375,
        0.99853515625,
        0.99951171875,
        1.0,
        1.0,
        1.0,
        0.9990234375,
        0.9912109375,
        1.0,
        0.99658203125,
        0.99951171875,
        0.99365234375,
        0.99951171875,
        0.97216796875,
        0.96142578125,
        1.0,
        1.0,
        0.9814453125,
        1.0,
        1.0,
        0.994140625,
        1.0,
        0.99462890625,
        1.0,
        1.0,
        1.0,
        1.0,
        0.978515625,
        0.99853515625,
        1.0,
        1.0,
        0.94189453125,
        0.309326171875,
        1.0,
        1.0,
        1.0,
        0.99951171875,
        1.0,
        0.99853515625,
        1.0,
        1.0,
        0.99951171875,
        1.0,
        0.99951171875,
        0.97412109375,
        1.0,
        1.0,
        1.0,
        1.0,
        0.998046875,
        0.9990234375,
        0.99951171875,
        1.0,
        0.9990234375,
        0.94873046875,
        1.0,
        0.99951171875,
        0.99951171875,
        0.96826171875,
        1.0,
        1.0,
        0.99951171875,
        0.91552734375,
        1.0,
        0.990234375,
        0.998046875,
        0.99853515625,
        0.99951171875,
        0.998046875,
        1.0,
        1.0,
        1.0,
        1.0,
        1.0,
        1.0,
        1.0,
        0.736328125,
        0.99951171875,
        0.99951171875,
        1.0,
        0.9794921875,
        1.0,
        1.0,
        1.0,
        1.0,
        1.0,
        1.0,
        0.99951171875,
        0.9990234375,
        0.99853515625,
        0.9765625,
        1.0,
        1.0,
        1.0,
        0.990234375,
        1.0,
        1.0,
        0.99951171875,
        1.0,
        1.0,
        0.9990234375,
        1.0,
        0.98974609375,
        1.0,
        0.99951171875,
        1.0,
        0.8984375,
        0.99658203125,
        0.9990234375,
        1.0,
        1.0,
        0.99560546875,
        0.9990234375,
        1.0,
        1.0,
        0.81787109375,
        0.99951171875,
        0.392333984375,
        1.0,
        0.9794921875,
        0.99853515625,
        0.91455078125,
        0.99560546875,
        0.99951171875,
        1.0,
        1.0,
        0.99951171875,
        1.0,
        1.0,
        1.0,
        1.0,
        1.0,
        0.98046875,
        0.73095703125,
        0.90869140625,
        1.0,
        0.99267578125,
        0.9931640625,
        0.99951171875,
        0.99951171875,
        1.0,
        0.99609375,
        0.99951171875,
        0.9775390625,
        0.99951171875,
        0.99951171875,
        1.0,
        0.99951171875,
        0.99951171875,
        0.02276611328125,
        1.0,
        0.99951171875,
        0.5302734375,
        1.0,
        1.0,
        0.99951171875,
        1.0,
        0.99853515625,
        0.97802734375,
        0.99951171875,
        0.99951171875,
        1.0,
        0.9970703125,
        0.99951171875,
        0.91259765625,
        1.0,
        1.0,
        1.0,
        0.76123046875,
        0.9951171875,
        0.99951171875,
        0.99853515625,
        0.87548828125,
        1.0,
        0.97021484375,
        0.9853515625,
        0.9140625,
        0.9990234375,
        1.0,
        0.99853515625,
        1.0,
        1.0,
        1.0,
        1.0,
        0.939453125,
        0.841796875,
        1.0,
        0.99951171875,
        1.0,
        0.99365234375,
        0.99951171875,
        0.994140625,
        1.0,
        1.0,
        1.0,
        0.9970703125,
        0.99853515625,
        0.1177978515625,
        1.0,
        0.99267578125,
        1.0,
        0.99951171875,
        0.99951171875,
        1.0,
        1.0,
        1.0,
        1.0,
        0.998046875,
        1.0,
        1.0,
        0.97265625,
