{
    "model_dir": "models/prompt_tuning/llama-30b-change_my_view",
    "distribution_id": "change_my_view",
    "timestamp": "2023-10-13 10:27:05",
    "eval_loss": 0.625,
    "eval_score": -0.180419921875,
    "eval_brier_score": 0.180419921875,
    "eval_average_probability": 0.7421875,
    "eval_accuracy": 0.764,
    "eval_probabilities": [
        1.0,
        0.359375,
        0.916015625,
        0.48828125,
        0.0330810546875,
        0.1602783203125,
        0.69580078125,
        0.98193359375,
        0.85205078125,
        0.2120361328125,
        0.7373046875,
        0.1981201171875,
        0.54296875,
        0.8857421875,
        0.9912109375,
        0.33447265625,
        0.98095703125,
        0.441650390625,
        0.65478515625,
        0.98681640625,
        0.72509765625,
        0.388671875,
        0.02886962890625,
        0.94189453125,
        0.99951171875,
        1.0,
        1.0,
        0.994140625,
        1.0,
        1.0,
        0.99560546875,
        1.0,
        0.9287109375,
        0.5,
        0.33642578125,
        0.5078125,
        0.8623046875,
        0.06463623046875,
        0.505859375,
        0.97607421875,
        0.9833984375,
        0.955078125,
        1.0,
        0.307373046875,
        0.50390625,
        0.99560546875,
        0.97802734375,
        0.259765625,
        0.9931640625,
        0.85986328125,
        1.0,
        0.99951171875,
        1.0,
        0.994140625,
        1.0,
        1.0,
        1.0,
        0.50390625,
        0.998046875,
        0.89892578125,
        1.0,
        0.5849609375,
        0.9990234375,
        0.99951171875,
        0.90673828125,
        0.16455078125,
        0.9990234375,
        0.1710205078125,
        0.7490234375,
        0.91943359375,
        0.265869140625,
        0.63720703125,
        0.93798828125,
        0.875,
        0.921875,
        0.10015869140625,
        0.0016870498657226562,
        0.880859375,
        0.89013671875,
        0.0156707763671875,
        0.99853515625,
        0.9990234375,
        0.9638671875,
        0.99951171875,
        0.9990234375,
        0.9931640625,
        0.98681640625,
        0.99951171875,
        0.9931640625,
        0.71533203125,
        0.99951171875,
        0.740234375,
        0.9990234375,
        0.99267578125,
        0.99951171875,
        0.95654296875,
        0.9814453125,
        0.9853515625,
        0.04302978515625,
        0.437744140625,
        0.99755859375,
        0.95654296875,
        0.880859375,
        0.99755859375,
        0.99658203125,
        0.8896484375,
        0.259765625,
        0.486328125,
        0.81884765625,
        0.011688232421875,
        0.20947265625,
        0.69091796875,
        0.96142578125,
        1.0,
        0.9990234375,
        0.95654296875,
        0.99853515625,
        0.99462890625,
        0.05792236328125,
        0.94189453125,
        0.98779296875,
        0.99462890625,
        0.65673828125,
        0.042083740234375,
        0.513671875,
        0.035400390625,
        0.79052734375,
        0.95703125,
        0.83984375,
        0.7578125,
        0.90966796875,
        0.462890625,
        0.99951171875,
        0.865234375,
        0.99267578125,
        1.0,
        0.87841796875,
        0.99853515625,
        0.9990234375,
        1.0,
        0.9599609375,
        0.99951171875,
        0.6689453125,
        0.0023784637451171875,
        0.99951171875,
        0.8310546875,
        0.466796875,
        0.9951171875,
        0.99755859375,
        0.9970703125,
        0.8388671875,
        0.99951171875,
        0.994140625,
        0.9921875,
        0.044677734375,
        0.1217041015625,
        0.60009765625,
        0.83544921875,
        0.09332275390625,
        0.90869140625,
        0.9228515625,
        0.2069091796875,
        0.958984375,
        0.99658203125,
        0.005512237548828125,
        0.48828125,
        0.8974609375,
        0.73583984375,
        0.9833984375,
        0.85009765625,
        0.0364990234375,
        0.640625,
        1.0,
        0.99853515625,
        1.0,
        1.0,
        0.99169921875,
        0.012054443359375,
        0.9931640625,
        0.9990234375,
        0.1744384765625,
        1.0,
        0.10968017578125,
        0.1800537109375,
        0.927734375,
        0.94677734375,
        0.94384765625,
        0.1519775390625,
        0.0850830078125,
        0.83642578125,
        0.89501953125,
        0.0953369140625,
        0.04302978515625,
        0.0034027099609375,
        0.195556640625,
        0.178955078125,
        0.01177978515625,
        0.94775390625,
        0.10821533203125,
        0.99951171875,
        0.99658203125,
        0.99951171875,
        0.74755859375,
        0.99560546875,
        0.449462890625,
        0.99951171875,
        0.443603515625,
        0.99853515625,
        0.8388671875,
        0.9755859375,
        0.99853515625,
        0.1591796875,
        0.98095703125,
        0.966796875,
        0.99951171875,
        0.70263671875,
        0.552734375,
        0.99267578125,
        0.0592041015625,
        0.85009765625,
        0.982421875,
        0.8916015625,
        0.990234375,
        0.97802734375,
        0.6298828125,
        0.99951171875,
        1.0,
        0.640625,
        0.9443359375,
        0.1143798828125,
        0.98583984375,
        0.97802734375,
        0.99462890625,
        1.0,
        1.0,
        1.0,
        0.986328125,
        0.9951171875,
        0.978515625,
        0.99951171875,
        0.33447265625,
        0.99951171875,
        0.2568359375,
        0.90869140625,
        0.70068359375,
        0.9462890625,
        1.0,
        0.9970703125,
        0.78125,
        0.95556640625
    ],
    "eval_runtime": 27.8768,
    "eval_samples_per_second": 8.968,
    "eval_steps_per_second": 0.287
}