{
    "model_dir": "models/prompt_tuning/llama-30b-change_my_view",
    "distribution_id": "raven_matrices",
    "timestamp": "2023-10-13 10:34:05",
    "eval_loss": 0.765625,
    "eval_score": -0.27880859375,
    "eval_brier_score": 0.27884920021891596,
    "eval_average_probability": 0.48826253255208335,
    "eval_accuracy": 0.5013333333333333,
    "eval_probabilities": [
        0.392333984375,
        0.422607421875,
        0.447509765625,
        0.28466796875,
        0.32080078125,
        0.66552734375,
        0.6689453125,
        0.63720703125,
        0.439697265625,
        0.517578125,
        0.5234375,
        0.37744140625,
        0.29248046875,
        0.33447265625,
        0.25830078125,
        0.437744140625,
        0.085693359375,
        0.06463623046875,
        0.32763671875,
        0.281494140625,
        0.2509765625,
        0.355712890625,
        0.363037109375,
        0.355712890625,
        0.1312255859375,
        0.134765625,
        0.12939453125,
        0.48046875,
        0.515625,
        0.49609375,
        0.84814453125,
        0.5234375,
        0.8388671875,
        0.403564453125,
        0.385009765625,
        0.36669921875,
        0.58154296875,
        0.615234375,
        0.5390625,
        0.5888671875,
        0.55078125,
        0.6298828125,
        0.50390625,
        0.47265625,
        0.46484375,
        0.32421875,
        0.49609375,
        0.47265625,
        0.48828125,
        0.458984375,
        0.45703125,
        0.5927734375,
        0.61865234375,
        0.65478515625,
        0.4921875,
        0.54296875,
        0.51953125,
        0.449462890625,
        0.45703125,
        0.5546875,
        0.52734375,
        0.5888671875,
        0.6259765625,
        0.4111328125,
        0.449462890625,
        0.43408203125,
        0.515625,
        0.5,
        0.4921875,
        0.47265625,
        0.37744140625,
        0.4921875,
        0.10089111328125,
        0.092041015625,
        0.32421875,
        0.43408203125,
        0.43408203125,
        0.39599609375,
        0.32080078125,
        0.28466796875,
        0.42431640625,
        0.53515625,
        0.515625,
        0.51171875,
        0.39990234375,
        0.458984375,
        0.5234375,
        0.49609375,
        0.5849609375,
        0.5390625,
        0.4609375,
        0.55810546875,
        0.5927734375,
        0.437744140625,
        0.449462890625,
        0.50390625,
        0.2509765625,
        0.33447265625,
        0.3310546875,
        0.451416015625,
        0.46484375,
        0.49609375,
        0.381103515625,
        0.385009765625,
        0.453369140625,
        0.5888671875,
        0.470703125,
        0.48046875,
        0.47265625,
        0.46484375,
        0.453369140625,
        0.61328125,
        0.607421875,
        0.47265625,
        0.49609375,
        0.50390625,
        0.5234375,
        0.56005859375,
        0.515625,
        0.451416015625,
        0.5078125,
        0.515625,
        0.515625,
        0.79296875,
        0.484375,
        0.7548828125,
        0.43017578125,
        0.43408203125,
        0.63720703125,
        0.70556640625,
        0.67919921875,
        0.658203125,
        0.58154296875,
        0.60009765625,
        0.5849609375,
        0.422607421875,
        0.182373046875,
        0.546875,
        0.55810546875,
        0.53515625,
        0.47265625,
        0.4111328125,
        0.32080078125,
        0.33642578125,
        0.341552734375,
        0.32080078125,
        0.4111328125,
        0.50390625,
        0.5,
        0.46875,
        0.51953125,
        0.673828125,
        0.7607421875,
        0.1441650390625,
        0.27197265625,
        0.445556640625,
        0.5078125,
        0.53125,
        0.515625,
        0.48046875,
        0.355712890625,
        0.262939453125,
        0.359375,
        0.515625,
        0.373779296875,
        0.329345703125,
        0.1744384765625,
        0.190673828125,
        0.310791015625,
        0.50390625,
        0.470703125,
        0.5546875,
        0.65478515625,
        0.5546875,
        0.61669921875,
        0.57177734375,
        0.51953125,
        0.63720703125,
        0.662109375,
        0.6689453125,
        0.61865234375,
        0.611328125,
        0.71533203125,
        0.46875,
        0.453369140625,
        0.445556640625,
        0.58154296875,
        0.7216796875,
        0.615234375,
        0.6689453125,
        0.67236328125,
        0.65673828125,
        0.48828125,
        0.46484375,
        0.45703125,
        0.363037109375,
        0.43017578125,
        0.3701171875,
        0.32421875,
        0.435791015625,
        0.451416015625,
        0.5888671875,
        0.484375,
        0.54296875,
        0.611328125,
        0.89404296875,
        0.89990234375,
        0.4921875,
        0.5849609375,
        0.56201171875,
        0.57763671875,
        0.66357421875,
        0.6279296875,
        0.5888671875,
        0.57763671875,
        0.5849609375,
        0.445556640625,
        0.55810546875,
        0.642578125,
        0.53125,
        0.50390625,
        0.4765625,
        0.71533203125,
        0.6826171875,
        0.515625,
        0.4921875,
        0.521484375,
        0.486328125,
        0.5,
        0.62451171875,
        0.64599609375,
        0.513671875,
        0.5,
        0.48046875,
        0.441650390625,
        0.5,
        0.529296875,
        0.453369140625,
        0.453369140625,
        0.4921875,
        0.640625,
        0.5078125,
        0.58154296875,
        0.48828125,
        0.43017578125,
        0.45703125,
        0.453369140625,
        0.39990234375,
        0.422607421875,
        0.615234375,
        0.5,
        0.55078125,
        0.615234375,
        0.51171875,
        0.484375,
        0.385009765625,
        0.4072265625,
        0.437744140625,
        0.56787109375,
        0.52734375,
        0.533203125,
        0.50390625,
        0.529296875,
        0.521484375,
        0.51953125,
        0.3701171875,
        0.392333984375,
        0.5234375,
        0.437744140625,
        0.453369140625,
        0.46875,
        0.4072265625,
        0.422607421875,
        0.49609375,
        0.22265625,
        0.29736328125,
        0.46484375,
        0.546875,
        0.5234375,
        0.484375,
        0.5,
        0.51171875,
        0.4765625,
        0.5,
        0.4765625,
        0.437744140625,
        0.5,
        0.46875,
        0.69775390625,
        0.490234375,
        0.462890625,
        0.34521484375,
        0.5869140625,
        0.60400390625,
        0.76220703125,
        0.7705078125,
        0.5546875,
        0.2239990234375,
        0.2147216796875,
        0.190673828125,
        0.541015625,
        0.5,
        0.53515625,
        0.355712890625,
        0.401611328125,
        0.390380859375,
        0.458984375,
        0.390380859375,
        0.46875,
        0.4765625,
        0.51953125,
        0.5390625,
        0.5927734375,
        0.63720703125,
        0.60009765625,
        0.4921875,
        0.453369140625,
        0.414794921875,
        0.48828125,
        0.54296875,
        0.5,
        0.414794921875,
        0.32421875,
        0.462890625,
        0.484375,
        0.338134765625,
        0.359375,
        0.60009765625,
        0.607421875,
        0.52734375,
        0.449462890625,
        0.388671875,
        0.453369140625,
        0.54296875,
        0.5234375,
        0.5078125,
        0.52734375,
        0.51171875,
        0.5,
        0.445556640625,
        0.484375,
        0.5,
        0.5,
        0.48046875,
        0.62255859375,
        0.57763671875,
        0.6279296875,
        0.57373046875,
        0.5830078125,
        0.5908203125,
        0.60205078125,
        0.1490478515625,
        0.73876953125,
        0.1591796875,
        0.42431640625,
        0.455078125,
        0.42626953125,
        0.401611328125,
