{
    "model_dir": "models/classify_lora/openllama-3b-ranking_logic_easy",
    "distribution_id": "ranking_logic_hard",
    "timestamp": "2023-11-01 21:52:26",
    "eval_loss": 0.8935546875,
    "eval_score": -0.1597900390625,
    "eval_brier_score": 0.1597900390625,
    "eval_average_probability": 0.8095703125,
    "eval_accuracy": 0.8133333333333334,
    "eval_probabilities": [
        1.0,
        0.99951171875,
        1.0,
        0.9912109375,
        0.8974609375,
        1.0,
        1.0,
        1.0,
        1.0,
        8.481740951538086e-05,
        0.99951171875,
        0.9951171875,
        0.9990234375,
        1.0,
        0.99853515625,
        0.369384765625,
        1.0,
        1.0,
        0.56005859375,
        0.67724609375,
        0.99853515625,
        0.01262664794921875,
        0.99755859375,
        1.0,
        1.0,
        0.1971435546875,
        0.9775390625,
        1.0,
        1.0,
        1.0,
        1.0,
        0.90087890625,
        0.9990234375,
        1.0,
        0.99951171875,
        1.0,
        0.99951171875,
        0.994140625,
        1.0,
        0.94921875,
        0.0809326171875,
        0.22265625,
        0.0006856918334960938,
        0.99951171875,
        0.98779296875,
        1.0,
        1.0,
        1.0,
        1.0,
        0.892578125,
        1.0,
        0.9990234375,
        0.99853515625,
        0.89306640625,
        1.0,
        0.91845703125,
        0.1663818359375,
        0.49072265625,
        0.9951171875,
        1.0,
        0.93994140625,
        1.0,
        1.0,
        1.0,
        0.95458984375,
        1.0,
        1.0,
        1.0,
        1.0,
        1.0,
        1.0,
        1.0,
        0.003040313720703125,
        0.7958984375,
        0.0161590576171875,
        1.0,
        1.0,
        0.9990234375,
        0.998046875,
        0.99951171875,
        1.0,
        0.99853515625,
        0.1304931640625,
        0.9951171875,
        0.9990234375,
        0.454345703125,
        0.99951171875,
        0.2213134765625,
        0.88720703125,
        0.99951171875,
        0.57470703125,
        0.9892578125,
        0.011505126953125,
        0.9697265625,
        1.0,
        0.9990234375,
        0.6669921875,
        0.001739501953125,
        0.99951171875,
        1.0,
        1.0,
        1.0,
        1.0,
        0.91748046875,
        0.263916015625,
        1.0,
        1.0,
        1.0,
        1.0,
        1.0,
        0.99951171875,
        1.0,
        1.0,
        1.0,
        0.0020999908447265625,
        0.9697265625,
        0.91552734375,
        1.0,
        1.0,
        0.6875,
        0.2091064453125,
        0.1976318359375,
        0.99951171875,
        1.0,
        1.0,
        1.0,
        0.9951171875,
        3.5762786865234375e-05,
        0.94287109375,
        2.944469451904297e-05,
        0.04779052734375,
        0.97705078125,
        1.0132789611816406e-06,
        0.97998046875,
        7.325410842895508e-05,
        1.0,
        1.0,
        0.99951171875,
        1.0,
        1.0,
        1.0,
        0.83251953125,
        0.9951171875,
        1.0,
        0.9912109375,
        0.9638671875,
        0.99951171875,
        1.0,
        0.998046875,
        0.99853515625,
        1.0,
        1.0,
        1.0,
        8.344650268554688e-07,
        0.00679779052734375,
        7.11679458618164e-05,
        1.0,
        1.0,
        0.9921875,
        0.1357421875,
        1.0,
        1.0,
        0.9990234375,
        1.0,
        0.99462890625,
        1.0,
        1.0,
        0.9970703125,
        2.6047229766845703e-05,
        0.1943359375,
        0.98388671875,
        1.0,
        1.0,
        1.0,
        1.0,
        1.0,
        1.0,
        1.0,
        1.0,
        1.0,
        0.96923828125,
        0.0013246536254882812,
        0.007404327392578125,
        0.91796875,
        0.267333984375,
        0.0177154541015625,
        0.1585693359375,
        0.93701171875,
        0.95654296875,
        0.984375,
        1.0,
        1.0,
        0.99951171875,
        0.99853515625,
        0.80078125,
        1.0,
        1.0,
        0.00804901123046875,
        0.01363372802734375,
        0.00434112548828125,
        0.0271759033203125,
        1.0,
        0.99951171875,
        0.99951171875,
        0.703125,
        0.99365234375,
        0.75927734375,
        0.99365234375,
        0.984375,
        1.0,
        1.0,
        1.0,
        1.0,
        1.0,
        1.0,
        1.0,
        0.97607421875,
        1.0,
        0.8212890625,
        1.0,
        1.0,
        1.0,
        1.0,
        1.0,
        0.9990234375,
        0.99951171875,
        0.947265625,
        0.94287109375,
        0.9716796875,
        1.0,
        1.0,
        1.0,
        0.9951171875,
        0.99951171875,
        0.70068359375,
        1.0,
        1.0,
        0.1490478515625,
        8.404254913330078e-06,
        0.96533203125,
        1.0,
        1.0,
        1.0,
        0.0079498291015625,
        0.994140625,
        1.0,
        0.9560546875,
        0.951171875,
        0.7353515625,
        1.0,
        0.99951171875,
        0.97900390625,
        1.0,
        1.0,
        1.0,
        0.99755859375,
        1.0,
        1.0,
        1.0,
        0.98828125,
        0.99658203125,
        0.88427734375,
        0.9951171875,
        0.93408203125,
        0.218994140625,
        0.0002944469451904297,
        1.0,
        1.0,
        1.0,
        1.0,
        1.0,
        0.004680633544921875,
        1.0,
        1.0,
        0.80419921875,
        0.62060546875,
        1.0,
        1.0,
        1.0,
        0.0006613731384277344,
        0.07696533203125,
        0.01507568359375,
        1.0,
        1.0,
        1.0,
        0.2783203125,
        0.58154296875,
        5.960464477539063e-08,
        1.0,
        1.0,
        0.001628875732421875,
        1.0,
        1.0,
        0.2958984375,
        1.0,
        0.998046875,
        0.9931640625,
        1.0,
        1.0,
        1.0,
        1.0,
        0.998046875,
        0.9990234375,
        0.9775390625,
        0.7373046875,
        0.12548828125,
        0.9609375,
        1.0,
        1.0,
        0.57177734375,
        0.0019989013671875,
        0.0045928955078125,
        0.59619140625,
        0.338134765625,
        0.0226287841796875,
        0.06756591796875,
        0.132568359375,
        0.890625,
        1.0,
        1.0,
        1.0,
        1.0,
        0.77880859375,
        0.98486328125,
        1.0,
        0.54541015625,
        0.79833984375,
        1.0,
        1.0,
        1.0,
        0.005428314208984375,
        0.59814453125,
        0.970703125,
        0.998046875,
        1.0,
        0.41015625,
        1.0,
        1.0,
        1.0,
        1.0,
        1.0,
        1.0,
        1.0,
        1.0,
        1.0,
        1.0,
        0.92822265625,
        1.0,
        1.0,
        0.01316070556640625,
        0.99951171875,
        0.99951171875,
        1.0,
        0.313232421875,
        0.04083251953125,
        0.61865234375,
        6.252527236938477e-05,
        0.03240966796875,
        0.0017614364624023438,
        0.15869140625,
        1.0,
        0.99951171875,
        1.0,
        0.98193359375,
        0.024139404296875,
        0.049774169921875,
        0.98876953125,
        1.0,
        1.0,
        1.0,
        1.0,
        0.99365234375,
        0.99951171875,
        0.9990234375,
        1.0,
        1.0,
        1.0,
        1.0,
        1.0,
        1.0,
        0.99951171875,
        1.0,
        1.0,
        1.0,
        0.9697265625,
        1.0,
        1.0,
        1.0,
        1.0,
        1.0,
        0.9990234375,
        1.0,
        1.0,
        1.0,
        1.0,
        1.0,
        1.0,
        0.09588623046875,
        0.9814453125,
        0.049652099609375,
        0.433837890625,
        1.0,
        1.0,
        0.99951171875,
        0.26220703125,
