{
    "model_dir": "models/classify_lora/llama-30b-truthful_qa",
    "distribution_id": "alpaca_mmlu",
    "timestamp": "2023-10-24 21:52:42",
    "eval_loss": 1.53125,
    "eval_score": -0.310791015625,
    "eval_brier_score": 0.310791015625,
    "eval_average_probability": 0.5908203125,
    "eval_accuracy": 0.608,
    "eval_probabilities": [
        0.99951171875,
        0.1202392578125,
        0.99951171875,
        0.9990234375,
        0.990234375,
        0.9912109375,
        1.0,
        1.0,
        0.9892578125,
        0.138427734375,
        0.25390625,
        0.226806640625,
        0.273681640625,
        0.414794921875,
        0.6953125,
        0.388671875,
        0.0003199577331542969,
        0.25390625,
        0.070068359375,
        0.193115234375,
        0.0002560615539550781,
        0.0126953125,
        0.9912109375,
        0.91943359375,
        0.04052734375,
        0.076416015625,
        0.30908203125,
        0.264404296875,
        0.2254638671875,
        0.01473236083984375,
        4.76837158203125e-06,
        8.881092071533203e-06,
        1.3709068298339844e-05,
        0.662109375,
        0.106689453125,
        0.7490234375,
        1.0,
        1.0,
        0.7685546875,
        0.7578125,
        0.736328125,
        0.8798828125,
        0.0222930908203125,
        0.1883544921875,
        0.611328125,
        0.30078125,
        0.241455078125,
        0.99365234375,
        0.95849609375,
        0.18994140625,
        0.1807861328125,
        0.93017578125,
        0.0171051025390625,
        0.984375,
        0.5224609375,
        0.953125,
        0.392333984375,
        0.96044921875,
        0.95849609375,
        0.9697265625,
        0.77197265625,
        1.0,
        1.0,
        1.0,
        0.00417327880859375,
        0.99609375,
        0.474609375,
        0.1943359375,
        0.482421875,
        0.875,
        0.08880615234375,
        0.5888671875,
        0.11676025390625,
        0.00263214111328125,
        0.01312255859375,
        0.10894775390625,
        0.56201171875,
        0.50390625,
        0.99755859375,
        0.06231689453125,
        0.8388671875,
        0.7880859375,
        0.9599609375,
        0.81640625,
        0.0,
        0.403564453125,
        4.76837158203125e-07,
        0.55078125,
        0.5546875,
        0.57373046875,
        0.99658203125,
        0.98876953125,
        1.0,
        0.338134765625,
        0.466796875,
        0.439697265625,
        1.0,
        1.0,
        1.0,
        0.5927734375,
        0.2255859375,
        0.032318115234375,
        0.0013780593872070312,
        0.0006413459777832031,
        0.0560302734375,
        0.1749267578125,
        0.472412109375,
        0.24365234375,
        0.9501953125,
        0.9560546875,
        0.425537109375,
        1.0,
        0.982421875,
        0.99951171875,
        0.8154296875,
        0.98388671875,
        0.91748046875,
        0.8662109375,
        0.79931640625,
        0.93115234375,
        0.85791015625,
        0.90576171875,
        0.6513671875,
        0.548828125,
        0.07696533203125,
        0.529296875,
        0.9482421875,
        0.89892578125,
        0.79833984375,
        0.505859375,
        0.5546875,
        0.97998046875,
        0.9951171875,
        0.99951171875,
        0.54296875,
        0.5234375,
        0.4921875,
        0.11279296875,
        0.1312255859375,
        0.373779296875,
        0.08038330078125,
        0.46484375,
        0.32080078125,
        0.085693359375,
        0.87255859375,
        0.99755859375,
        0.96923828125,
        0.83984375,
        0.94140625,
        0.548828125,
        0.68603515625,
        0.90625,
        0.880859375,
        0.007122039794921875,
        0.51953125,
        0.6298828125,
        0.54296875,
        0.58154296875,
        0.56591796875,
        0.037200927734375,
        0.08599853515625,
        0.0194244384765625,
        1.0,
        1.0,
        0.94287109375,
        0.041656494140625,
        0.7490234375,
        1.0,
        0.7431640625,
        0.0006499290466308594,
        0.00022780895233154297,
        0.73095703125,
        0.0012063980102539062,
        0.99951171875,
        0.970703125,
        0.99951171875,
        0.99951171875,
        0.319091796875,
        0.4609375,
        0.7919921875,
        0.329833984375,
        0.03424072265625,
        0.99853515625,
        0.87841796875,
        0.78515625,
        1.0,
        0.0221099853515625,
        6.079673767089844e-06,
        0.59619140625,
        0.99951171875,
        0.994140625,
        0.9697265625,
        0.26904296875,
        0.2861328125,
        0.282958984375,
        0.412109375,
        1.0,
        0.005405426025390625,
        0.08050537109375,
        0.12042236328125,
        0.92529296875,
        1.0,
        1.0,
        0.99951171875,
        0.99755859375,
        0.62353515625,
        0.0002472400665283203,
        4.118680953979492e-05,
        0.00213623046875,
        0.00274658203125,
        0.373046875,
        0.26025390625,
        0.70654296875,
        0.82568359375,
        0.5361328125,
        0.9755859375,
        0.2147216796875,
        0.2120361328125,
        0.73876953125,
        0.345947265625,
        0.01953125,
        0.9140625,
        1.0,
        1.0,
        1.0,
        0.011871337890625,
        0.9833984375,
        0.0226287841796875,
        0.70263671875,
        0.55078125,
        0.98193359375,
        0.76611328125,
        0.87060546875,
        0.82666015625,
        1.0,
        0.982421875,
        0.2486572265625,
        0.99853515625,
        0.0,
        0.9970703125,
        0.412109375,
        0.00022125244140625,
        0.5029296875,
        0.984375,
        0.9892578125,
        0.57763671875,
        0.66455078125,
        0.65966796875,
        0.49560546875,
        0.285888671875,
        0.47509765625,
        0.285888671875,
        0.9736328125,
        0.951171875,
        0.97314453125,
        0.99365234375,
        0.9912109375,
        0.98486328125,
        0.8623046875,
        0.470703125,
        0.7646484375,
        0.98681640625,
        0.904296875,
        0.96337890625,
        0.43408203125,
        4.410743713378906e-06,
        0.99609375,
        0.99951171875,
        0.99951171875,
        1.0,
        0.0020198822021484375,
        0.021453857421875,
        0.000186920166015625,
        0.000583648681640625,
        0.93701171875,
        0.916015625,
        0.99755859375,
        0.884765625,
        0.90478515625,
        0.1171875,
        0.9736328125,
        0.289306640625,
        0.4609375,
        0.0254669189453125,
        0.1710205078125,
        0.9794921875,
        0.99755859375,
        0.198974609375,
        0.9970703125,
        0.9921875,
        0.98583984375,
        0.71728515625,
        0.9912109375,
        0.99951171875,
        0.55712890625,
        0.97119140625,
        0.89453125,
        0.8232421875,
        0.99951171875,
        1.0,
        0.99609375,
        0.95654296875,
        0.8740234375,
        1.6450881958007812e-05,
        0.0850830078125,
        1.823902130126953e-05,
        0.52734375,
        4.982948303222656e-05,
        0.006389617919921875,
        0.143798828125,
        0.192138671875,
        0.272705078125,
        1.0,
        0.986328125,
        1.0,
        0.9990234375,
        0.9990234375,
        0.8974609375,
        1.0,
        0.7421875,
        1.0,
        0.8798828125,
        0.96044921875,
        0.9853515625,
        0.9931640625,
        0.9892578125,
        0.11553955078125,
        0.8115234375,
        0.363037109375,
        0.57763671875,
        0.435302734375,
        0.92578125,
        0.8369140625,
        0.5888671875,
        0.31396484375,
        0.8173828125,
        0.515625,
        4.708766937255859e-06,
        3.039836883544922e-06,
        0.8740234375,
        0.490234375,
