{
    "model_dir": "models/classify_lora/llama-13b-cooking",
    "distribution_id": "math",
    "timestamp": "2023-11-01 22:36:24",
    "eval_loss": 0.499267578125,
    "eval_score": -0.158203125,
    "eval_brier_score": 0.158203125,
    "eval_average_probability": 0.65673828125,
    "eval_accuracy": 0.7773333333333333,
    "eval_probabilities": [
        0.77783203125,
        0.7783203125,
        0.7998046875,
        0.6435546875,
        0.70654296875,
        0.6416015625,
        0.81640625,
        0.88427734375,
        0.9111328125,
        0.99951171875,
        0.9912109375,
        0.9951171875,
        0.1912841796875,
        0.290283203125,
        0.439697265625,
        0.658203125,
        0.57568359375,
        0.63720703125,
        0.8251953125,
        0.86474609375,
        0.8154296875,
        0.533203125,
        0.450439453125,
        0.457275390625,
        0.6376953125,
        0.759765625,
        0.50634765625,
        0.60009765625,
        0.89306640625,
        0.97705078125,
        0.4072265625,
        0.482421875,
        0.4609375,
        0.299072265625,
        0.39990234375,
        0.39990234375,
        0.8427734375,
        0.9375,
        0.97021484375,
        0.55810546875,
        0.515625,
        0.49609375,
        0.75927734375,
        0.89794921875,
        0.93408203125,
        0.4658203125,
        0.5927734375,
        0.45849609375,
        0.383056640625,
        0.498046875,
        0.63916015625,
        0.66015625,
        0.62255859375,
        0.62255859375,
        0.4697265625,
        0.4765625,
        0.5546875,
        0.99755859375,
        0.95556640625,
        0.9970703125,
        0.92431640625,
        0.640625,
        0.75927734375,
        0.90185546875,
        0.87841796875,
        0.9775390625,
        0.470703125,
        0.5048828125,
        0.60009765625,
        0.611328125,
        0.75146484375,
        0.75830078125,
        0.68701171875,
        0.65380859375,
        0.8115234375,
        0.91357421875,
        0.85791015625,
        0.8671875,
        0.56982421875,
        0.466796875,
        0.4951171875,
        0.69921875,
        0.689453125,
        0.7373046875,
        0.52001953125,
        0.71240234375,
        0.63037109375,
        0.8779296875,
        0.79638671875,
        0.5048828125,
        0.97412109375,
        0.9599609375,
        0.95849609375,
        0.67919921875,
        0.810546875,
        0.74169921875,
        0.556640625,
        0.7138671875,
        0.7431640625,
        0.63720703125,
        0.6943359375,
        0.6298828125,
        0.67919921875,
        0.5927734375,
        0.70751953125,
        0.77587890625,
        0.732421875,
        0.73583984375,
        0.587890625,
        0.56787109375,
        0.68359375,
        0.5830078125,
        0.24658203125,
        0.486328125,
        0.611328125,
        0.515625,
        0.521484375,
        0.6162109375,
        0.81103515625,
        0.705078125,
        0.853515625,
        0.92822265625,
        0.8681640625,
        0.7939453125,
        0.759765625,
        0.7578125,
        0.0966796875,
        0.0002779960632324219,
        0.00734710693359375,
        0.99951171875,
        1.0,
        0.99951171875,
        0.8037109375,
        0.556640625,
        0.6689453125,
        0.4794921875,
        0.448486328125,
        0.6806640625,
        0.7373046875,
        0.90283203125,
        0.89013671875,
        0.53466796875,
        0.51904296875,
        0.60302734375,
        0.51953125,
        0.650390625,
        0.63330078125,
        0.81982421875,
        0.806640625,
        0.880859375,
        0.290283203125,
        0.91259765625,
        0.299072265625,
        0.6494140625,
        0.72705078125,
        0.76220703125,
        0.5029296875,
        0.57470703125,
        0.57275390625,
        0.42919921875,
        0.3173828125,
        0.35888671875,
        0.01166534423828125,
        0.23046875,
        0.375732421875,
        0.8583984375,
        0.80419921875,
        0.552734375,
        0.6806640625,
        0.38671875,
        0.5185546875,
        0.378662109375,
        0.480224609375,
        0.453125,
        0.42724609375,
        0.355224609375,
        0.45751953125,
        0.8388671875,
        0.71533203125,
        0.2294921875,
        0.42626953125,
        0.4765625,
        0.43408203125,
        0.8486328125,
        0.9375,
        0.9189453125,
        0.9453125,
        0.8525390625,
        0.8779296875,
        0.9736328125,
        0.9755859375,
        0.982421875,
        0.7626953125,
        0.4912109375,
        0.7255859375,
        0.4521484375,
        0.318603515625,
        0.56884765625,
        0.86083984375,
        0.93798828125,
        0.93505859375,
        0.400634765625,
        0.449462890625,
        0.4677734375,
        0.546875,
        0.57763671875,
        0.53515625,
        0.70556640625,
        0.58154296875,
        0.6416015625,
        0.71044921875,
        0.716796875,
        0.6328125,
        0.72265625,
        0.6435546875,
        0.56494140625,
        0.62451171875,
        0.58935546875,
        0.78662109375,
        0.5166015625,
        0.58935546875,
        0.3974609375,
        0.498046875,
        0.3310546875,
        0.38037109375,
        0.8818359375,
        0.8525390625,
        0.81884765625,
        0.67333984375,
        0.6103515625,
        0.265869140625,
        0.67578125,
        0.673828125,
        0.49169921875,
        0.99951171875,
        0.99951171875,
        1.0,
        0.751953125,
        0.70068359375,
        0.6533203125,
        0.6025390625,
        0.6123046875,
        0.38671875,
        0.80078125,
        0.90185546875,
        0.94677734375,
        0.74072265625,
        0.69189453125,
        0.57861328125,
        0.68994140625,
        0.53466796875,
        0.521484375,
        0.52734375,
        0.7578125,
        0.51171875,
        0.482421875,
        0.56787109375,
        0.405517578125,
        0.65576171875,
        0.6162109375,
        0.333740234375,
        0.5869140625,
        0.83740234375,
        0.71484375,
        0.74755859375,
        0.73095703125,
        0.82763671875,
        0.76708984375,
        0.69189453125,
        0.6982421875,
        0.7080078125,
        0.68359375,
        0.546875,
        0.49658203125,
        0.5234375,
        0.5439453125,
        0.5478515625,
        0.57763671875,
        0.5908203125,
        0.85205078125,
        0.87890625,
        0.90869140625,
        0.86279296875,
        0.84521484375,
        0.818359375,
        0.689453125,
        0.798828125,
        0.544921875,
        0.9150390625,
        0.927734375,
        0.93896484375,
        0.93994140625,
        0.92431640625,
        0.92333984375,
        0.978515625,
        0.96142578125,
        0.9658203125,
        0.63525390625,
        0.63525390625,
        0.32763671875,
        0.99267578125,
        0.33642578125,
        0.355712890625,
        0.56787109375,
        0.53125,
        0.50390625,
        0.374267578125,
        0.46875,
        0.41259765625,
        0.71826171875,
        0.75439453125,
        0.6064453125,
        0.55078125,
        0.42822265625,
        0.422607421875,
        0.1456298828125,
        0.62353515625,
        0.391357421875,
        0.83740234375,
        0.7431640625,
        0.6845703125,
        0.177001953125,
        0.04547119140625,
        0.12646484375,
        0.93408203125,
        0.9990234375,
        0.85888671875,
        0.55810546875,
        0.75634765625,
        0.68017578125,
        0.60595703125,
        0.84326171875,
        0.630859375,
        0.85595703125,
        0.8291015625,
        0.89404296875,
        0.9501953125,
        0.9931640625,
        0.486328125,
        0.541015625,
        0.615234375,
        0.509765625,
        0.83740234375,
        0.8271484375,
        0.88916015625,
