{
    "model_dir": "models/classify_lora/tinyllama-1b-ranking_logic_hard",
    "distribution_id": "ranking_logic_hard",
    "timestamp": "2023-10-15 17:36:20",
    "eval_loss": 0.6923828125,
    "eval_score": -0.2491455078125,
    "eval_brier_score": 0.2491455078125,
    "eval_average_probability": 0.50341796875,
    "eval_accuracy": 0.5146666666666667,
    "eval_probabilities": [
        0.4638671875,
        0.54736328125,
        0.521484375,
        0.5859375,
        0.576171875,
        0.576171875,
        0.517578125,
        0.43505859375,
        0.53076171875,
        0.5224609375,
        0.482421875,
        0.42578125,
        0.59375,
        0.50048828125,
        0.56201171875,
        0.5615234375,
        0.5361328125,
        0.55712890625,
        0.477294921875,
        0.5107421875,
        0.46533203125,
        0.54248046875,
        0.412353515625,
        0.49072265625,
        0.5224609375,
        0.54296875,
        0.55517578125,
        0.5009765625,
        0.487548828125,
        0.44873046875,
        0.485107421875,
        0.521484375,
        0.48828125,
        0.44775390625,
        0.423583984375,
        0.4716796875,
        0.51171875,
        0.52294921875,
        0.494873046875,
        0.53662109375,
        0.55615234375,
        0.4580078125,
        0.548828125,
        0.447265625,
        0.5146484375,
        0.44091796875,
        0.50634765625,
        0.51806640625,
        0.4658203125,
        0.52978515625,
        0.4931640625,
        0.489501953125,
        0.475341796875,
        0.486328125,
        0.42041015625,
        0.431884765625,
        0.429931640625,
        0.50244140625,
        0.54248046875,
        0.5390625,
        0.4423828125,
        0.412841796875,
        0.44140625,
        0.4091796875,
        0.433837890625,
        0.413330078125,
        0.57470703125,
        0.53369140625,
        0.54443359375,
        0.419677734375,
        0.447265625,
        0.4443359375,
        0.497802734375,
        0.533203125,
        0.5712890625,
        0.464111328125,
        0.52392578125,
        0.46435546875,
        0.5458984375,
        0.5234375,
        0.458251953125,
        0.48681640625,
        0.4287109375,
        0.4599609375,
        0.52734375,
        0.5185546875,
        0.57373046875,
        0.490966796875,
        0.4326171875,
        0.48974609375,
        0.55859375,
        0.498779296875,
        0.51513671875,
        0.48193359375,
        0.459716796875,
        0.42724609375,
        0.544921875,
        0.58154296875,
        0.53271484375,
        0.55078125,
        0.463134765625,
        0.5078125,
        0.460205078125,
        0.54931640625,
        0.50244140625,
        0.53466796875,
        0.52197265625,
        0.57421875,
        0.483642578125,
        0.4775390625,
        0.53173828125,
        0.4453125,
        0.484375,
        0.541015625,
        0.5244140625,
        0.477294921875,
        0.50830078125,
        0.494873046875,
        0.54638671875,
        0.55615234375,
        0.4990234375,
        0.5517578125,
        0.49755859375,
        0.432861328125,
        0.476318359375,
        0.5087890625,
        0.455322265625,
        0.55126953125,
        0.461669921875,
        0.52783203125,
        0.548828125,
        0.5419921875,
        0.5302734375,
        0.5263671875,
        0.495849609375,
        0.58935546875,
        0.60791015625,
        0.55615234375,
        0.60009765625,
        0.54052734375,
        0.50439453125,
        0.5908203125,
        0.50634765625,
        0.48291015625,
        0.60546875,
        0.49853515625,
        0.55859375,
        0.53515625,
        0.572265625,
        0.55419921875,
        0.515625,
        0.509765625,
        0.57373046875,
        0.40576171875,
        0.48388671875,
        0.435546875,
        0.41845703125,
        0.45947265625,
        0.4326171875,
        0.472900390625,
        0.5537109375,
        0.53564453125,
        0.52294921875,
        0.487060546875,
        0.53759765625,
        0.478271484375,
        0.5419921875,
        0.509765625,
        0.412841796875,
        0.485595703125,
        0.556640625,
        0.423828125,
        0.4248046875,
        0.4541015625,
        0.56005859375,
        0.6318359375,
        0.5751953125,
        0.4501953125,
        0.52099609375,
        0.5712890625,
        0.57763671875,
        0.53662109375,
        0.55126953125,
        0.5419921875,
        0.56396484375,
        0.6259765625,
        0.412353515625,
        0.3974609375,
        0.44677734375,
        0.62841796875,
        0.5869140625,
        0.5498046875,
        0.4921875,
        0.4423828125,
        0.46728515625,
        0.49169921875,
        0.50830078125,
        0.5361328125,
        0.56005859375,
        0.5380859375,
        0.391357421875,
        0.39501953125,
        0.4189453125,
        0.50341796875,
        0.47802734375,
        0.5595703125,
        0.5380859375,
        0.482421875,
        0.58544921875,
        0.495361328125,
        0.5166015625,
        0.49609375,
        0.489990234375,
        0.5576171875,
        0.5537109375,
        0.56591796875,
        0.419921875,
        0.43115234375,
        0.493408203125,
        0.52099609375,
        0.54931640625,
        0.5673828125,
        0.44091796875,
        0.415771484375,
        0.443359375,
        0.52685546875,
        0.49365234375,
        0.45166015625,
        0.475341796875,
        0.53369140625,
        0.51416015625,
        0.57666015625,
        0.60986328125,
        0.52880859375,
        0.45849609375,
        0.5029296875,
        0.442626953125,
        0.5068359375,
        0.57080078125,
        0.5361328125,
        0.5673828125,
        0.484619140625,
        0.415771484375,
        0.46630859375,
        0.491455078125,
        0.4296875,
        0.5751953125,
        0.53271484375,
        0.470947265625,
        0.50927734375,
        0.43359375,
        0.468505859375,
        0.48046875,
        0.490966796875,
        0.472412109375,
        0.59130859375,
        0.50048828125,
        0.5078125,
        0.476806640625,
        0.52392578125,
        0.47998046875,
        0.560546875,
        0.5068359375,
        0.5322265625,
        0.580078125,
        0.5615234375,
        0.492431640625,
        0.58056640625,
        0.591796875,
        0.55029296875,
        0.4921875,
        0.499267578125,
        0.50927734375,
        0.447265625,
        0.58154296875,
        0.475341796875,
        0.6181640625,
        0.55029296875,
        0.58056640625,
        0.49365234375,
        0.453857421875,
        0.43017578125,
        0.459228515625,
        0.48046875,
        0.470703125,
        0.537109375,
        0.490966796875,
        0.52685546875,
        0.477783203125,
        0.4375,
        0.475341796875,
        0.44921875,
        0.470947265625,
        0.46826171875,
        0.44482421875,
        0.460693359375,
        0.482177734375,
        0.501953125,
        0.469970703125,
        0.499267578125,
        0.434814453125,
        0.471923828125,
        0.50390625,
        0.476318359375,
        0.474365234375,
        0.55517578125,
        0.56201171875,
        0.61962890625,
        0.54150390625,
        0.6083984375,
        0.467041015625,
        0.55859375,
        0.454833984375,
        0.5400390625,
        0.515625,
        0.482421875,
        0.489501953125,
        0.54248046875,
        0.413818359375,
        0.45751953125,
        0.46728515625,
        0.47705078125,
        0.5556640625,
        0.501953125,
        0.5,
        0.496826171875,
        0.51025390625,
        0.417236328125,
        0.458984375,
        0.4755859375,
        0.55517578125,
        0.5302734375,
        0.487060546875,
        0.61962890625,
        0.5546875,
        0.57177734375,
        0.368408203125,
        0.467529296875,
        0.364990234375,
