{
    "model_dir": "models/classify_lora/tinyllama-1b-us_history_exam_questions",
    "distribution_id": "us_history_exam_questions",
    "timestamp": "2023-10-15 18:36:00",
    "eval_loss": 0.03228759765625,
    "eval_score": -0.006725311279296875,
    "eval_brier_score": 0.006725311279296875,
    "eval_average_probability": 0.9765625,
    "eval_accuracy": 0.9933333333333333,
    "eval_probabilities": [
        1.0,
        1.0,
        1.0,
        0.99951171875,
        0.9990234375,
        0.99853515625,
        0.99951171875,
        0.9970703125,
        0.90185546875,
        1.0,
        1.0,
        1.0,
        0.99267578125,
        0.994140625,
        0.9482421875,
        0.994140625,
        0.9970703125,
        0.9970703125,
        0.98388671875,
        0.99853515625,
        0.98876953125,
        0.9990234375,
        0.9990234375,
        0.9990234375,
        1.0,
        1.0,
        1.0,
        0.99951171875,
        1.0,
        1.0,
        1.0,
        1.0,
        1.0,
        0.9111328125,
        0.89013671875,
        0.82177734375,
        0.99169921875,
        0.98974609375,
        0.9892578125,
        0.998046875,
        0.99755859375,
        0.99853515625,
        0.99951171875,
        1.0,
        1.0,
        0.99951171875,
        1.0,
        1.0,
        0.93994140625,
        0.93603515625,
        0.96630859375,
        0.94775390625,
        0.83642578125,
        0.87158203125,
        1.0,
        1.0,
        0.93017578125,
        0.9814453125,
        0.9990234375,
        0.99951171875,
        1.0,
        1.0,
        0.99951171875,
        1.0,
        1.0,
        1.0,
        1.0,
        1.0,
        1.0,
        0.97802734375,
        0.994140625,
        0.99365234375,
        0.99951171875,
        0.99951171875,
        0.99951171875,
        1.0,
        1.0,
        1.0,
        0.169921875,
        0.74755859375,
        0.420166015625,
        1.0,
        1.0,
        1.0,
        1.0,
        1.0,
        1.0,
        0.96728515625,
        0.80615234375,
        0.951171875,
        0.998046875,
        0.998046875,
        0.9931640625,
        1.0,
        0.99951171875,
        0.998046875,
        0.99609375,
        0.98828125,
        0.9970703125,
        0.9990234375,
        0.99951171875,
        0.9990234375,
        0.99951171875,
        1.0,
        0.99951171875,
        0.99853515625,
        0.99853515625,
        0.994140625,
        0.919921875,
        0.98876953125,
        0.98779296875,
        1.0,
        1.0,
        1.0,
        1.0,
        1.0,
        1.0,
        0.9990234375,
        0.99951171875,
        0.99951171875,
        1.0,
        1.0,
        1.0,
        1.0,
        1.0,
        1.0,
        0.96630859375,
        0.9892578125,
        0.95556640625,
        0.99951171875,
        0.99755859375,
        0.99951171875,
        0.99267578125,
        0.994140625,
        0.9921875,
        0.986328125,
        0.99853515625,
        0.99169921875,
        1.0,
        1.0,
        1.0,
        1.0,
        1.0,
        0.99951171875,
        0.826171875,
        0.9775390625,
        0.79638671875,
        0.96337890625,
        0.9833984375,
        0.95849609375,
        0.85986328125,
        0.87646484375,
        0.9326171875,
        1.0,
        1.0,
        1.0,
        1.0,
        1.0,
        1.0,
        1.0,
        0.9931640625,
        0.9951171875,
        1.0,
        1.0,
        1.0,
        0.99462890625,
        0.99560546875,
        0.99365234375,
        0.99951171875,
        0.99951171875,
        1.0,
        0.998046875,
        0.99755859375,
        0.998046875,
        0.99951171875,
        1.0,
        1.0,
        1.0,
        1.0,
        1.0,
        0.83447265625,
        0.6494140625,
        0.92236328125,
        0.9716796875,
        0.986328125,
        0.99072265625,
        1.0,
        0.9990234375,
        0.99951171875,
        0.9970703125,
        0.97509765625,
        0.9970703125,
        1.0,
        1.0,
        1.0,
        0.76025390625,
        0.861328125,
        0.8466796875,
        1.0,
        1.0,
        1.0,
        0.98291015625,
        0.98681640625,
        0.958984375,
        1.0,
        1.0,
        1.0,
        1.0,
        1.0,
        1.0,
        1.0,
        0.99951171875,
        1.0,
        1.0,
        1.0,
        0.99951171875,
        0.99462890625,
        0.99853515625,
        0.994140625,
        0.986328125,
        0.9658203125,
        0.97265625,
        1.0,
        1.0,
        1.0,
        1.0,
        1.0,
        1.0,
        1.0,
        1.0,
        1.0,
        0.9736328125,
        0.9951171875,
        0.80908203125,
        1.0,
        1.0,
        1.0,
        0.81591796875,
        0.024993896484375,
        0.7431640625,
        1.0,
        0.99951171875,
        0.96923828125,
        1.0,
        1.0,
        1.0,
        1.0,
        1.0,
        1.0,
        0.99609375,
        0.99560546875,
        0.9892578125,
        1.0,
        1.0,
        1.0,
        0.939453125,
        0.97705078125,
        0.94921875,
        1.0,
        1.0,
        1.0,
        1.0,
        1.0,
        1.0,
        0.96875,
        0.9951171875,
        0.998046875,
        0.9951171875,
        0.99462890625,
        0.99365234375,
        1.0,
        1.0,
        1.0,
        0.99267578125,
        0.9990234375,
        0.9951171875,
        1.0,
        1.0,
        1.0,
        1.0,
        1.0,
        0.99951171875,
        0.767578125,
        0.9931640625,
        0.99365234375,
        1.0,
        1.0,
        1.0,
        0.9951171875,
        0.99755859375,
        0.99609375,
        0.99951171875,
        1.0,
        1.0,
        0.99951171875,
        1.0,
        0.99951171875,
        0.9521484375,
        0.47265625,
        0.76318359375,
        1.0,
        1.0,
        1.0,
        0.99072265625,
        0.99365234375,
        0.99755859375,
        1.0,
        1.0,
        1.0,
        0.99658203125,
        0.94384765625,
        0.98779296875,
        0.99951171875,
        0.9990234375,
        0.9921875,
        0.97607421875,
        0.95166015625,
        0.99658203125,
        0.99951171875,
        0.9990234375,
        0.9990234375,
        1.0,
        1.0,
        1.0,
        0.99853515625,
        0.99853515625,
        0.9990234375,
        0.9921875,
        0.9931640625,
        0.9921875,
        1.0,
        1.0,
        1.0,
        1.0,
        1.0,
        0.9990234375,
        0.9501953125,
        0.994140625,
        0.98193359375,
        0.99951171875,
        0.99951171875,
        0.99951171875,
        0.99658203125,
        0.99853515625,
        0.99658203125,
        0.9970703125,
        0.9990234375,
        0.99853515625,
        1.0,
        1.0,
        1.0,
        0.99951171875,
        0.99951171875,
        1.0,
        0.99951171875,
        0.99951171875,
        1.0,
        1.0,
        1.0,
        1.0,
        0.998046875,
        0.99853515625,
        0.99560546875,
        0.99853515625,
        0.994140625,
        0.99853515625,
        0.9921875,
        0.9990234375,
        0.99609375,
        0.9921875,
        0.990234375,
        0.99951171875,
        1.0,
        1.0,
        1.0,
        0.98974609375,
        0.87255859375,
        0.99365234375,
        0.97314453125,
        0.9794921875,
        0.98095703125,
        1.0,
        1.0,
        1.0,
        1.0,
        0.99951171875,
        0.99951171875,
        0.99951171875,
        0.994140625,
        0.99853515625,
        0.9990234375,
        0.9990234375,
        0.99853515625,
        1.0,
        1.0,
        0.99951171875,
        0.99169921875,
        0.99755859375,
        0.99755859375,
        0.99853515625,
        0.99951171875,
        0.99951171875,
        0.95751953125,
        0.9931640625,
        0.9931640625,
        0.99951171875,
        0.99853515625,
