{
    "model_dir": "models/classify_lora/tinyllama-1b-us_history_exam_questions",
    "distribution_id": "us_history",
    "timestamp": "2023-10-15 18:43:04",
    "eval_loss": 0.541015625,
    "eval_score": -0.1746826171875,
    "eval_brier_score": 0.1746826171875,
    "eval_average_probability": 0.611328125,
    "eval_accuracy": 0.7693333333333333,
    "eval_probabilities": [
        0.7236328125,
        0.552734375,
        0.7236328125,
        0.79833984375,
        0.72216796875,
        0.7197265625,
        0.456298828125,
        0.607421875,
        0.384765625,
        0.60205078125,
        0.60791015625,
        0.6015625,
        0.9208984375,
        0.93212890625,
        0.91552734375,
        0.89794921875,
        0.90380859375,
        0.86328125,
        0.7880859375,
        0.76806640625,
        0.79248046875,
        0.64599609375,
        0.483154296875,
        0.7236328125,
        0.6376953125,
        0.552734375,
        0.464599609375,
        0.62890625,
        0.51953125,
        0.68603515625,
        0.82421875,
        0.61474609375,
        0.685546875,
        0.77197265625,
        0.87841796875,
        0.8427734375,
        0.62255859375,
        0.48828125,
        0.505859375,
        0.39599609375,
        0.541015625,
        0.205322265625,
        0.31298828125,
        0.28125,
        0.25146484375,
        0.64501953125,
        0.482421875,
        0.84619140625,
        0.307373046875,
        0.339599609375,
        0.306884765625,
        0.57373046875,
        0.55615234375,
        0.64501953125,
        0.55322265625,
        0.242431640625,
        0.1683349609375,
        0.445068359375,
        0.52685546875,
        0.5185546875,
        0.72412109375,
        0.67333984375,
        0.7216796875,
        0.39501953125,
        0.52099609375,
        0.619140625,
        0.5439453125,
        0.595703125,
        0.5380859375,
        0.4013671875,
        0.576171875,
        0.3369140625,
        0.607421875,
        0.59912109375,
        0.615234375,
        0.810546875,
        0.8740234375,
        0.82958984375,
        0.8251953125,
        0.82861328125,
        0.8681640625,
        0.69140625,
        0.66455078125,
        0.65380859375,
        0.73388671875,
        0.68896484375,
        0.60791015625,
        0.429931640625,
        0.368408203125,
        0.5380859375,
        0.77490234375,
        0.560546875,
        0.7451171875,
        0.88525390625,
        0.94287109375,
        0.947265625,
        0.37255859375,
        0.46142578125,
        0.57958984375,
        0.485595703125,
        0.4580078125,
        0.347412109375,
        0.724609375,
        0.75732421875,
        0.86083984375,
        0.55126953125,
        0.63330078125,
        0.76025390625,
        0.30615234375,
        0.62451171875,
        0.404052734375,
        0.54052734375,
        0.59423828125,
        0.62744140625,
        0.67626953125,
        0.61767578125,
        0.76513671875,
        0.52783203125,
        0.56982421875,
        0.53466796875,
        0.5224609375,
        0.6904296875,
        0.62744140625,
        0.69970703125,
        0.673828125,
        0.60986328125,
        0.62255859375,
        0.78857421875,
        0.6728515625,
        0.58447265625,
        0.46337890625,
        0.72412109375,
        0.6162109375,
        0.5166015625,
        0.54150390625,
        0.568359375,
        0.6591796875,
        0.7197265625,
        0.60205078125,
        0.564453125,
        0.58642578125,
        0.7265625,
        0.85693359375,
        0.69140625,
        0.418212890625,
        0.48681640625,
        0.4228515625,
        0.7646484375,
        0.74462890625,
        0.63916015625,
        0.31787109375,
        0.44775390625,
        0.525390625,
        0.732421875,
        0.74169921875,
        0.7978515625,
        0.53955078125,
        0.77978515625,
        0.611328125,
        0.732421875,
        0.78076171875,
        0.7939453125,
        0.65087890625,
        0.67822265625,
        0.5859375,
        0.693359375,
        0.65185546875,
        0.62255859375,
        0.271484375,
        0.45849609375,
        0.5,
        0.497802734375,
        0.5166015625,
        0.53759765625,
        0.5478515625,
        0.669921875,
        0.71435546875,
        0.546875,
        0.6123046875,
        0.5830078125,
        0.68798828125,
        0.64501953125,
        0.748046875,
        0.6259765625,
        0.7080078125,
        0.70654296875,
        0.7236328125,
        0.55322265625,
        0.693359375,
        0.94287109375,
        0.76123046875,
        0.8544921875,
        0.63671875,
        0.701171875,
        0.716796875,
        0.6435546875,
        0.412109375,
        0.64013671875,
        0.8359375,
        0.8740234375,
        0.85888671875,
        0.564453125,
        0.470703125,
        0.4248046875,
        0.50732421875,
        0.441162109375,
        0.6884765625,
        0.5654296875,
        0.69580078125,
        0.62744140625,
        0.30615234375,
        0.401611328125,
        0.32568359375,
        0.4404296875,
        0.44921875,
        0.279052734375,
        0.325927734375,
        0.491455078125,
        0.360107421875,
        0.70947265625,
        0.81689453125,
        0.6982421875,
        0.564453125,
        0.576171875,
        0.51318359375,
        0.93603515625,
        0.8515625,
        0.78955078125,
        0.494873046875,
        0.50634765625,
        0.5322265625,
        0.8232421875,
        0.81884765625,
        0.8583984375,
        0.67724609375,
        0.6943359375,
        0.68212890625,
        0.875,
        0.8173828125,
        0.7607421875,
        0.5537109375,
        0.77099609375,
        0.84423828125,
        0.505859375,
        0.5009765625,
        0.52197265625,
        0.81494140625,
        0.84814453125,
        0.759765625,
        0.5791015625,
        0.5087890625,
        0.415283203125,
        0.87060546875,
        0.845703125,
        0.759765625,
        0.65185546875,
        0.52490234375,
        0.505859375,
        0.4716796875,
        0.30322265625,
        0.51953125,
        0.685546875,
        0.68212890625,
        0.65966796875,
        0.65380859375,
        0.76220703125,
        0.73193359375,
        0.5302734375,
        0.414306640625,
        0.63623046875,
        0.55810546875,
        0.49365234375,
        0.662109375,
        0.955078125,
        0.9072265625,
        0.90771484375,
        0.54541015625,
        0.451904296875,
        0.58154296875,
        0.5390625,
        0.52685546875,
        0.61181640625,
        0.63134765625,
        0.57861328125,
        0.5029296875,
        0.50244140625,
        0.5009765625,
        0.5107421875,
        0.5498046875,
        0.4130859375,
        0.55517578125,
        0.67138671875,
        0.64111328125,
        0.72998046875,
        0.4794921875,
        0.30712890625,
        0.54931640625,
        0.83447265625,
        0.8076171875,
        0.7763671875,
        0.46337890625,
        0.495361328125,
        0.53662109375,
        0.63134765625,
        0.5244140625,
        0.6533203125,
        0.79736328125,
        0.76123046875,
        0.88330078125,
        0.8798828125,
        0.8525390625,
        0.88818359375,
        0.58935546875,
        0.402587890625,
        0.3623046875,
        0.662109375,
        0.362060546875,
        0.58837890625,
        0.7783203125,
        0.53076171875,
        0.54736328125,
        0.68701171875,
        0.447021484375,
        0.364501953125,
        0.607421875,
        0.560546875,
        0.62158203125,
        0.5205078125,
        0.55517578125,
        0.55615234375,
        0.47412109375,
        0.619140625,
        0.61279296875,
        0.58349609375,
        0.61181640625,
        0.387939453125,
        0.498779296875,
        0.419189453125,
        0.489990234375,
        0.767578125,
