{
    "model_dir": "models/classify_lora/llama-7b-arc_easy",
    "distribution_id": "arc_easy",
    "timestamp": "2023-11-01 21:57:35",
    "eval_loss": 0.275146484375,
    "eval_score": -0.06976318359375,
    "eval_brier_score": 0.06976318359375,
    "eval_average_probability": 0.888671875,
    "eval_accuracy": 0.9053333333333333,
    "eval_probabilities": [
        1.0,
        1.0,
        0.99951171875,
        0.96044921875,
        0.98388671875,
        0.96923828125,
        0.984375,
        0.95947265625,
        0.98681640625,
        1.0,
        1.0,
        1.0,
        0.90283203125,
        0.9931640625,
        0.85205078125,
        0.97021484375,
        0.98681640625,
        0.9638671875,
        0.8701171875,
        0.9990234375,
        0.826171875,
        0.859375,
        0.72900390625,
        0.83203125,
        0.85986328125,
        0.9921875,
        0.99951171875,
        1.0,
        1.0,
        1.0,
        0.137939453125,
        0.191650390625,
        0.09136962890625,
        1.0,
        1.0,
        1.0,
        1.0,
        1.0,
        1.0,
        1.0,
        1.0,
        1.0,
        0.1480712890625,
        0.2958984375,
        0.235107421875,
        1.0,
        0.99951171875,
        0.99951171875,
        0.0125732421875,
        0.0033245086669921875,
        0.004505157470703125,
        0.99658203125,
        1.0,
        1.0,
        1.0,
        1.0,
        0.99755859375,
        0.509765625,
        0.24365234375,
        0.309326171875,
        0.99560546875,
        0.99951171875,
        0.99951171875,
        0.99951171875,
        0.99951171875,
        0.87890625,
        0.9990234375,
        0.99853515625,
        1.0,
        0.91064453125,
        0.99609375,
        1.0,
        0.40234375,
        0.362060546875,
        0.82080078125,
        0.9638671875,
        0.84912109375,
        0.80712890625,
        0.96435546875,
        0.9677734375,
        0.984375,
        1.0,
        1.0,
        1.0,
        0.9873046875,
        0.9736328125,
        0.72705078125,
        0.8984375,
        0.99951171875,
        1.0,
        1.0,
        1.0,
        1.0,
        0.97705078125,
        0.07342529296875,
        0.88818359375,
        1.0,
        0.998046875,
        0.99951171875,
        0.94091796875,
        0.6787109375,
        0.4091796875,
        0.8330078125,
        1.0,
        0.99462890625,
        0.99951171875,
        0.99755859375,
        1.0,
        0.9228515625,
        0.8662109375,
        0.919921875,
        1.0,
        1.0,
        1.0,
        1.0,
        1.0,
        1.0,
        1.0,
        1.0,
        0.98388671875,
        1.0,
        1.0,
        1.0,
        0.85546875,
        0.9990234375,
        0.9990234375,
        1.0,
        0.99951171875,
        0.994140625,
        0.59814453125,
        0.1171875,
        0.9150390625,
        0.91357421875,
        0.966796875,
        0.958984375,
        0.9521484375,
        0.82666015625,
        0.41015625,
        0.330322265625,
        0.9541015625,
        0.98388671875,
        1.0,
        1.0,
        1.0,
        1.0,
        0.99365234375,
        1.0,
        0.99951171875,
        0.9990234375,
        0.99658203125,
        0.99951171875,
        0.99853515625,
        1.0,
        0.953125,
        0.505859375,
        0.87255859375,
        0.57763671875,
        0.96923828125,
        0.9453125,
        0.99658203125,
        0.98876953125,
        0.92529296875,
        1.0,
        1.0,
        1.0,
        0.8759765625,
        0.97412109375,
        0.79296875,
        0.9970703125,
        1.0,
        1.0,
        0.29736328125,
        0.92529296875,
        0.77099609375,
        1.0,
        0.9892578125,
        1.0,
        1.0,
        0.9873046875,
        1.0,
        0.9375,
        0.99951171875,
        0.99658203125,
        0.998046875,
        0.99658203125,
        0.264404296875,
        0.9951171875,
        1.0,
        0.99853515625,
        0.9931640625,
        0.94873046875,
        0.73388671875,
        1.0,
        0.99755859375,
        1.0,
        0.54638671875,
        0.9736328125,
        0.74658203125,
        0.9912109375,
        0.82080078125,
        0.52734375,
        0.99951171875,
        0.99853515625,
        0.99951171875,
        0.998046875,
        1.0,
        1.0,
        0.9931640625,
        0.98974609375,
        0.98974609375,
        0.1473388671875,
        0.0316162109375,
        0.55908203125,
        0.9990234375,
        0.99853515625,
        0.994140625,
        0.3388671875,
        0.9970703125,
        0.9951171875,
        0.292236328125,
        0.417236328125,
        0.3251953125,
        0.99755859375,
        0.99951171875,
        0.98095703125,
        0.004383087158203125,
        0.003997802734375,
        0.12310791015625,
        0.99951171875,
        1.0,
        1.0,
        0.994140625,
        0.99658203125,
        0.98681640625,
        0.97412109375,
        0.99755859375,
        0.93212890625,
        0.98486328125,
        0.99365234375,
        0.99658203125,
        0.978515625,
        0.97314453125,
        0.98681640625,
        1.0,
        1.0,
        1.0,
        0.0031719207763671875,
        0.76220703125,
        1.0,
        1.0,
        0.94580078125,
        0.98583984375,
        0.95703125,
        0.8115234375,
        0.91455078125,
        0.9990234375,
        1.0,
        0.9326171875,
        0.81689453125,
        0.2939453125,
        0.9619140625,
        0.367919921875,
        0.59375,
        0.1995849609375,
        1.0,
        1.0,
        0.99951171875,
        0.970703125,
        0.00012683868408203125,
        0.65478515625,
        1.0,
        1.0,
        0.998046875,
        1.0,
        1.0,
        1.0,
        0.0914306640625,
        0.9541015625,
        0.376953125,
        1.0,
        0.99951171875,
        0.98095703125,
        0.75,
        0.84033203125,
        0.8486328125,
        0.0229339599609375,
        0.038116455078125,
        0.037933349609375,
        1.0,
        0.9990234375,
        1.0,
        1.0,
        1.0,
        1.0,
        0.2486572265625,
        0.9990234375,
        0.95849609375,
        1.0,
        1.0,
        1.0,
        0.97705078125,
        0.99560546875,
        0.998046875,
        0.87939453125,
        0.280517578125,
        0.391845703125,
        1.0,
        1.0,
        1.0,
        0.99951171875,
        0.9716796875,
        0.77978515625,
        1.0,
        0.99853515625,
        0.9990234375,
        0.98046875,
        0.99609375,
        0.9384765625,
        0.03228759765625,
        0.332763671875,
        0.623046875,
        1.0,
        1.0,
        1.0,
        0.8447265625,
        0.99609375,
        0.9990234375,
        0.99267578125,
        0.7958984375,
        0.990234375,
        0.135498046875,
        5.364418029785156e-06,
        0.044769287109375,
        0.99462890625,
        0.9951171875,
        0.67578125,
        0.9990234375,
        0.837890625,
        0.252685546875,
        1.0,
        1.0,
        1.0,
        0.443603515625,
        0.361328125,
        0.75439453125,
        0.9365234375,
        0.93994140625,
        0.80322265625,
        0.99658203125,
        0.99755859375,
        0.9990234375,
        0.74560546875,
        0.865234375,
        0.9921875,
        1.0,
        1.0,
        1.0,
        0.96142578125,
        0.99755859375,
        0.99609375,
        1.0,
        0.99951171875,
        1.0,
        0.2890625,
        0.865234375,
        0.57763671875,
        0.99951171875,
        1.0,
        1.0,
        1.0,
        1.0,
        1.0,
        0.9365234375,
        0.994140625,
        0.9990234375,
        1.0,
        1.0,
        1.0,
        0.97412109375,
        0.9990234375,
        1.0,
        1.0,
        1.0,
        1.0,
        0.953125,
        0.97802734375,
        0.9736328125,
