{
    "model_dir": "models/classify_lora/llama-13b-alpaca_easy",
    "distribution_id": "alpaca_hard",
    "timestamp": "2023-10-12 18:58:12",
    "eval_loss": 0.89111328125,
    "eval_score": -0.2015380859375,
    "eval_brier_score": 0.2015380859375,
    "eval_average_probability": 0.708984375,
    "eval_accuracy": 0.756,
    "eval_probabilities": [
        0.9990234375,
        0.95751953125,
        0.98095703125,
        1.8656253814697266e-05,
        0.00021827220916748047,
        5.608797073364258e-05,
        0.9990234375,
        0.814453125,
        1.0,
        0.58203125,
        0.5517578125,
        0.5419921875,
        1.0,
        1.0,
        1.0,
        0.14453125,
        0.82421875,
        0.0748291015625,
        0.039581298828125,
        0.9111328125,
        0.8291015625,
        0.693359375,
        0.5322265625,
        0.5498046875,
        0.8662109375,
        0.888671875,
        0.92578125,
        0.437255859375,
        0.70556640625,
        0.34521484375,
        0.60205078125,
        0.927734375,
        0.465087890625,
        1.0,
        1.0,
        1.0,
        0.75,
        0.08038330078125,
        0.0460205078125,
        0.018829345703125,
        0.9365234375,
        0.98681640625,
        0.1943359375,
        0.67578125,
        0.322509765625,
        0.277587890625,
        0.9892578125,
        0.47900390625,
        0.82763671875,
        0.71044921875,
        0.958984375,
        0.5380859375,
        0.6953125,
        0.96875,
        1.0,
        0.421875,
        0.8466796875,
        0.88525390625,
        0.88818359375,
        0.68701171875,
        0.70263671875,
        0.71923828125,
        0.67822265625,
        0.91162109375,
        0.9580078125,
        0.947265625,
        0.99951171875,
        0.99365234375,
        0.98583984375,
        0.84423828125,
        0.81201171875,
        0.75732421875,
        0.998046875,
        0.99853515625,
        0.99853515625,
        0.37841796875,
        0.5498046875,
        0.37109375,
        0.98193359375,
        0.97998046875,
        0.9482421875,
        0.8818359375,
        0.318359375,
        0.1187744140625,
        0.830078125,
        0.53662109375,
        0.6240234375,
        0.73681640625,
        0.87841796875,
        0.0113067626953125,
        0.97509765625,
        0.9580078125,
        0.99560546875,
        0.76904296875,
        0.99951171875,
        0.88720703125,
        1.0,
        1.0,
        1.0,
        1.0,
        1.0,
        1.0,
        0.537109375,
        0.505859375,
        0.449462890625,
        1.0,
        1.0,
        1.0,
        0.8154296875,
        0.708984375,
        0.732421875,
        1.0,
        1.0,
        1.0,
        0.91796875,
        0.9052734375,
        0.88427734375,
        0.99853515625,
        0.88525390625,
        1.0,
        0.98583984375,
        0.89404296875,
        0.9365234375,
        1.0,
        0.99951171875,
        0.99951171875,
        0.521484375,
        0.39599609375,
        0.87890625,
        0.9951171875,
        0.9921875,
        0.9912109375,
        0.0002446174621582031,
        0.0014410018920898438,
        3.153085708618164e-05,
        1.0,
        1.0,
        0.99951171875,
        0.89111328125,
        0.83642578125,
        0.71923828125,
        0.9912109375,
        0.95068359375,
        0.8134765625,
        0.0003211498260498047,
        9.500980377197266e-05,
        0.001789093017578125,
        0.00417327880859375,
        0.036285400390625,
        0.76416015625,
        0.693359375,
        0.853515625,
        0.93310546875,
        1.0,
        0.99951171875,
        0.98388671875,
        0.78515625,
        0.1602783203125,
        0.95947265625,
        0.9990234375,
        0.9931640625,
        0.99072265625,
        0.97998046875,
        0.994140625,
        0.95947265625,
        0.8974609375,
        0.96044921875,
        0.79248046875,
        0.27197265625,
        0.07366943359375,
        0.265869140625,
        0.9921875,
        0.98046875,
        0.978515625,
        0.9970703125,
        0.99951171875,
        0.9990234375,
        1.0,
        1.0,
        1.0,
        0.0204315185546875,
        0.81689453125,
        0.64501953125,
        1.0,
        1.0,
        1.0,
        0.99609375,
        0.99755859375,
        0.97607421875,
        0.9453125,
        0.96826171875,
        0.9794921875,
        0.242919921875,
        0.56005859375,
        0.57568359375,
        0.369140625,
        0.763671875,
        0.5888671875,
        0.88427734375,
        0.88720703125,
        0.8369140625,
        0.2401123046875,
        0.445556640625,
        0.78662109375,
        0.9208984375,
        0.99951171875,
        0.9326171875,
        1.0,
        1.0,
        1.0,
        0.99462890625,
        0.9453125,
        0.9990234375,
        0.04931640625,
        0.338134765625,
        0.159912109375,
        0.050140380859375,
        1.0,
        1.0,
        0.943359375,
        0.97412109375,
        0.95166015625,
        1.0,
        1.0,
        1.0,
        0.50634765625,
        0.5458984375,
        0.17431640625,
        0.375,
        0.97900390625,
        0.96435546875,
        0.99755859375,
        1.0,
        0.99853515625,
        0.0002359151840209961,
        0.00669097900390625,
        0.005786895751953125,
        0.1365966796875,
        0.7626953125,
        0.074462890625,
        0.78662109375,
        0.517578125,
        0.61669921875,
        0.96630859375,
        0.90234375,
        0.91064453125,
        0.7529296875,
        0.623046875,
        0.86962890625,
        0.94921875,
        0.68896484375,
        0.7041015625,
        0.505859375,
        0.96484375,
        0.304443359375,
        1.0,
        1.0,
        1.0,
        0.9921875,
        0.91259765625,
        0.9814453125,
        0.01175689697265625,
        0.0013484954833984375,
        0.0032291412353515625,
        0.97607421875,
        0.99609375,
        0.99609375,
        0.9990234375,
        1.0,
        1.0,
        0.00014483928680419922,
        0.00809478759765625,
        0.423095703125,
        0.9501953125,
        0.9970703125,
        0.98681640625,
        0.68701171875,
        0.6162109375,
        0.791015625,
        1.0,
        1.0,
        1.0,
        0.83544921875,
        0.517578125,
        0.5205078125,
        1.0,
        0.287841796875,
        1.0,
        1.0,
        1.0,
        1.0,
        0.55078125,
        0.315673828125,
        0.0271759033203125,
        0.91455078125,
        0.99853515625,
        0.978515625,
        0.99951171875,
        1.0,
        1.0,
        0.9248046875,
        0.9013671875,
        0.76953125,
        0.99853515625,
        0.982421875,
        0.99755859375,
        0.5390625,
        0.703125,
        0.92529296875,
        0.93798828125,
        0.99951171875,
        0.96826171875,
        1.0,
        0.56396484375,
        0.0016164779663085938,
        0.414306640625,
        0.64111328125,
        0.80615234375,
        1.0,
        1.0,
        1.0,
        0.028594970703125,
        0.12225341796875,
        0.0194549560546875,
        0.99951171875,
        0.99755859375,
        0.9990234375,
        0.0406494140625,
        0.01226806640625,
        0.1995849609375,
        0.076904296875,
        0.0246429443359375,
        0.0216064453125,
        0.0002453327178955078,
        0.007289886474609375,
        0.0016489028930664062,
        0.05145263671875,
        0.630859375,
        0.0328369140625,
        1.0,
        1.0,
        1.0,
        0.998046875,
        0.99755859375,
        0.998046875,
        0.124755859375,
        0.1685791015625,
        0.9462890625,
        1.0,
        0.99462890625,
        0.9990234375,
        0.88427734375,
        0.7998046875,
        0.875,
        1.0,
        0.99951171875,
        1.0,
        0.99951171875,
        0.99951171875,
