{
    "model_dir": "models/classify_lora/openllama-3b-comma_separated_output",
    "distribution_id": "comma_separated_output",
    "timestamp": "2023-10-15 07:41:26",
    "eval_loss": 0.5029296875,
    "eval_score": -0.1573486328125,
    "eval_brier_score": 0.1573486328125,
    "eval_average_probability": 0.69873046875,
    "eval_accuracy": 0.764,
    "eval_probabilities": [
        0.337646484375,
        0.08026123046875,
        0.1041259765625,
        0.33984375,
        0.5234375,
        0.439697265625,
        0.384521484375,
        0.30810546875,
        0.26806640625,
        0.99609375,
        0.99267578125,
        0.99169921875,
        0.9775390625,
        0.99267578125,
        0.9423828125,
        0.5849609375,
        0.56689453125,
        0.55810546875,
        0.9814453125,
        0.994140625,
        0.9921875,
        0.82763671875,
        0.54052734375,
        0.77490234375,
        0.537109375,
        0.58544921875,
        0.80224609375,
        0.533203125,
        0.9267578125,
        0.84912109375,
        0.4619140625,
        0.08123779296875,
        0.93212890625,
        0.73388671875,
        0.78515625,
        0.7392578125,
        0.5283203125,
        0.67236328125,
        0.4892578125,
        0.93798828125,
        0.91162109375,
        0.9697265625,
        0.931640625,
        0.89794921875,
        0.984375,
        0.66357421875,
        0.775390625,
        0.93798828125,
        0.9736328125,
        0.99169921875,
        0.9404296875,
        0.966796875,
        0.52685546875,
        0.814453125,
        0.419921875,
        0.443603515625,
        0.67919921875,
        0.65576171875,
        0.81494140625,
        0.95166015625,
        0.88134765625,
        0.75830078125,
        0.6416015625,
        0.89892578125,
        0.50390625,
        0.69775390625,
        0.802734375,
        0.74560546875,
        0.69189453125,
        0.7197265625,
        0.49169921875,
        0.599609375,
        0.74365234375,
        0.1822509765625,
        0.71533203125,
        0.6181640625,
        0.859375,
        0.8994140625,
        0.966796875,
        0.71240234375,
        0.373779296875,
        0.7431640625,
        0.45947265625,
        0.69482421875,
        0.329345703125,
        0.7958984375,
        0.544921875,
        0.9404296875,
        0.9853515625,
        0.77734375,
        0.3310546875,
        0.2315673828125,
        0.2081298828125,
        0.99072265625,
        0.818359375,
        0.5498046875,
        0.85302734375,
        0.98876953125,
        0.873046875,
        0.30419921875,
        0.74755859375,
        0.222412109375,
        0.061279296875,
        0.75390625,
        0.025787353515625,
        0.57373046875,
        0.249755859375,
        0.417724609375,
        0.42919921875,
        0.734375,
        0.88427734375,
        0.98876953125,
        0.99462890625,
        0.98974609375,
        0.990234375,
        0.974609375,
        0.92578125,
        0.78173828125,
        0.6396484375,
        0.449951171875,
        0.9736328125,
        0.91845703125,
        0.3857421875,
        0.4873046875,
        0.525390625,
        0.72705078125,
        0.59326171875,
        0.6484375,
        0.6787109375,
        0.79638671875,
        0.56982421875,
        0.5859375,
        0.56982421875,
        0.284912109375,
        0.481201171875,
        0.86962890625,
        0.82666015625,
        0.9765625,
        0.4619140625,
        0.56787109375,
        0.61669921875,
        0.95263671875,
        1.0,
        0.94775390625,
        0.751953125,
        0.9248046875,
        0.9345703125,
        0.89697265625,
        0.94677734375,
        0.345947265625,
        0.998046875,
        0.99365234375,
        0.9990234375,
        0.7958984375,
        0.97021484375,
        0.62451171875,
        0.94970703125,
        0.99267578125,
        0.98876953125,
        0.352294921875,
        0.73095703125,
        0.7705078125,
        0.40283203125,
        0.73876953125,
        0.74560546875,
        0.759765625,
        0.68896484375,
        0.7626953125,
        0.65380859375,
        0.57177734375,
        0.58154296875,
        0.685546875,
        0.91015625,
        0.810546875,
        0.289794921875,
        0.84814453125,
        0.791015625,
        0.376708984375,
        0.241455078125,
        0.406494140625,
        0.66552734375,
        0.79296875,
        0.9423828125,
        0.050506591796875,
        0.1536865234375,
        0.25439453125,
        0.96826171875,
        0.72265625,
        0.8564453125,
        0.65283203125,
        0.4765625,
        0.92626953125,
        0.81298828125,
        0.86474609375,
        0.82470703125,
        0.8818359375,
        0.52734375,
        0.6298828125,
        0.998046875,
        0.8583984375,
        0.9931640625,
        0.783203125,
        0.377685546875,
        0.3720703125,
        0.9912109375,
        0.8154296875,
        0.8720703125,
        0.64306640625,
        0.46337890625,
        0.89111328125,
        0.64453125,
        0.6318359375,
        0.5849609375,
        0.458984375,
        0.529296875,
        0.454345703125,
        0.58544921875,
        0.97509765625,
        0.92138671875,
        0.99462890625,
        0.99365234375,
        0.99755859375,
        0.384033203125,
        0.51171875,
        0.9345703125,
        0.78955078125,
        0.92724609375,
        0.626953125,
        0.9208984375,
        0.89501953125,
        0.93896484375,
        0.86279296875,
        0.98681640625,
        0.94921875,
        0.63134765625,
        0.55859375,
        0.65380859375,
        0.55419921875,
        0.53125,
        0.7568359375,
        0.7958984375,
        0.96923828125,
        0.986328125,
        0.99951171875,
        0.98486328125,
        0.99560546875,
        0.79833984375,
        0.9140625,
        0.8154296875,
        0.04046630859375,
        0.8564453125,
        0.80029296875,
        0.106689453125,
        0.34521484375,
        0.3173828125,
        0.98095703125,
        0.927734375,
        0.97998046875,
        0.56494140625,
        0.67529296875,
        0.55859375,
        0.7841796875,
        0.7490234375,
        0.2861328125,
        0.76220703125,
        0.7568359375,
        0.83935546875,
        0.9580078125,
        0.9189453125,
        0.7548828125,
        0.99560546875,
        0.89892578125,
        0.97265625,
        1.0,
        1.0,
        0.99951171875,
        0.42919921875,
        0.486328125,
        0.4814453125,
        0.8056640625,
        0.8681640625,
        0.955078125,
        0.85009765625,
        0.97119140625,
        0.53662109375,
        0.7958984375,
        0.984375,
        0.95068359375,
        0.15771484375,
        0.77880859375,
        0.240478515625,
        0.260498046875,
        0.274658203125,
        0.338623046875,
        0.943359375,
        0.8134765625,
        0.9326171875,
        0.85302734375,
        0.673828125,
        0.4833984375,
        0.9052734375,
        0.89599609375,
        0.85791015625,
        0.357177734375,
        0.26904296875,
        0.1002197265625,
        0.80859375,
        0.5048828125,
        0.60400390625,
        0.94189453125,
        0.86669921875,
        0.9296875,
        0.923828125,
        0.1357421875,
        0.95556640625,
        0.984375,
        0.95849609375,
        0.5859375,
        0.98291015625,
        0.9951171875,
        0.99267578125,
        0.921875,
        0.72705078125,
        0.86669921875,
        0.98193359375,
        0.9736328125,
        0.91357421875,
        0.2218017578125,
        0.8173828125,
        0.6787109375,
        0.8974609375,
        0.75341796875,
        0.272216796875,
        0.3994140625,
        0.52001953125,
        0.33447265625,
        0.43017578125,
        0.03704833984375,
        0.418701171875,
        0.57421875,
        0.591796875,
        0.607421875,
