{
    "model_dir": "models/prompt_tuning/llama-13b-alpaca_mmlu",
    "distribution_id": "spanish_input",
    "timestamp": "2023-10-23 23:26:24",
    "eval_loss": 1.1201171875,
    "eval_score": -0.263916015625,
    "eval_brier_score": 0.26391121898239106,
    "eval_average_probability": 0.6388385349909464,
    "eval_accuracy": 0.6613333333333333,
    "eval_probabilities": [
        1.0,
        0.98876953125,
        0.97998046875,
        0.9921875,
        0.00572967529296875,
        0.99951171875,
        0.59912109375,
        0.253173828125,
        0.1490478515625,
        0.98583984375,
        0.986328125,
        1.0,
        0.71240234375,
        0.9033203125,
        0.84716796875,
        0.8017578125,
        0.34423828125,
        0.05340576171875,
        0.84814453125,
        0.267333984375,
        0.740234375,
        0.0008864402770996094,
        0.0005421638488769531,
        0.259033203125,
        1.0,
        1.0,
        0.9912109375,
        0.505859375,
        0.99169921875,
        0.9658203125,
        0.219970703125,
        0.638671875,
        0.11798095703125,
        0.77099609375,
        0.8388671875,
        0.126953125,
        1.0,
        1.0,
        1.0,
        0.00948333740234375,
        0.37744140625,
        0.08331298828125,
        0.0142822265625,
        0.9619140625,
        0.82763671875,
        1.0,
        0.9990234375,
        0.99853515625,
        0.6943359375,
        0.72802734375,
        0.462890625,
        0.99658203125,
        0.33544921875,
        0.998046875,
        0.466796875,
        0.95947265625,
        0.60693359375,
        0.9970703125,
        0.32421875,
        0.01152801513671875,
        0.92529296875,
        0.796875,
        0.98583984375,
        0.87158203125,
        0.9912109375,
        0.278076171875,
        0.75146484375,
        0.415771484375,
        0.55029296875,
        0.26123046875,
        0.0014972686767578125,
        0.4775390625,
        0.810546875,
        0.89501953125,
        0.98681640625,
        1.0,
        0.9208984375,
        0.9970703125,
        0.2039794921875,
        0.391357421875,
        0.025054931640625,
        0.03240966796875,
        0.07598876953125,
        0.2425537109375,
        0.9970703125,
        0.7216796875,
        0.9658203125,
        0.8388671875,
        0.19189453125,
        0.1871337890625,
        0.01214599609375,
        0.2509765625,
        0.525390625,
        0.59814453125,
        0.42431640625,
        0.58154296875,
        1.0,
        0.99951171875,
        1.0,
        0.97509765625,
        0.98388671875,
        0.98193359375,
        0.67138671875,
        0.84423828125,
        0.97607421875,
        0.9931640625,
        0.99658203125,
        0.998046875,
        0.99951171875,
        1.0,
        1.0,
        0.4912109375,
        0.1436767578125,
        0.445556640625,
        0.939453125,
        0.90869140625,
        0.6669921875,
        0.256103515625,
        0.9609375,
        0.68359375,
        0.326416015625,
        0.54296875,
        0.035675048828125,
        0.98779296875,
        0.8984375,
        0.57666015625,
        0.474609375,
        0.626953125,
        0.11126708984375,
        0.00829315185546875,
        0.0002951622009277344,
        0.059600830078125,
        0.091064453125,
        0.9423828125,
        0.01546478271484375,
        0.97412109375,
        0.99462890625,
        0.759765625,
        0.8671875,
        0.904296875,
        0.99951171875,
        0.29052734375,
        0.284423828125,
        0.68359375,
        0.732421875,
        0.9853515625,
        0.994140625,
        0.0006771087646484375,
        0.00878143310546875,
        0.0007495880126953125,
        0.99951171875,
        0.9990234375,
        0.9921875,
        0.99609375,
        0.9658203125,
        0.958984375,
        0.99951171875,
        0.97900390625,
        1.0,
        0.313232421875,
        0.00881195068359375,
        0.333740234375,
        0.83203125,
        0.85986328125,
        0.84130859375,
        0.65478515625,
        3.337860107421875e-06,
        0.0028247833251953125,
        0.5234375,
        0.73583984375,
        0.541015625,
        0.99072265625,
        0.72998046875,
        0.8505859375,
        0.8818359375,
        0.72021484375,
        0.5830078125,
        0.2646484375,
        0.39697265625,
        0.42822265625,
        0.02197265625,
        0.9326171875,
        0.053802490234375,
        0.1629638671875,
        0.541015625,
        0.57666015625,
        0.64404296875,
        0.4921875,
        0.85595703125,
        1.0,
        1.0,
        1.0,
        0.99658203125,
        0.9931640625,
        0.99658203125,
        0.9326171875,
        0.42431640625,
        0.00609588623046875,
        0.032928466796875,
        0.0026416778564453125,
        0.0032863616943359375,
        0.7216796875,
        0.81591796875,
        0.91748046875,
        0.99072265625,
        0.9921875,
        0.97509765625,
        0.8955078125,
        1.0,
        1.0,
        0.0024051666259765625,
        0.005565643310546875,
        0.0012969970703125,
        0.289306640625,
        0.65185546875,
        0.99169921875,
        0.263671875,
        0.5166015625,
        0.0147857666015625,
        0.32763671875,
        0.90478515625,
        0.94189453125,
        0.0005049705505371094,
        0.08331298828125,
        0.193115234375,
        0.9306640625,
        0.966796875,
        0.515625,
        0.97998046875,
        0.81396484375,
        0.99609375,
        0.0091552734375,
        0.81103515625,
        0.775390625,
        0.94873046875,
        0.80029296875,
        0.91455078125,
        0.6962890625,
        0.9814453125,
        1.0,
        0.32080078125,
        0.662109375,
        0.0279083251953125,
        0.5263671875,
        0.70068359375,
        0.75390625,
        0.99853515625,
        0.99853515625,
        1.0,
        0.90869140625,
        0.42919921875,
        0.876953125,
        0.03643798828125,
        0.298583984375,
        0.220703125,
        0.0027904510498046875,
        0.244384765625,
        0.012847900390625,
        0.0009446144104003906,
        0.89453125,
        0.99853515625,
        0.84521484375,
        0.9990234375,
        0.007904052734375,
        0.36572265625,
        0.36376953125,
        0.289306640625,
        0.97607421875,
        0.97607421875,
        0.98388671875,
        0.11358642578125,
        0.357666015625,
        0.48046875,
        0.1370849609375,
        0.57373046875,
        0.08990478515625,
        0.001926422119140625,
        0.029754638671875,
        0.219970703125,
        0.8173828125,
        1.0,
        1.0,
        0.84814453125,
        0.0007524490356445312,
        0.9951171875,
        1.0,
        1.0,
        0.9951171875,
        0.982421875,
        0.040252685546875,
        0.0618896484375,
        0.923828125,
        0.60302734375,
        0.88818359375,
        0.37939453125,
        0.6259765625,
        0.69287109375,
        0.12188720703125,
        0.923828125,
        0.9755859375,
        0.6806640625,
        0.98486328125,
        0.00010764598846435547,
        0.87060546875,
        0.943359375,
        0.69921875,
        0.79833984375,
        0.9873046875,
        0.994140625,
        0.9931640625,
        0.99951171875,
        0.99951171875,
        0.7744140625,
        0.5888671875,
        0.81982421875,
        0.0005354881286621094,
        0.716796875,
        0.420654296875,
        0.99072265625,
        0.77978515625,
        1.0,
        0.8857421875,
        0.84912109375,
        0.86962890625,
        0.51953125,
        0.63720703125,
        0.5,
        0.94873046875,
        0.92138671875,
        0.8984375,
        0.994140625,
        0.085693359375,
        0.07476806640625,
        0.986328125,
        0.72802734375,
        1.0,
        0.9599609375,
        0.6142578125,
