{
    "model_dir": "models/classify_lora/llama-13b-alpaca_mmlu",
    "distribution_id": "comma_separated_input",
    "timestamp": "2023-10-12 19:10:01",
    "eval_loss": 0.734375,
    "eval_score": -0.12420654296875,
    "eval_brier_score": 0.12420654296875,
    "eval_average_probability": 0.841796875,
    "eval_accuracy": 0.848,
    "eval_probabilities": [
        0.287841796875,
        0.99072265625,
        0.9873046875,
        0.9814453125,
        0.8984375,
        0.2254638671875,
        0.716796875,
        2.3543834686279297e-05,
        0.9931640625,
        1.0,
        1.0,
        1.0,
        0.95751953125,
        0.9892578125,
        0.16845703125,
        1.0,
        1.0,
        1.0,
        1.0,
        1.0,
        1.0,
        0.9873046875,
        0.99609375,
        0.34521484375,
        1.0,
        1.0,
        1.0,
        1.0,
        1.0,
        1.0,
        1.0,
        1.0,
        1.0,
        1.0,
        1.0,
        1.0,
        0.66064453125,
        0.58740234375,
        0.88916015625,
        0.9951171875,
        2.682209014892578e-06,
        0.4921875,
        1.0,
        0.90869140625,
        0.248046875,
        1.0,
        1.0,
        0.99951171875,
        1.0,
        1.0,
        1.0,
        0.99755859375,
        0.99951171875,
        0.98974609375,
        1.0,
        1.0,
        1.0,
        0.11920166015625,
        0.955078125,
        0.453369140625,
        1.0,
        1.0,
        1.0,
        0.99755859375,
        0.72998046875,
        0.73828125,
        1.0,
        1.0,
        1.0,
        0.71435546875,
        0.0004963874816894531,
        0.9970703125,
        0.039154052734375,
        0.050933837890625,
        0.025665283203125,
        1.0,
        1.0,
        1.0,
        1.0,
        0.9794921875,
        1.0,
        0.99951171875,
        0.99658203125,
        0.95849609375,
        1.0,
        1.0,
        1.0,
        0.051177978515625,
        0.012481689453125,
        0.449462890625,
        0.9833984375,
        0.7578125,
        0.1441650390625,
        1.0,
        0.99658203125,
        1.0,
        1.0,
        1.0,
        1.0,
        1.0,
        1.0,
        1.0,
        1.0,
        1.0,
        1.0,
        1.0,
        1.0,
        1.0,
        0.0007615089416503906,
        0.65673828125,
        0.002132415771484375,
        1.0,
        0.99853515625,
        1.0,
        0.98876953125,
        0.8798828125,
        0.96533203125,
        1.0,
        1.0,
        1.0,
        1.0,
        1.0,
        0.99951171875,
        1.0,
        0.414794921875,
        0.98291015625,
        1.0,
        1.0,
        1.0,
        1.0,
        1.0,
        1.0,
        0.2493896484375,
        0.94873046875,
        0.9599609375,
        0.95361328125,
        0.89990234375,
        0.00011414289474487305,
        1.0,
        1.0,
        1.0,
        1.0,
        0.9921875,
        1.0,
        0.716796875,
        0.96923828125,
        0.888671875,
        1.0,
        1.0,
        1.0,
        8.344650268554688e-07,
        0.1903076171875,
        0.0001900196075439453,
        1.0,
        1.0,
        1.0,
        1.0,
        0.8544921875,
        0.99951171875,
        1.0,
        1.0,
        0.99951171875,
        0.99609375,
        1.0,
        1.0,
        0.89599609375,
        0.7919921875,
        0.71875,
        1.0,
        1.0,
        1.0,
        1.0,
        1.0,
        1.0,
        0.515625,
        0.71875,
        0.99072265625,
        0.99609375,
        1.0,
        1.0,
        1.0,
        1.0,
        1.0,
        0.98828125,
        1.0,
        1.0,
        0.9931640625,
        1.0,
        1.0,
        1.0,
        1.0,
        1.0,
        1.0,
        1.0,
        1.0,
        1.0,
        1.0,
        1.0,
        0.0017108917236328125,
        0.8671875,
        0.020721435546875,
        0.95654296875,
        0.88427734375,
        0.810546875,
        1.0,
        0.896484375,
        0.56884765625,
        0.339599609375,
        0.9189453125,
        0.9697265625,
        1.0,
        1.0,
        1.0,
        1.0,
        1.0,
        1.0,
        1.0,
        1.0,
        1.0,
        1.0,
        1.0,
        0.99853515625,
        0.00482940673828125,
        0.9970703125,
        0.99072265625,
        0.96875,
        1.0,
        0.86279296875,
        1.0,
        1.0,
        1.0,
        1.0,
        1.0,
        1.0,
        1.0,
        1.0,
        1.0,
        1.0,
        1.0,
        1.0,
        0.028167724609375,
        0.0,
        0.95849609375,
        0.81591796875,
        0.82421875,
        0.99462890625,
        1.0,
        1.0,
        1.0,
        0.97509765625,
        0.99365234375,
        6.866455078125e-05,
        0.9931640625,
        0.0013990402221679688,
        0.0186920166015625,
        0.64404296875,
        1.0,
        1.0,
        1.0,
        1.0,
        1.0,
        0.998046875,
        0.98388671875,
        0.0188751220703125,
        1.0,
        1.0,
        1.0,
        0.2568359375,
        0.69580078125,
        0.3310546875,
        0.99951171875,
        0.99462890625,
        1.0,
        0.9033203125,
        1.0,
        0.99267578125,
        1.0,
        1.0,
        1.0,
        1.0,
        1.0,
        1.0,
        1.0,
        1.0,
        1.0,
        1.0,
        1.0,
        1.0,
        1.0,
        0.9970703125,
        1.0,
        0.2509765625,
        0.07806396484375,
        0.88427734375,
        1.0,
        1.0,
        1.0,
        1.0,
        0.99951171875,
        1.0,
        0.04400634765625,
        0.71044921875,
        0.92431640625,
        1.0,
        1.0,
        1.0,
        1.0,
        1.0,
        1.0,
        0.998046875,
        0.9912109375,
        1.0,
        0.9931640625,
        0.9892578125,
        0.998046875,
        0.381103515625,
        0.55810546875,
        0.357666015625,
        0.9970703125,
        1.0,
        0.99755859375,
        0.99365234375,
        1.0,
        0.3701171875,
        1.0,
        1.0,
        1.0,
        1.0,
        0.99951171875,
        0.99853515625,
        1.0,
        0.994140625,
        0.77197265625,
        1.0,
        1.0,
        0.90380859375,
        1.0,
        0.4091796875,
        0.998046875,
        0.00018525123596191406,
        1.0,
        0.03790283203125,
        1.0,
        1.0,
        1.0,
        0.99951171875,
        1.0,
        0.01363372802734375,
        1.0,
        1.0,
        1.0,
        1.0,
        1.0,
        1.0,
        0.99560546875,
        1.0,
        0.828125,
        0.048858642578125,
        0.99951171875,
        0.441650390625,
        1.0,
        1.0,
        1.0,
        0.80419921875,
        0.9150390625,
        2.980232238769531e-07,
        1.0,
        1.0,
        0.9990234375,
        1.0,
        1.0,
        1.0,
        1.0,
        1.0,
        1.0,
        0.00757598876953125,
        0.1683349609375,
        0.2281494140625,
        1.0,
        1.0,
        0.99951171875,
        0.053802490234375,
        0.83642578125,
        0.00919342041015625,
        1.0,
        1.0,
        1.0,
        1.0,
        1.0,
        0.740234375,
        1.0,
        1.0,
        1.0,
        0.98876953125,
        0.99755859375,
        1.0,
        1.0,
        1.0,
        0.120849609375,
        1.0,
        0.9921875,
        0.99755859375,
        1.0,
        1.0,
        1.0,
        1.0,
        1.0,
        1.0,
        0.99951171875,
        0.9970703125,
        0.99609375,
        0.98974609375,
        0.1461181640625,
        0.56982421875,
        0.316650390625,
        0.98681640625,
        0.98974609375,
        0.9853515625,
        0.99951171875,
        5.960464477539063e-08,
        1.0,
        1.0,
        1.0,
        0.9833984375,
        1.0,
        1.0,
        1.0,
        0.99951171875,
        0.010009765625,
        1.0,
        1.0,
