{
    "model_dir": "models/classify_lora/llama-30b-alpaca_mmlu-wrong_arc-5%",
    "distribution_id": "alpaca_mmlu-wrong_arc-5%",
    "timestamp": "2023-10-30 20:15:48",
    "eval_loss": 0.94970703125,
    "eval_score": -0.10491943359375,
    "eval_brier_score": 0.10491943359375,
    "eval_average_probability": 0.8779296875,
    "eval_accuracy": 0.884514435695538,
    "eval_probabilities": [
        1.0,
        1.0,
        0.99951171875,
        1.0,
        0.97314453125,
        1.0,
        1.0,
        0.546875,
        1.0,
        1.0,
        1.0,
        1.0,
        1.0,
        1.0,
        1.0,
        1.0,
        1.0,
        0.99951171875,
        1.0,
        0.86376953125,
        1.0,
        1.0,
        0.9765625,
        6.788969039916992e-05,
        0.99853515625,
        0.405517578125,
        1.0,
        1.0,
        0.99951171875,
        1.0,
        1.0,
        0.9990234375,
        0.0011510848999023438,
        0.833984375,
        1.0,
        0.0032863616943359375,
        0.99951171875,
        0.352294921875,
        1.0,
        1.0,
        1.0,
        0.00021147727966308594,
        1.0,
        1.0,
        1.0,
        1.0,
        1.0,
        0.9931640625,
        1.0,
        1.0,
        1.0,
        1.0,
        0.93017578125,
        0.08331298828125,
        1.0,
        1.0,
        1.0,
        0.19189453125,
        0.00023031234741210938,
        1.0,
        1.0,
        0.99853515625,
        0.90869140625,
        1.0,
        0.9990234375,
        1.0,
        0.9990234375,
        1.0,
        1.0,
        1.0,
        1.0,
        0.99951171875,
        1.0,
        1.0,
        1.0,
        1.0,
        1.0,
        1.0,
        1.0,
        1.0,
        0.0,
        0.89697265625,
        1.0,
        1.0,
        1.0,
        1.0,
        0.763671875,
        1.0,
        1.0,
        1.0,
        0.9990234375,
        1.0,
        0.998046875,
        1.0,
        1.0,
        1.0,
        0.1339111328125,
        1.0,
        0.0,
        0.99951171875,
        1.0,
        1.0,
        1.0,
        1.0,
        1.0,
        1.0,
        0.994140625,
        1.0,
        0.1175537109375,
        1.0,
        0.1688232421875,
        1.0,
        1.0,
        0.20947265625,
        1.0,
        1.0,
        0.1895751953125,
        1.0,
        0.99951171875,
        1.0,
        0.359375,
        0.2254638671875,
        1.0,
        1.0,
        0.0,
        1.0,
        1.0,
        1.0,
        1.0,
        1.0,
        1.0,
        1.0,
        1.0,
        1.0,
        2.1457672119140625e-06,
        1.0,
        1.0,
        1.0,
        0.99267578125,
        0.9833984375,
        1.0,
        1.0,
        1.0,
        0.00017952919006347656,
        1.0,
        1.0,
        1.0,
        1.0,
        1.0,
        1.0,
        1.0,
        1.0,
        0.96533203125,
        1.0,
        1.0,
        1.0,
        1.0,
        0.99951171875,
        1.0,
        1.0,
        0.99951171875,
        1.0,
        0.8740234375,
        0.422607421875,
        0.0029811859130859375,
        1.0,
        1.0,
        1.0,
        1.0,
        1.0,
        1.0,
        1.0,
        0.99853515625,
        1.0,
        0.0031719207763671875,
        0.38720703125,
        0.99267578125,
        1.0,
        1.0,
        0.0010652542114257812,
        0.810546875,
        1.0,
        1.0,
        1.0,
        5.960464477539063e-08,
        1.0,
        0.0,
        0.990234375,
        1.0,
        1.0,
        1.0,
        1.0,
        5.2869319915771484e-05,
        1.0,
        1.0,
        1.0,
        1.0,
        0.0005316734313964844,
        0.99951171875,
        0.98486328125,
        1.0,
        1.0,
        0.01262664794921875,
        1.0,
        1.0,
        0.98779296875,
        1.0,
        1.0,
        1.0,
        0.99365234375,
        1.0,
        0.5927734375,
        0.7177734375,
        1.0,
        1.0,
        0.79296875,
        0.71240234375,
        1.0,
        1.0,
        1.0,
        1.0,
        0.9677734375,
        1.0,
        1.0,
        1.0,
        1.0,
        0.99951171875,
        1.0,
        0.1268310546875,
        1.0,
        1.0,
        1.0,
        0.9814453125,
        1.0,
        1.0,
        1.0,
        0.98779296875,
        1.0,
        1.0,
        1.0,
        1.0,
        1.0,
        0.10968017578125,
        1.0,
        1.0,
        0.99853515625,
        1.0,
        1.0,
        1.0,
        1.0,
        1.0,
        0.43408203125,
        1.0,
        1.0,
        0.9755859375,
        1.0,
        1.0,
        1.0,
        1.0,
        1.0,
        1.0,
        1.0,
        1.0,
        0.00885009765625,
        0.9423828125,
        1.0,
        1.0,
        1.0,
        1.0,
        0.99951171875,
        1.0,
        1.9788742065429688e-05,
        1.0,
        1.0,
        1.0,
        1.0,
        1.0,
        0.0011920928955078125,
        1.0,
        0.99951171875,
        1.0,
        1.0,
        0.658203125,
        0.00036835670471191406,
        1.0,
        0.0009112358093261719,
        1.0,
        1.0,
        1.4066696166992188e-05,
        1.0,
        1.0,
        0.99462890625,
        1.7881393432617188e-07,
        0.9833984375,
        1.0,
        0.99853515625,
        0.9765625,
        0.004199981689453125,
        1.0,
        1.0,
        1.0,
        1.0,
        1.0,
        1.0,
        1.0,
        0.16455078125,
        0.0009851455688476562,
        1.0,
        1.0,
        0.9716796875,
        0.8759765625,
        1.0,
        0.99951171875,
        1.0,
        1.0,
        1.0,
        0.966796875,
        1.0,
        1.0,
        1.0,
        4.76837158203125e-07,
        1.0,
        0.0053863525390625,
        1.0,
        1.0,
        0.0,
        1.0,
        0.99609375,
        1.0,
        1.0,
        1.0,
        0.99951171875,
        0.99951171875,
        0.0290069580078125,
        1.0,
        1.0,
        1.0,
        1.0,
        1.0,
        1.0,
        1.0,
        1.0,
        1.0,
        1.0,
        0.99853515625,
        1.0,
        1.0,
        1.0,
        1.0,
        1.0,
        1.0,
        1.0,
        1.0,
        1.0,
        1.0,
        0.39990234375,
        1.0,
        1.0,
        1.0,
        1.0,
        1.0,
        0.98974609375,
        1.0,
        0.9609375,
        1.0,
        1.0,
        1.0,
        1.817941665649414e-05,
        1.0,
        1.0,
        1.0,
        1.0,
        1.0,
        0.80322265625,
        1.0,
        1.0,
        0.9853515625,
        1.0,
        1.0,
        1.0,
        1.0,
        1.0,
        0.998046875,
        1.0,
        0.9658203125,
        1.0,
        1.0,
        1.0,
        1.0,
        0.65673828125,
        1.0,
        1.0,
        1.0,
        0.9033203125,
        1.0,
        1.0,
        1.0,
        1.0,
        1.4007091522216797e-05,
        1.0,
        0.60009765625,
        1.0,
        1.0,
        0.51953125,
        1.0,
        1.0,
        1.0,
        0.94189453125,
        0.99560546875,
        1.0,
        0.615234375,
        0.9931640625,
        1.0,
        0.230224609375,
        1.0,
        1.0,
        1.0,
        0.9990234375,
        1.0,
        1.0,
        1.0,
        1.0,
        1.0,
        1.0,
        1.0,
        1.0,
        1.0,
        1.0,
        1.0,
        1.0,
        0.99853515625,
        1.0,
        1.0,
        0.8310546875,
        1.0,
        1.0,
        1.0,
        1.0,
        1.0,
        1.0,
        2.980232238769531e-07,
        1.0,
        1.0,
        0.9970703125,
        1.0,
        1.0,
        1.0,
        1.0,
        0.32861328125,
        1.0,
        0.017578125,
        1.0,
        1.0,
        1.0,
        1.0,
        1.0,
        1.0,
        0.99951171875,
        0.9990234375,
        1.0,
        0.9775390625,
        0.982421875,
        1.0,
        1.0,
        0.9912109375,
