{
    "model_dir": "models/classify_lora/tinyllama-1b-shp_low_quality",
    "distribution_id": "shp_high_quality",
    "timestamp": "2023-10-15 18:26:22",
    "eval_loss": 0.72314453125,
    "eval_score": -0.2587890625,
    "eval_brier_score": 0.2587890625,
    "eval_average_probability": 0.509765625,
    "eval_accuracy": 0.536,
    "eval_probabilities": [
        0.55224609375,
        0.6337890625,
        0.69091796875,
        0.71923828125,
        0.68310546875,
        0.55322265625,
        0.4482421875,
        0.303955078125,
        0.34521484375,
        0.56591796875,
        0.490234375,
        0.62548828125,
        0.2156982421875,
        0.485107421875,
        0.343505859375,
        0.380126953125,
        0.33984375,
        0.52880859375,
        0.480224609375,
        0.4677734375,
        0.482421875,
        0.56884765625,
        0.67041015625,
        0.52392578125,
        0.65966796875,
        0.4765625,
        0.44970703125,
        0.281005859375,
        0.611328125,
        0.5400390625,
        0.59619140625,
        0.6064453125,
        0.779296875,
        0.68896484375,
        0.472900390625,
        0.60400390625,
        0.51953125,
        0.7216796875,
        0.40234375,
        0.6181640625,
        0.381103515625,
        0.61572265625,
        0.3349609375,
        0.220947265625,
        0.58837890625,
        0.487548828125,
        0.744140625,
        0.1981201171875,
        0.52001953125,
        0.6025390625,
        0.53076171875,
        0.6337890625,
        0.62353515625,
        0.459716796875,
        0.390869140625,
        0.498046875,
        0.403076171875,
        0.76318359375,
        0.265380859375,
        0.6845703125,
        0.353271484375,
        0.5419921875,
        0.421142578125,
        0.6005859375,
        0.50439453125,
        0.59033203125,
        0.53857421875,
        0.382568359375,
        0.449951171875,
        0.67041015625,
        0.474853515625,
        0.42431640625,
        0.52197265625,
        0.564453125,
        0.58154296875,
        0.407470703125,
        0.56884765625,
        0.6572265625,
        0.7119140625,
        0.399658203125,
        0.259033203125,
        0.4462890625,
        0.353271484375,
        0.443359375,
        0.51953125,
        0.71533203125,
        0.38720703125,
        0.5673828125,
        0.246826171875,
        0.5458984375,
        0.7001953125,
        0.55517578125,
        0.258056640625,
        0.220703125,
        0.43603515625,
        0.5634765625,
        0.6201171875,
        0.5595703125,
        0.5458984375,
        0.6220703125,
        0.377685546875,
        0.498046875,
        0.291259765625,
        0.544921875,
        0.765625,
        0.560546875,
        0.52978515625,
        0.38134765625,
        0.54150390625,
        0.4423828125,
        0.73974609375,
        0.332275390625,
        0.2052001953125,
        0.7841796875,
        0.362548828125,
        0.75732421875,
        0.483642578125,
        0.5947265625,
        0.5869140625,
        0.517578125,
        0.3515625,
        0.393310546875,
        0.56591796875,
        0.5068359375,
        0.396728515625,
        0.1845703125,
        0.387451171875,
        0.68896484375,
        0.458251953125,
        0.4736328125,
        0.66845703125,
        0.5439453125,
        0.468017578125,
        0.433349609375,
        0.52099609375,
        0.364501953125,
        0.48974609375,
        0.417724609375,
        0.314453125,
        0.396240234375,
        0.36083984375,
        0.67822265625,
        0.63427734375,
        0.477294921875,
        0.34765625,
        0.357666015625,
        0.322021484375,
        0.4130859375,
        0.6513671875,
        0.357177734375,
        0.401611328125,
        0.5517578125,
        0.6064453125,
        0.5390625,
        0.77587890625,
        0.60009765625,
        0.65869140625,
        0.57666015625,
        0.53369140625,
        0.449462890625,
        0.52685546875,
        0.65380859375,
        0.572265625,
        0.60791015625,
        0.19189453125,
        0.52490234375,
        0.334228515625,
        0.4755859375,
        0.53173828125,
        0.51123046875,
        0.394775390625,
        0.5048828125,
        0.6171875,
        0.4423828125,
        0.395751953125,
        0.63134765625,
        0.775390625,
        0.44873046875,
        0.64013671875,
        0.51708984375,
        0.625,
        0.51708984375,
        0.466796875,
        0.44140625,
        0.462890625,
        0.39306640625,
        0.445556640625,
        0.69921875,
        0.552734375,
        0.5517578125,
        0.307373046875,
        0.5341796875,
        0.59130859375,
        0.43896484375,
        0.71923828125,
        0.8681640625,
        0.493896484375,
        0.51220703125,
        0.71240234375,
        0.368896484375,
        0.388427734375,
        0.6376953125,
        0.68896484375,
        0.6015625,
        0.49169921875,
        0.68115234375,
        0.85205078125,
        0.40869140625,
        0.442138671875,
        0.431640625,
        0.346923828125,
        0.361328125,
        0.38623046875,
        0.486083984375,
        0.336181640625,
        0.490478515625,
        0.57421875,
        0.5751953125,
        0.5166015625,
        0.5498046875,
        0.6494140625,
        0.251953125,
        0.72119140625,
        0.76318359375,
        0.44677734375,
        0.53857421875,
        0.50830078125,
        0.5419921875,
        0.364013671875,
        0.52197265625,
        0.490966796875,
        0.487548828125,
        0.59326171875,
        0.52978515625,
        0.455810546875,
        0.5048828125,
        0.2822265625,
        0.42138671875,
        0.62548828125,
        0.36669921875,
        0.77001953125,
        0.253173828125,
        0.497802734375,
        0.56494140625,
        0.59423828125,
        0.5556640625,
        0.44677734375,
        0.4873046875,
        0.5302734375,
        0.80615234375
    ],
    "eval_runtime": 8.4261,
    "eval_samples_per_second": 29.67,
    "eval_steps_per_second": 0.949
}