{
    "model_dir": "models/prompt_tuning/llama-30b-word_swap",
    "distribution_id": "word_swap",
    "timestamp": "2023-10-12 22:17:28",
    "eval_loss": 0.183349609375,
    "eval_score": -0.0562744140625,
    "eval_brier_score": 0.0562744140625,
    "eval_average_probability": 0.88720703125,
    "eval_accuracy": 0.9186666666666666,
    "eval_probabilities": [
        0.9970703125,
        0.99658203125,
        0.998046875,
        0.9990234375,
        0.99853515625,
        0.99951171875,
        0.81982421875,
        0.802734375,
        0.9208984375,
        0.95068359375,
        0.87451171875,
        0.9990234375,
        0.94580078125,
        0.86328125,
        0.1490478515625,
        1.0,
        1.0,
        1.0,
        0.8056640625,
        0.97216796875,
        0.95263671875,
        0.99951171875,
        1.0,
        0.99853515625,
        0.521484375,
        0.60302734375,
        0.5498046875,
        0.82763671875,
        0.8876953125,
        0.91162109375,
        0.79931640625,
        0.94384765625,
        0.96484375,
        0.83203125,
        0.59814453125,
        0.96728515625,
        0.93212890625,
        0.81982421875,
        0.8349609375,
        0.55712890625,
        0.375732421875,
        0.4697265625,
        0.4931640625,
        0.80224609375,
        0.7392578125,
        1.0,
        1.0,
        1.0,
        0.52734375,
        0.319091796875,
        0.9150390625,
        0.9755859375,
        0.99951171875,
        0.34326171875,
        1.0,
        1.0,
        1.0,
        1.0,
        1.0,
        1.0,
        0.92724609375,
        0.89501953125,
        0.994140625,
        0.9345703125,
        0.9931640625,
        0.99560546875,
        0.99951171875,
        0.97216796875,
        0.9990234375,
        0.9990234375,
        0.9912109375,
        0.99951171875,
        0.98974609375,
        0.81396484375,
        0.98583984375,
        0.998046875,
        0.99853515625,
        0.99169921875,
        0.68798828125,
        0.78759765625,
        0.62841796875,
        0.958984375,
        0.2247314453125,
        0.72021484375,
        0.8857421875,
        1.0,
        1.0,
        1.0,
        0.99951171875,
        1.0,
        0.5869140625,
        0.5595703125,
        0.47119140625,
        1.0,
        0.99560546875,
        0.99853515625,
        1.0,
        1.0,
        1.0,
        0.0011510848999023438,
        0.06280517578125,
        0.06756591796875,
        1.0,
        1.0,
        1.0,
        0.68017578125,
        0.97216796875,
        0.99609375,
        1.0,
        1.0,
        1.0,
        1.0,
        1.0,
        1.0,
        0.9873046875,
        0.99951171875,
        1.0,
        1.0,
        0.99951171875,
        1.0,
        1.0,
        1.0,
        1.0,
        0.99853515625,
        0.59423828125,
        0.95166015625,
        0.703125,
        0.98193359375,
        0.9755859375,
        0.82666015625,
        0.84912109375,
        0.58935546875,
        1.0,
        1.0,
        1.0,
        0.43310546875,
        0.87744140625,
        0.66357421875,
        0.61328125,
        0.80322265625,
        0.640625,
        1.0,
        1.0,
        1.0,
        0.83837890625,
        0.64892578125,
        0.74755859375,
        1.0,
        1.0,
        1.0,
        1.0,
        1.0,
        1.0,
        0.8173828125,
        0.9990234375,
        1.0,
        1.0,
        1.0,
        1.0,
        0.9736328125,
        0.798828125,
        0.984375,
        1.0,
        1.0,
        0.99560546875,
        1.0,
        1.0,
        1.0,
        0.95947265625,
        0.927734375,
        0.9560546875,
        0.9892578125,
        0.92626953125,
        0.9990234375,
        0.6083984375,
        0.75439453125,
        0.8896484375,
        0.99951171875,
        0.98291015625,
        0.9892578125,
        0.99169921875,
        0.99755859375,
        0.994140625,
        1.0,
        1.0,
        1.0,
        1.0,
        1.0,
        1.0,
        0.11395263671875,
        0.67041015625,
        0.92529296875,
        0.99951171875,
        0.99169921875,
        0.99951171875,
        0.99853515625,
        0.9951171875,
        0.9990234375,
        1.0,
        1.0,
        1.0,
        1.0,
        0.45849609375,
        0.61962890625,
        0.998046875,
        1.0,
        1.0,
        0.99755859375,
        0.59619140625,
        0.203125,
        0.99072265625,
        0.94482421875,
        0.83984375,
        0.29833984375,
        0.8056640625,
        0.498046875,
        1.0,
        1.0,
        1.0,
        0.8671875,
        0.70751953125,
        0.9853515625,
        0.99951171875,
        0.98095703125,
        0.87939453125,
        0.9990234375,
        0.99951171875,
        0.99755859375,
        0.689453125,
        0.94140625,
        0.880859375,
        0.370361328125,
        0.74267578125,
        0.5146484375,
        0.99951171875,
        1.0,
        1.0,
        1.0,
        1.0,
        1.0,
        0.412353515625,
        0.70263671875,
        0.374755859375,
        0.541015625,
        0.9912109375,
        0.8603515625,
        1.0,
        1.0,
        1.0,
        0.671875,
        0.9775390625,
        0.76953125,
        0.72216796875,
        0.72998046875,
        0.67041015625,
        0.9990234375,
        0.99951171875,
        0.9990234375,
        0.9912109375,
        0.95654296875,
        0.990234375,
        0.85888671875,
        0.64501953125,
        0.69384765625,
        0.966796875,
        0.99609375,
        0.99951171875,
        0.60498046875,
        0.92041015625,
        0.68408203125,
        0.9130859375,
        0.982421875,
        0.64404296875,
        0.998046875,
        0.9970703125,
        0.99560546875,
        1.0,
        1.0,
        1.0,
        1.0,
        1.0,
        0.99853515625,
        0.61328125,
        0.5869140625,
        0.61328125,
        0.9130859375,
        0.97900390625,
        0.9658203125,
        1.0,
        1.0,
        1.0,
        1.0,
        1.0,
        1.0,
        1.0,
        0.99853515625,
        1.0,
        0.2315673828125,
        0.48583984375,
        0.74560546875,
        0.5498046875,
        0.9658203125,
        0.97509765625,
        1.0,
        1.0,
        1.0,
        0.998046875,
        0.9892578125,
        0.98974609375,
        1.0,
        1.0,
        1.0,
        1.0,
        0.99951171875,
        0.9990234375,
        0.966796875,
        0.9453125,
        0.99853515625,
        0.390380859375,
        0.5263671875,
        0.3955078125,
        0.97802734375,
        0.6640625,
        0.94921875,
        1.0,
        1.0,
        1.0,
        1.0,
        1.0,
        1.0,
        0.99365234375,
        0.998046875,
        0.9990234375,
        0.9638671875,
        0.73779296875,
        0.95263671875,
        0.998046875,
        0.9794921875,
        1.0,
        0.99658203125,
        0.9970703125,
        0.445556640625,
        0.99462890625,
        0.998046875,
        0.9990234375,
        1.0,
        1.0,
        1.0,
        1.0,
        1.0,
        0.99951171875,
        0.99951171875,
        1.0,
        1.0,
        0.93505859375,
        0.9814453125,
        0.9873046875,
        1.0,
        1.0,
        1.0,
        1.0,
        1.0,
        0.994140625,
        0.48388671875,
        0.97900390625,
        0.76953125,
        0.91796875,
        0.90185546875,
        0.7158203125,
        0.69091796875,
        0.91259765625,
        0.8408203125,
        0.99951171875,
        1.0,
        1.0,
        0.80322265625,
        0.96533203125,
        0.998046875,
        1.0,
        0.95751953125,
        0.9521484375,
        0.91796875,
        0.73486328125,
        0.8828125,
        1.0,
        1.0,
        1.0,
        0.99951171875,
        0.998046875,
        0.9990234375,
        1.0,
        1.0,
        1.0,
        1.0,
        1.0,
        1.0,
