{
    "model_dir": "models/prompt_tuning/llama-7b-shp_low_quality",
    "distribution_id": "shp_low_quality",
    "timestamp": "2023-10-19 22:50:31",
    "eval_loss": 1.3984375,
    "eval_score": -0.292236328125,
    "eval_brier_score": 0.292236328125,
    "eval_average_probability": 0.64404296875,
    "eval_accuracy": 0.668,
    "eval_probabilities": [
        0.939453125,
        1.0,
        1.0,
        0.615234375,
        0.0284423828125,
        0.96142578125,
        0.921875,
        0.004398345947265625,
        0.73095703125,
        0.19189453125,
        0.990234375,
        0.9697265625,
        0.947265625,
        0.050323486328125,
        1.0,
        0.004070281982421875,
        0.103759765625,
        0.05108642578125,
        0.7607421875,
        0.1480712890625,
        0.090087890625,
        0.9990234375,
        0.1175537109375,
        0.002471923828125,
        0.06854248046875,
        0.027587890625,
        0.90478515625,
        0.5390625,
        2.384185791015625e-07,
        0.07806396484375,
        0.00019109249114990234,
        0.96875,
        0.99951171875,
        0.0953369140625,
        0.79833984375,
        1.0,
        0.974609375,
        0.9970703125,
        0.9560546875,
        0.99951171875,
        0.88232421875,
        1.0,
        0.445556640625,
        0.9921875,
        1.0,
        0.248046875,
        0.4111328125,
        0.99560546875,
        1.0,
        1.0,
        0.9990234375,
        0.98974609375,
        0.998046875,
        0.98046875,
        0.98828125,
        1.0,
        0.99072265625,
        1.0,
        0.175537109375,
        0.99853515625,
        0.9951171875,
        1.0,
        0.9638671875,
        1.0,
        0.99853515625,
        0.9921875,
        0.04638671875,
        1.0,
        0.9990234375,
        0.004329681396484375,
        0.37744140625,
        0.115966796875,
        0.3310546875,
        0.998046875,
        0.01132965087890625,
        0.80322265625,
        1.0,
        0.99951171875,
        0.99853515625,
        0.99755859375,
        0.0012063980102539062,
        1.0,
        0.99853515625,
        0.0293121337890625,
        0.8017578125,
        1.0,
        0.99609375,
        0.99365234375,
        0.9599609375,
        1.0,
        0.9990234375,
        0.437744140625,
        0.9853515625,
        0.99658203125,
        0.9990234375,
        0.00734710693359375,
        0.0089874267578125,
        0.00679779052734375,
        0.822265625,
        0.9970703125,
        0.87744140625,
        0.986328125,
        0.01132965087890625,
        0.9658203125,
        8.64267349243164e-06,
        1.0,
        0.57763671875,
        0.57763671875,
        0.978515625,
        0.007175445556640625,
        0.02886962890625,
        0.99853515625,
        0.06658935546875,
        0.449462890625,
        0.00017952919006347656,
        0.5,
        0.99951171875,
        0.99853515625,
        0.9443359375,
        0.83984375,
        0.77734375,
        1.0,
        0.99951171875,
        0.99560546875,
        0.94091796875,
        0.0103302001953125,
        1.0,
        0.003482818603515625,
        0.990234375,
        0.5078125,
        0.9990234375,
        0.974609375,
        0.302490234375,
        0.0029354095458984375,
        0.020965576171875,
        0.91943359375,
        0.90869140625,
        0.986328125,
        1.0,
        0.94970703125,
        0.74609375,
        0.262939453125,
        0.1441650390625,
        0.0953369140625,
        0.546875,
        0.0164031982421875,
        0.9033203125,
        0.000720977783203125,
        0.67236328125,
        0.022979736328125,
        0.640625,
        0.9892578125,
        0.845703125,
        0.77197265625,
        0.93798828125,
        0.9443359375,
        0.0850830078125,
        0.2337646484375,
        0.1666259765625,
        0.7548828125,
        0.99072265625,
        0.39599609375,
        0.058349609375,
        4.988908767700195e-05,
        0.67236328125,
        0.0005035400390625,
        0.16455078125,
        1.0,
        0.515625,
        0.7373046875,
        0.55810546875,
        3.916025161743164e-05,
        0.002758026123046875,
        0.6259765625,
        0.018829345703125,
        0.640625,
        0.98828125,
        0.99853515625,
        0.99365234375,
        0.86328125,
        0.287841796875,
        0.94677734375,
        0.0216217041015625,
        0.9365234375,
        0.998046875,
        1.0,
        0.87744140625,
        0.99755859375,
        0.9833984375,
        0.063720703125,
        0.615234375,
        1.0,
        0.00021314620971679688,
        0.615234375,
        0.0009546279907226562,
        0.00844573974609375,
        0.010986328125,
        0.6669921875,
        1.0,
        0.01473236083984375,
        0.0966796875,
        4.988908767700195e-05,
        0.9345703125,
        0.4765625,
        0.0025119781494140625,
        0.0025501251220703125,
        0.184814453125,
        0.10089111328125,
        0.8642578125,
        1.0,
        0.99658203125,
        0.99951171875,
        0.99365234375,
        0.98486328125,
        1.0,
        0.98388671875,
        0.6259765625,
        1.0,
        0.974609375,
        1.0,
        0.98291015625,
        0.99560546875,
        1.0,
        0.79833984375,
        1.0,
        1.0,
        1.0,
        0.9072265625,
        0.08758544921875,
        1.0,
        0.88232421875,
        0.689453125,
        0.998046875,
        0.845703125,
        0.9990234375,
        0.99951171875,
        0.1175537109375,
        0.70263671875,
        0.03021240234375,
        0.99951171875,
        0.1461181640625,
        0.958984375,
        0.662109375,
        0.2281494140625,
        0.95751953125,
        1.2040138244628906e-05,
        0.98828125,
        0.90966796875,
        0.984375,
        0.99365234375
    ],
    "eval_runtime": 13.8573,
    "eval_samples_per_second": 18.041,
    "eval_steps_per_second": 0.577
}