{
    "model_dir": "models/classify_lora/llama-30b-alpaca_high_quality",
    "distribution_id": "math_hard",
    "timestamp": "2023-10-27 05:09:03",
    "eval_loss": 0.6142578125,
    "eval_score": -0.2135009765625,
    "eval_brier_score": 0.2135009765625,
    "eval_average_probability": 0.56005859375,
    "eval_accuracy": 0.7346666666666667,
    "eval_probabilities": [
        0.57568359375,
        0.546875,
        0.47265625,
        0.50390625,
        0.6513671875,
        0.53125,
        0.48046875,
        0.48046875,
        0.4921875,
        0.363037109375,
        0.708984375,
        0.5849609375,
        0.49609375,
        0.51171875,
        0.50390625,
        0.5078125,
        0.4921875,
        0.4921875,
        0.52734375,
        0.4921875,
        0.5078125,
        0.53125,
        0.546875,
        0.607421875,
        0.5927734375,
        0.52734375,
        0.5234375,
        0.9853515625,
        0.96923828125,
        0.994140625,
        0.62255859375,
        0.51171875,
        0.51953125,
        0.437744140625,
        0.445556640625,
        0.441650390625,
        0.6259765625,
        0.49609375,
        0.49609375,
        0.54296875,
        0.51953125,
        0.50390625,
        0.53515625,
        0.4921875,
        0.49609375,
        0.61865234375,
        0.54296875,
        0.52734375,
        0.219970703125,
        0.05877685546875,
        0.552734375,
        0.515625,
        0.5390625,
        0.5,
        0.66552734375,
        0.78271484375,
        0.76611328125,
        0.515625,
        0.5078125,
        0.5234375,
        0.5927734375,
        0.5888671875,
        0.5849609375,
        0.51171875,
        0.515625,
        0.5234375,
        0.751953125,
        0.6689453125,
        0.80810546875,
        0.5234375,
        0.46875,
        0.5,
        0.449462890625,
        0.441650390625,
        0.449462890625,
        0.53125,
        0.56982421875,
        0.53515625,
        0.615234375,
        0.51953125,
        0.5,
        0.52734375,
        0.515625,
        0.546875,
        0.51171875,
        0.50390625,
        0.53125,
        0.5078125,
        0.4921875,
        0.52734375,
        0.1871337890625,
        0.2017822265625,
        0.33447265625,
        0.51171875,
        0.5078125,
        0.5078125,
        0.7958984375,
        0.9736328125,
        0.90185546875,
        0.60009765625,
        0.607421875,
        0.5390625,
        0.5,
        0.484375,
        0.46484375,
        0.47265625,
        0.39990234375,
        0.385009765625,
        0.56982421875,
        0.4921875,
        0.56982421875,
        0.51171875,
        0.51953125,
        0.4921875,
        0.5,
        0.48828125,
        0.484375,
        0.5,
        0.53125,
        0.63330078125,
        0.85205078125,
        0.74609375,
        0.78515625,
        0.97265625,
        0.9833984375,
        0.974609375,
        0.5390625,
        0.51171875,
        0.50390625,
        0.51953125,
        0.515625,
        0.5078125,
        0.52734375,
        0.48828125,
        0.50390625,
        0.52734375,
        0.5078125,
        0.5078125,
        0.56201171875,
        0.53125,
        0.63720703125,
        0.46875,
        0.5,
        0.4921875,
        0.7607421875,
        0.73095703125,
        0.658203125,
        0.8154296875,
        0.76904296875,
        0.7373046875,
        0.5234375,
        0.57763671875,
        0.546875,
        0.47265625,
        0.51171875,
        0.51171875,
        0.50390625,
        0.50390625,
        0.51953125,
        0.515625,
        0.515625,
        0.5234375,
        0.42626953125,
        0.42626953125,
        0.414794921875,
        0.56201171875,
        0.55810546875,
        0.5927734375,
        0.5,
        0.4921875,
        0.5546875,
        0.49609375,
        0.50390625,
        0.50390625,
        0.46875,
        0.46875,
        0.484375,
        0.34521484375,
        0.403564453125,
        0.352294921875,
        0.49609375,
        0.5078125,
        0.515625,
        0.51953125,
        0.46875,
        0.59619140625,
        0.69921875,
        0.7373046875,
        0.689453125,
        1.0,
        1.0,
        1.0,
        0.449462890625,
        0.437744140625,
        0.441650390625,
        0.60009765625,
        0.60400390625,
        0.611328125,
        0.5390625,
        0.56201171875,
        0.62255859375,
        0.515625,
        0.52734375,
        0.47265625,
        1.0,
        1.0,
        1.0,
        0.484375,
        0.47265625,
        0.46875,
        0.57373046875,
        0.54296875,
        0.615234375,
        0.640625,
        0.546875,
        0.546875,
        0.4921875,
        0.50390625,
        0.48828125,
        0.46875,
        0.4765625,
        0.46875,
        0.82666015625,
        0.6689453125,
        0.70556640625,
        0.5927734375,
        0.5546875,
        0.5888671875,
        0.5,
        0.484375,
        0.5,
        0.52734375,
        0.546875,
        0.515625,
        0.52734375,
        0.546875,
        0.48046875,
        0.607421875,
        0.52734375,
        0.59619140625,
        0.048858642578125,
        0.044677734375,
        0.05499267578125,
        0.611328125,
        0.57763671875,
        0.56591796875,
        0.5078125,
        0.5234375,
        0.515625,
        0.48828125,
        0.4921875,
        0.57373046875,
        0.56982421875,
        0.56201171875,
        0.5546875,
        0.515625,
        0.56982421875,
        0.56982421875,
        0.51953125,
        0.53125,
        0.515625,
        0.445556640625,
        0.449462890625,
        0.437744140625,
        0.5078125,
        0.381103515625,
        0.449462890625,
        0.56982421875,
        0.6513671875,
        0.6513671875,
        0.6689453125,
        0.59619140625,
        0.55078125,
        0.59619140625,
        0.52734375,
        0.5234375,
        0.57763671875,
        0.50390625,
        0.51953125,
        0.5078125,
        0.5546875,
        0.56982421875,
        0.6513671875,
        0.57373046875,
        0.615234375,
        0.662109375,
        0.89501953125,
        0.69580078125,
        0.5,
        0.53515625,
        0.51171875,
        0.42626953125,
        0.441650390625,
        0.43408203125,
        0.392333984375,
        0.80322265625,
        0.9794921875,
        0.51953125,
        0.53125,
        0.5849609375,
        0.48828125,
        0.515625,
        0.5078125,
        0.49609375,
        0.5,
        0.5078125,
        0.5546875,
        0.53125,
        0.4765625,
        0.4765625,
        0.5,
        0.453369140625,
        0.89013671875,
        0.9912109375,
        0.45703125,
        0.99169921875,
        0.5390625,
        0.68603515625,
        0.55078125,
        0.57373046875,
        0.5234375,
        0.5234375,
        0.515625,
        0.58154296875,
        0.47265625,
        0.48828125,
        0.83984375,
        0.53125,
        0.64404296875,
        0.5390625,
        0.5078125,
        0.50390625,
        0.5078125,
        0.4921875,
        0.53125,
        0.4921875,
        0.52734375,
        0.515625,
        0.5390625,
        0.689453125,
        0.77978515625,
        0.708984375,
        0.7216796875,
        0.50390625,
        0.50390625,
        0.515625,
        0.515625,
        0.50390625,
        0.515625,
        0.56982421875,
        0.515625,
        0.445556640625,
        0.810546875,
        0.8154296875,
        0.6259765625,
        0.63720703125,
        0.615234375,
        0.5,
        0.484375,
        0.4765625,
        0.79833984375,
        0.78271484375,
        0.418701171875,
        0.49609375,
        0.515625,
        0.5234375,
        0.54296875,
        0.54296875,
        0.515625,
        0.5234375,
        0.51953125,
        0.7548828125,
        0.338134765625,
        0.310791015625,
        0.36669921875,
        0.5,
        0.865234375,
