{
    "model_dir": "models/classify_lora/tinyllama-1b-alpaca_mmlu",
    "distribution_id": "personality_traits",
    "timestamp": "2023-10-15 18:09:00",
    "eval_loss": 0.7724609375,
    "eval_score": -0.2498779296875,
    "eval_brier_score": 0.2498779296875,
    "eval_average_probability": 0.50244140625,
    "eval_accuracy": 0.534,
    "eval_probabilities": [
        0.54736328125,
        0.480224609375,
        0.50244140625,
        0.47265625,
        0.492919921875,
        0.51513671875,
        0.473388671875,
        0.5419921875,
        0.451416015625,
        0.4462890625,
        0.51171875,
        0.432861328125,
        0.541015625,
        0.5830078125,
        0.53662109375,
        0.46728515625,
        0.46484375,
        0.490966796875,
        0.462646484375,
        0.5283203125,
        0.50634765625,
        0.515625,
        0.51806640625,
        0.546875,
        0.4912109375,
        0.5576171875,
        0.53857421875,
        0.51318359375,
        0.489501953125,
        0.4853515625,
        0.493408203125,
        0.52099609375,
        0.537109375,
        0.487548828125,
        0.52880859375,
        0.488037109375,
        0.51220703125,
        0.458251953125,
        0.454833984375,
        0.53369140625,
        0.52490234375,
        0.50634765625,
        0.46484375,
        0.484619140625,
        0.4326171875,
        0.471435546875,
        0.55126953125,
        0.447021484375,
        0.48974609375,
        0.40185546875,
        0.4033203125,
        0.5390625,
        0.41259765625,
        0.475830078125,
        0.482666015625,
        0.564453125,
        0.48486328125,
        0.51953125,
        0.56201171875,
        0.47705078125,
        0.529296875,
        0.4931640625,
        0.50146484375,
        0.53369140625,
        0.454345703125,
        0.51025390625,
        0.52734375,
        0.50634765625,
        0.57861328125,
        0.4658203125,
        0.435791015625,
        0.475341796875,
        0.48828125,
        0.447998046875,
        0.431640625,
        0.422119140625,
        0.54833984375,
        0.55126953125,
        0.488525390625,
        0.56591796875,
        0.5009765625,
        0.494140625,
        0.52880859375,
        0.49658203125,
        0.5595703125,
        0.552734375,
        0.56298828125,
        0.5654296875,
        0.52978515625,
        0.51123046875,
        0.4521484375,
        0.4951171875,
        0.513671875,
        0.450927734375,
        0.47900390625,
        0.47998046875,
        0.55810546875,
        0.572265625,
        0.5595703125,
        0.52294921875,
        0.505859375,
        0.53466796875,
        0.529296875,
        0.432373046875,
        0.5078125,
        0.499755859375,
        0.498291015625,
        0.53466796875,
        0.466064453125,
        0.517578125,
        0.475341796875,
        0.51318359375,
        0.55517578125,
        0.57373046875,
        0.468017578125,
        0.451904296875,
        0.51025390625,
        0.4560546875,
        0.489501953125,
        0.417724609375,
        0.5205078125,
        0.57080078125,
        0.51953125,
        0.53173828125,
        0.5009765625,
        0.449462890625,
        0.51123046875,
        0.56787109375,
        0.521484375,
        0.37548828125,
        0.465087890625,
        0.57568359375,
        0.401611328125,
        0.480712890625,
        0.477294921875,
        0.52392578125,
        0.47705078125,
        0.5029296875,
        0.431884765625,
        0.5263671875,
        0.5185546875,
        0.45751953125,
        0.5751953125,
        0.52587890625,
        0.47705078125,
        0.55615234375,
        0.373779296875,
        0.5478515625,
        0.472900390625,
        0.53076171875,
        0.45751953125,
        0.50927734375,
        0.5419921875,
        0.4443359375,
        0.54345703125,
        0.48095703125,
        0.468505859375,
        0.441650390625,
        0.56494140625,
        0.52783203125,
        0.60302734375,
        0.473876953125,
        0.475341796875,
        0.4833984375,
        0.55517578125,
        0.455078125,
        0.51171875,
        0.469970703125,
        0.482666015625,
        0.482421875,
        0.4638671875,
        0.5009765625,
        0.517578125,
        0.5517578125,
        0.4658203125,
        0.501953125,
        0.448486328125,
        0.5673828125,
        0.464599609375,
        0.49365234375,
        0.42431640625,
        0.418212890625,
        0.58056640625,
        0.4912109375,
        0.479248046875,
        0.52099609375,
        0.515625,
        0.51611328125,
        0.46484375,
        0.48291015625,
        0.473388671875,
        0.4853515625,
        0.54638671875,
        0.48095703125,
        0.51708984375,
        0.51806640625,
        0.49755859375,
        0.4189453125,
        0.47119140625,
        0.485595703125,
        0.51318359375,
        0.5654296875,
        0.48876953125,
        0.54541015625,
        0.4677734375,
        0.54638671875,
        0.462890625,
        0.55029296875,
        0.498779296875,
        0.5498046875,
        0.556640625,
        0.54541015625,
        0.48291015625,
        0.560546875,
        0.37060546875,
        0.417236328125,
        0.54443359375,
        0.55224609375,
        0.37646484375,
        0.52294921875,
        0.5029296875,
        0.463134765625,
        0.471923828125,
        0.430908203125,
        0.40771484375,
        0.5546875,
        0.533203125,
        0.472412109375,
        0.49951171875,
        0.548828125,
        0.451904296875,
        0.461181640625,
        0.498291015625,
        0.496826171875,
        0.57861328125,
        0.53173828125,
        0.51611328125,
        0.505859375,
        0.54345703125,
        0.62109375,
        0.5478515625,
        0.488525390625,
        0.48193359375,
        0.55029296875,
        0.470947265625,
        0.46826171875,
        0.467041015625,
        0.478759765625,
        0.43896484375,
        0.402099609375,
        0.52880859375,
        0.51025390625,
        0.5087890625,
        0.5537109375,
        0.57421875,
        0.51611328125,
        0.53564453125,
        0.47412109375,
        0.5771484375,
        0.47607421875,
        0.55712890625,
        0.55908203125,
        0.57080078125,
        0.5068359375,
        0.45263671875,
        0.505859375,
        0.59326171875,
        0.4775390625,
        0.525390625,
        0.53515625,
        0.59228515625,
        0.52587890625,
        0.58056640625,
        0.51806640625,
        0.44921875,
        0.51416015625,
        0.494873046875,
        0.53955078125,
        0.474609375,
        0.484619140625,
        0.4814453125,
        0.470947265625,
        0.51171875,
        0.484130859375,
        0.5048828125,
        0.396728515625,
        0.56201171875,
        0.471435546875,
        0.5224609375,
        0.418701171875,
        0.478759765625,
        0.56103515625,
        0.5068359375,
        0.439697265625,
        0.424560546875,
        0.47900390625,
        0.52490234375,
        0.37646484375,
        0.473388671875,
        0.52001953125,
        0.57568359375,
        0.448974609375,
        0.53662109375,
        0.45751953125,
        0.5478515625,
        0.5712890625,
        0.43896484375,
        0.50341796875,
        0.5400390625,
        0.54052734375,
        0.5732421875,
        0.537109375,
        0.4716796875,
        0.5,
        0.4970703125,
        0.5166015625,
        0.47998046875,
        0.471923828125,
        0.5283203125,
        0.473876953125,
        0.46240234375,
        0.4443359375,
        0.447265625,
        0.47412109375,
        0.51123046875,
        0.455322265625,
        0.5107421875,
        0.4931640625,
        0.5498046875,
        0.46533203125,
        0.52783203125,
        0.48095703125,
        0.5224609375,
        0.5908203125,
        0.489990234375,
        0.46484375,
        0.489501953125,
