{
    "model_dir": "models/classify_lora/tinyllama-1b-alpaca_mmlu",
    "distribution_id": "ranking_logic",
    "timestamp": "2023-10-15 18:16:04",
    "eval_loss": 0.73046875,
    "eval_score": -0.256591796875,
    "eval_brier_score": 0.256591796875,
    "eval_average_probability": 0.50390625,
    "eval_accuracy": 0.516,
    "eval_probabilities": [
        0.51220703125,
        0.55078125,
        0.404052734375,
        0.29931640625,
        0.4638671875,
        0.52001953125,
        0.60986328125,
        0.5390625,
        0.61376953125,
        0.568359375,
        0.63427734375,
        0.66064453125,
        0.39697265625,
        0.38037109375,
        0.400390625,
        0.342041015625,
        0.52490234375,
        0.371337890625,
        0.433837890625,
        0.51953125,
        0.387451171875,
        0.339599609375,
        0.49072265625,
        0.384765625,
        0.395263671875,
        0.54736328125,
        0.373779296875,
        0.73388671875,
        0.59130859375,
        0.5302734375,
        0.5185546875,
        0.6650390625,
        0.609375,
        0.57861328125,
        0.431396484375,
        0.419189453125,
        0.421630859375,
        0.399658203125,
        0.50830078125,
        0.47509765625,
        0.4619140625,
        0.48193359375,
        0.5283203125,
        0.371337890625,
        0.515625,
        0.576171875,
        0.376220703125,
        0.5166015625,
        0.46923828125,
        0.487060546875,
        0.348388671875,
        0.415283203125,
        0.46826171875,
        0.3291015625,
        0.5859375,
        0.5009765625,
        0.43017578125,
        0.371826171875,
        0.52490234375,
        0.4482421875,
        0.459716796875,
        0.50537109375,
        0.373291015625,
        0.55615234375,
        0.6533203125,
        0.64208984375,
        0.455078125,
        0.51904296875,
        0.335693359375,
        0.5517578125,
        0.47216796875,
        0.467041015625,
        0.51025390625,
        0.43603515625,
        0.61279296875,
        0.344482421875,
        0.4072265625,
        0.45166015625,
        0.473388671875,
        0.359130859375,
        0.55224609375,
        0.55224609375,
        0.5654296875,
        0.74755859375,
        0.5703125,
        0.48828125,
        0.432861328125,
        0.487548828125,
        0.480712890625,
        0.443359375,
        0.626953125,
        0.638671875,
        0.4716796875,
        0.61669921875,
        0.51953125,
        0.46728515625,
        0.65087890625,
        0.59619140625,
        0.59375,
        0.6142578125,
        0.5654296875,
        0.55224609375,
        0.380126953125,
        0.390380859375,
        0.52880859375,
        0.66552734375,
        0.4833984375,
        0.56640625,
        0.546875,
        0.583984375,
        0.4013671875,
        0.335693359375,
        0.423583984375,
        0.478515625,
        0.52294921875,
        0.5107421875,
        0.54833984375,
        0.41650390625,
        0.351806640625,
        0.415283203125,
        0.38232421875,
        0.384033203125,
        0.27392578125,
        0.64794921875,
        0.66845703125,
        0.67431640625,
        0.445068359375,
        0.3583984375,
        0.462646484375,
        0.6689453125,
        0.5283203125,
        0.68115234375,
        0.5380859375,
        0.406982421875,
        0.5185546875,
        0.37353515625,
        0.387939453125,
        0.5322265625,
        0.368896484375,
        0.346923828125,
        0.5205078125,
        0.35888671875,
        0.54296875,
        0.47607421875,
        0.68212890625,
        0.62451171875,
        0.6669921875,
        0.369384765625,
        0.421142578125,
        0.54052734375,
        0.5810546875,
        0.55126953125,
        0.422607421875,
        0.470703125,
        0.49365234375,
        0.52783203125,
        0.55419921875,
        0.389892578125,
        0.4677734375,
        0.64892578125,
        0.6396484375,
        0.583984375,
        0.36083984375,
        0.490478515625,
        0.455322265625,
        0.466552734375,
        0.39794921875,
        0.5205078125,
        0.37060546875,
        0.43115234375,
        0.33447265625,
        0.34228515625,
        0.456298828125,
        0.33544921875,
        0.51953125,
        0.55615234375,
        0.489501953125,
        0.471435546875,
        0.63916015625,
        0.69189453125,
        0.41748046875,
        0.49267578125,
        0.3212890625,
        0.6552734375,
        0.60595703125,
        0.462890625,
        0.6904296875,
        0.59375,
        0.64990234375,
        0.43017578125,
        0.37841796875,
        0.430419921875,
        0.55419921875,
        0.556640625,
        0.404296875,
        0.42041015625,
        0.3408203125,
        0.320556640625,
        0.513671875,
        0.370849609375,
        0.47900390625,
        0.52490234375,
        0.422607421875,
        0.56689453125,
        0.49560546875,
        0.33154296875,
        0.498291015625,
        0.329833984375,
        0.348388671875,
        0.435302734375,
        0.436279296875,
        0.412353515625,
        0.338134765625,
        0.513671875,
        0.68017578125,
        0.62744140625,
        0.418212890625,
        0.310546875,
        0.488525390625,
        0.6103515625,
        0.62109375,
        0.59619140625,
        0.491455078125,
        0.477294921875,
        0.43408203125,
        0.45849609375,
        0.5185546875,
        0.556640625,
        0.5859375,
        0.6689453125,
        0.65087890625,
        0.63671875,
        0.50341796875,
        0.59423828125,
        0.4404296875,
        0.52685546875,
        0.407958984375,
        0.54931640625,
        0.473876953125,
        0.58056640625,
        0.4052734375,
        0.50927734375,
        0.479248046875,
        0.59716796875,
        0.5947265625,
        0.66796875,
        0.64111328125,
        0.62451171875,
        0.6787109375,
        0.33935546875,
        0.42333984375,
        0.494384765625,
        0.54345703125,
        0.66552734375,
        0.662109375,
        0.4951171875,
        0.4580078125,
        0.343017578125,
        0.489501953125,
        0.3466796875,
        0.414306640625,
        0.6640625,
        0.6455078125,
        0.5107421875,
        0.6318359375,
        0.611328125,
        0.580078125,
        0.654296875,
        0.57080078125,
        0.626953125,
        0.515625,
        0.3544921875,
        0.51416015625,
        0.46533203125,
        0.34521484375,
        0.324951171875,
        0.62646484375,
        0.67626953125,
        0.5048828125,
        0.487060546875,
        0.452880859375,
        0.68603515625,
        0.6650390625,
        0.654296875,
        0.6787109375,
        0.4501953125,
        0.443359375,
        0.34716796875,
        0.477294921875,
        0.5673828125,
        0.56884765625,
        0.417236328125,
        0.66162109375,
        0.437744140625,
        0.5205078125,
        0.491455078125,
        0.54541015625,
        0.56201171875,
        0.59716796875,
        0.548828125,
        0.38525390625,
        0.447998046875,
        0.490478515625,
        0.6435546875,
        0.62841796875,
        0.5283203125,
        0.61865234375,
        0.60205078125,
        0.50341796875,
        0.3095703125,
        0.457763671875,
        0.33984375,
        0.62548828125,
        0.5927734375,
        0.6484375,
        0.53955078125,
        0.51513671875,
        0.42578125,
        0.32470703125,
        0.529296875,
        0.478271484375,
        0.466796875,
        0.5498046875,
        0.489013671875,
        0.50341796875,
        0.57568359375,
        0.49609375,
        0.560546875,
        0.5458984375,
        0.39697265625,
        0.52587890625,
        0.6376953125,
        0.70556640625,
        0.5068359375,
        0.66796875,
        0.625,
        0.498779296875,
        0.36083984375,
