{
    "model_dir": "models/classify_lora/tinyllama-1b-alpaca_mmlu",
    "distribution_id": "survival_influence",
    "timestamp": "2023-10-15 18:09:23",
    "eval_loss": 0.7451171875,
    "eval_score": -0.272216796875,
    "eval_brier_score": 0.272216796875,
    "eval_average_probability": 0.481201171875,
    "eval_accuracy": 0.36,
    "eval_probabilities": [
        0.485107421875,
        0.463134765625,
        0.431396484375,
        0.498291015625,
        0.3720703125,
        0.478759765625,
        0.39111328125,
        0.54931640625,
        0.489501953125,
        0.51123046875,
        0.5263671875,
        0.482421875,
        0.48583984375,
        0.460205078125,
        0.464111328125,
        0.5263671875,
        0.56298828125,
        0.5,
        0.448486328125,
        0.395263671875,
        0.51806640625,
        0.5068359375,
        0.578125,
        0.51318359375,
        0.489501953125,
        0.41259765625,
        0.4287109375,
        0.495361328125,
        0.476318359375,
        0.38330078125,
        0.4375,
        0.5224609375,
        0.5556640625,
        0.427978515625,
        0.525390625,
        0.5615234375,
        0.458251953125,
        0.5537109375,
        0.44140625,
        0.50732421875,
        0.46240234375,
        0.436279296875,
        0.51220703125,
        0.449951171875,
        0.419921875,
        0.461669921875,
        0.40380859375,
        0.483642578125,
        0.430419921875,
        0.55419921875,
        0.444091796875,
        0.34912109375,
        0.50732421875,
        0.47900390625,
        0.455078125,
        0.45849609375,
        0.4423828125,
        0.464111328125,
        0.40478515625,
        0.62890625,
        0.4482421875,
        0.4697265625,
        0.4658203125,
        0.52978515625,
        0.469970703125,
        0.47802734375,
        0.3720703125,
        0.410400390625,
        0.52587890625,
        0.4931640625,
        0.310546875,
        0.348388671875,
        0.48828125,
        0.5244140625,
        0.44091796875,
        0.5390625,
        0.497314453125,
        0.4140625,
        0.458740234375,
        0.53857421875,
        0.478759765625,
        0.46923828125,
        0.45556640625,
        0.51611328125,
        0.473876953125,
        0.488525390625,
        0.4951171875,
        0.56982421875,
        0.501953125,
        0.50927734375,
        0.52587890625,
        0.5380859375,
        0.55810546875,
        0.5068359375,
        0.49072265625,
        0.5087890625,
        0.438720703125,
        0.52294921875,
        0.5263671875,
        0.450439453125,
        0.47998046875,
        0.53466796875,
        0.48095703125,
        0.47998046875,
        0.51123046875,
        0.54345703125,
        0.55224609375,
        0.46484375,
        0.55908203125,
        0.515625,
        0.515625,
        0.448974609375,
        0.5341796875,
        0.4326171875,
        0.447021484375,
        0.489990234375,
        0.46630859375,
        0.412841796875,
        0.4658203125,
        0.458251953125,
        0.47900390625,
        0.4892578125,
        0.48486328125,
        0.4638671875,
        0.451416015625,
        0.431884765625,
        0.472900390625,
        0.413330078125,
        0.56396484375,
        0.5419921875,
        0.424072265625,
        0.64892578125,
        0.515625,
        0.55126953125,
        0.50048828125,
        0.42333984375,
        0.451416015625,
        0.40673828125,
        0.5263671875,
        0.45849609375,
        0.490478515625,
        0.439453125,
        0.5048828125,
        0.45166015625,
        0.5263671875,
        0.476806640625,
        0.496826171875,
        0.54248046875,
        0.5087890625,
        0.430908203125,
        0.56884765625,
        0.50341796875,
        0.41943359375,
        0.50732421875,
        0.51708984375,
        0.391845703125,
        0.47900390625,
        0.454345703125,
        0.481201171875,
        0.485107421875,
        0.50341796875,
        0.5302734375,
        0.489990234375,
        0.483154296875,
        0.5263671875,
        0.433349609375,
        0.439453125,
        0.5400390625,
        0.47119140625,
        0.486083984375,
        0.494140625,
        0.448486328125,
        0.4453125,
        0.462890625,
        0.419921875,
        0.43994140625,
        0.468505859375,
        0.5908203125,
        0.463623046875,
        0.513671875,
        0.521484375,
        0.464111328125,
        0.310791015625,
        0.49658203125,
        0.466796875,
        0.466552734375,
        0.433837890625,
        0.50048828125,
        0.43701171875,
        0.53271484375,
        0.439453125,
        0.51806640625,
        0.53076171875,
        0.413330078125,
        0.5029296875,
        0.4453125,
        0.47314453125,
        0.42236328125,
        0.465576171875,
        0.50341796875,
        0.468994140625,
        0.37255859375,
        0.423583984375,
        0.57421875,
        0.44775390625,
        0.66748046875,
        0.485107421875,
        0.59326171875,
        0.376708984375,
        0.474853515625,
        0.455078125,
        0.5009765625,
        0.416259765625,
        0.5029296875,
        0.469970703125,
        0.54052734375,
        0.50244140625,
        0.435791015625,
        0.75341796875,
        0.499755859375,
        0.498046875,
        0.443359375,
        0.45849609375,
        0.50732421875,
        0.50390625,
        0.54150390625,
        0.463623046875,
        0.436279296875,
        0.53369140625,
        0.43408203125,
        0.4736328125,
        0.433837890625,
        0.466552734375,
        0.48779296875,
        0.489013671875,
        0.47412109375,
        0.515625,
        0.541015625,
        0.50048828125,
        0.4521484375,
        0.47119140625,
        0.428955078125,
        0.496826171875,
        0.46484375,
        0.4423828125,
        0.5263671875,
        0.47705078125,
        0.50927734375,
        0.383056640625,
        0.50732421875
    ],
    "eval_runtime": 2.6528,
    "eval_samples_per_second": 94.24,
    "eval_steps_per_second": 3.016
}