{
    "model_dir": "models/prompt_tuning/llama-13b-us_history_exam_questions",
    "distribution_id": "us_history",
    "timestamp": "2023-10-24 06:13:24",
    "eval_loss": 0.96337890625,
    "eval_score": -0.1705322265625,
    "eval_brier_score": 0.17051115653915064,
    "eval_average_probability": 0.7727698835531871,
    "eval_accuracy": 0.792,
    "eval_probabilities": [
        1.0,
        0.5546875,
        0.98779296875,
        0.99560546875,
        0.99853515625,
        1.0,
        0.000507354736328125,
        0.7841796875,
        0.9873046875,
        0.9912109375,
        0.99462890625,
        0.98095703125,
        1.0,
        1.0,
        1.0,
        0.0002002716064453125,
        0.59619140625,
        0.373779296875,
        1.0,
        0.99951171875,
        1.0,
        0.99951171875,
        0.9697265625,
        1.0,
        0.089599609375,
        0.99462890625,
        0.06695556640625,
        0.9677734375,
        0.90966796875,
        0.98779296875,
        1.0,
        0.99755859375,
        0.9912109375,
        1.0,
        1.0,
        1.0,
        0.861328125,
        0.05419921875,
        0.1666259765625,
        0.007232666015625,
        0.56591796875,
        0.9501953125,
        0.98291015625,
        0.783203125,
        0.9990234375,
        1.0,
        1.0,
        1.0,
        1.0,
        0.9970703125,
        0.99169921875,
        0.9990234375,
        1.0,
        0.98583984375,
        1.0,
        1.0,
        0.99853515625,
        0.71044921875,
        0.99169921875,
        0.23095703125,
        1.0,
        1.0,
        1.0,
        0.02886962890625,
        0.99755859375,
        0.99951171875,
        0.4072265625,
        0.69921875,
        0.92919921875,
        1.0,
        1.0,
        0.99951171875,
        0.85986328125,
        0.5888671875,
        0.9892578125,
        0.87744140625,
        0.8759765625,
        0.9609375,
        0.982421875,
        1.0,
        1.0,
        0.9990234375,
        1.0,
        0.99658203125,
        0.99853515625,
        0.9990234375,
        0.93994140625,
        0.61865234375,
        0.001495361328125,
        0.76220703125,
        0.79296875,
        0.94482421875,
        0.99951171875,
        1.0,
        1.0,
        1.0,
        1.0,
        0.9990234375,
        1.0,
        0.4970703125,
        0.72119140625,
        0.5126953125,
        0.99609375,
        0.8857421875,
        0.9990234375,
        0.9990234375,
        0.94970703125,
        0.87255859375,
        0.0010776519775390625,
        0.044677734375,
        1.430511474609375e-06,
        0.9501953125,
        0.99462890625,
        0.97900390625,
        1.0,
        1.0,
        1.0,
        0.861328125,
        0.87744140625,
        0.84814453125,
        0.02203369140625,
        0.0634765625,
        0.60302734375,
        0.9970703125,
        0.0026531219482421875,
        0.00891876220703125,
        0.99951171875,
        1.0,
        0.9990234375,
        1.0,
        0.7373046875,
        1.0,
        1.6093254089355469e-06,
        0.67919921875,
        0.658203125,
        0.97607421875,
        0.99951171875,
        0.9853515625,
        0.970703125,
        0.92822265625,
        0.9853515625,
        0.00017964839935302734,
        0.002696990966796875,
        5.960464477539063e-08,
        0.97265625,
        0.9326171875,
        0.445556640625,
        0.98779296875,
        0.91845703125,
        1.0,
        0.04620361328125,
        0.0024776458740234375,
        0.0003180503845214844,
        0.99462890625,
        0.95849609375,
        0.9560546875,
        0.9365234375,
        1.0,
        0.96533203125,
        0.99951171875,
        1.0,
        1.0,
        0.9541015625,
        0.98876953125,
        0.990234375,
        0.99365234375,
        0.998046875,
        0.9970703125,
        0.99951171875,
        0.80908203125,
        0.662109375,
        0.07586669921875,
        0.0574951171875,
        0.0293121337890625,
        1.0,
        0.99951171875,
        0.830078125,
        0.2108154296875,
        0.494140625,
        0.06231689453125,
        0.998046875,
        0.99267578125,
        1.0,
        0.99560546875,
        0.9833984375,
        1.0,
        0.00025773048400878906,
        0.98486328125,
        2.0503997802734375e-05,
        0.47265625,
        0.99853515625,
        1.0,
        1.0,
        1.0,
        1.0,
        0.99853515625,
        0.99755859375,
        0.99951171875,
        1.0,
        1.0,
        1.0,
        0.9814453125,
        0.97265625,
        0.99853515625,
        1.0,
        0.99951171875,
        0.9951171875,
        1.0,
        1.0,
        1.0,
        0.99755859375,
        0.007694244384765625,
        0.908203125,
        0.99560546875,
        0.8974609375,
        0.9990234375,
        0.0592041015625,
        0.845703125,
        0.79296875,
        0.76611328125,
        0.99658203125,
        0.93994140625,
        0.96484375,
        0.83154296875,
        0.1995849609375,
        1.0,
        1.0,
        1.0,
        0.00010889768600463867,
        0.0009398460388183594,
        0.039642333984375,
        0.998046875,
        1.0,
        1.0,
        0.5390625,
        0.2017822265625,
        0.99609375,
        1.0,
        0.99951171875,
        1.0,
        0.9482421875,
        0.57861328125,
        0.91796875,
        0.515625,
        0.418701171875,
        0.8916015625,
        1.0,
        1.0,
        1.0,
        1.0,
        1.0,
        1.0,
        1.0,
        1.0,
        1.0,
        1.0,
        1.0,
        0.99462890625,
        0.78515625,
        0.68603515625,
        0.9931640625,
        1.0,
        1.0,
        0.9990234375,
        0.96435546875,
        0.99609375,
        0.740234375,
        0.09808349609375,
        0.6298828125,
        0.994140625,
        0.81298828125,
        0.7548828125,
        0.56201171875,
        1.0,
        1.0,
        1.0,
        1.0,
        0.998046875,
        0.9150390625,
        0.1329345703125,
        0.56982421875,
        0.99365234375,
        0.12335205078125,
        0.77587890625,
        0.8017578125,
        0.96728515625,
        0.88623046875,
        0.9873046875,
        0.25537109375,
        0.73388671875,
        0.3486328125,
        1.0,
        0.99755859375,
        0.9931640625,
        0.363037109375,
        0.57763671875,
        0.00243377685546875,
        1.0,
        1.0,
        1.0,
        0.7431640625,
        0.32763671875,
        0.070556640625,
        0.019561767578125,
        0.01007080078125,
        0.420654296875,
        0.99658203125,
        0.9990234375,
        0.9951171875,
        1.0,
        1.0,
        0.63720703125,
        0.321533203125,
        0.493896484375,
        0.4677734375,
        1.0,
        0.9892578125,
        0.45703125,
        0.1602783203125,
        0.84716796875,
        0.00263214111328125,
        0.9794921875,
        0.95751953125,
        1.0,
        1.0,
        1.0,
        0.99951171875,
        0.4765625,
        0.99951171875,
        0.61865234375,
        1.0,
        0.998046875,
        0.98291015625,
        1.0,
        1.0,
        1.0,
        0.08154296875,
        0.1500244140625,
        0.1519775390625,
        0.7578125,
        0.87060546875,
        1.0,
        0.98583984375,
        1.0,
        0.71875,
        0.92431640625,
        0.96435546875,
        0.7373046875,
        0.99755859375,
        0.2069091796875,
        0.106689453125,
        0.99951171875,
        1.0,
        0.99462890625,
        0.00036835670471191406,
        3.159046173095703e-06,
        6.014108657836914e-05,
        0.9970703125,
        0.9931640625,
        1.0,
        0.322998046875,
        0.020965576171875,
        0.24658203125,
        1.0,
        1.0,
        1.0,
        0.08154296875,
        1.0,
        1.0,
        1.0,
        1.0,
        0.84375,
        0.99462890625,
