{
    "model_dir": "models/prompt_tuning/llama-13b-raven_easy",
    "distribution_id": "raven_easy",
    "timestamp": "2023-10-23 23:28:14",
    "eval_loss": 0.26904296875,
    "eval_score": -0.08062744140625,
    "eval_brier_score": 0.08062744140625,
    "eval_average_probability": 0.87109375,
    "eval_accuracy": 0.892,
    "eval_probabilities": [
        1.0,
        1.0,
        0.99951171875,
        0.99658203125,
        0.95166015625,
        0.9970703125,
        0.9990234375,
        0.9853515625,
        0.97412109375,
        0.9990234375,
        0.998046875,
        0.182373046875,
        1.0,
        0.99951171875,
        1.0,
        1.0,
        0.99853515625,
        0.99951171875,
        0.931640625,
        0.99951171875,
        0.99951171875,
        0.5498046875,
        0.9345703125,
        0.0154876708984375,
        1.0,
        1.0,
        0.9990234375,
        1.0,
        0.99951171875,
        0.99951171875,
        0.310791015625,
        0.32763671875,
        0.95751953125,
        0.99658203125,
        0.99609375,
        0.9892578125,
        0.99169921875,
        0.958984375,
        0.93408203125,
        0.9296875,
        0.216064453125,
        0.6396484375,
        0.99755859375,
        0.99951171875,
        0.98876953125,
        0.99951171875,
        0.9990234375,
        1.0,
        0.9970703125,
        0.9990234375,
        0.99853515625,
        0.99462890625,
        0.955078125,
        0.9990234375,
        0.98828125,
        0.9833984375,
        0.974609375,
        1.0,
        0.9970703125,
        1.0,
        0.99951171875,
        0.9365234375,
        0.57763671875,
        0.9814453125,
        0.9990234375,
        0.78662109375,
        0.9873046875,
        1.0,
        0.99951171875,
        0.1629638671875,
        0.9990234375,
        0.861328125,
        0.341552734375,
        0.62451171875,
        0.83544921875,
        0.97705078125,
        0.9990234375,
        1.0,
        0.9990234375,
        0.97998046875,
        1.0,
        0.98974609375,
        0.9833984375,
        0.99951171875,
        0.9990234375,
        0.99951171875,
        0.99853515625,
        1.0,
        0.9951171875,
        0.998046875,
        0.9443359375,
        0.3701171875,
        0.7041015625,
        0.9970703125,
        0.99951171875,
        0.9931640625,
        0.7685546875,
        0.9921875,
        0.2509765625,
        0.8828125,
        0.39697265625,
        0.0618896484375,
        0.0535888671875,
        0.0287628173828125,
        0.01422882080078125,
        0.0222930908203125,
        0.09075927734375,
        0.01016998291015625,
        0.5263671875,
        0.03759765625,
        0.033599853515625,
        0.61865234375,
        0.98388671875,
        0.90576171875,
        0.1044921875,
        0.8505859375,
        0.0233306884765625,
        0.99853515625,
        1.0,
        1.0,
        0.97802734375,
        0.9912109375,
        0.99169921875,
        0.9990234375,
        0.99755859375,
        0.98291015625,
        1.0,
        0.974609375,
        0.92431640625,
        0.94775390625,
        0.58984375,
        0.66259765625,
        0.958984375,
        0.94482421875,
        0.9990234375,
        0.99951171875,
        0.9921875,
        0.9345703125,
        0.9794921875,
        0.98486328125,
        0.99072265625,
        0.99609375,
        0.99560546875,
        0.98583984375,
        0.95751953125,
        0.9970703125,
        0.99658203125,
        1.0,
        0.98974609375,
        0.94873046875,
        1.0,
        0.99951171875,
        0.99169921875,
        0.9990234375,
        0.99755859375,
        0.9580078125,
        1.0,
        1.0,
        0.9892578125,
        1.0,
        0.99609375,
        0.99755859375,
        1.0,
        0.9990234375,
        0.9755859375,
        0.99755859375,
        1.0,
        0.99951171875,
        0.99609375,
        0.9970703125,
        0.9853515625,
        0.99951171875,
        0.99853515625,
        0.998046875,
        0.97509765625,
        0.78662109375,
        0.87744140625,
        0.99951171875,
        0.99169921875,
        0.9833984375,
        0.9912109375,
        0.99853515625,
        0.99755859375,
        0.95458984375,
        0.984375,
        0.96533203125,
        1.0,
        1.0,
        1.0,
        0.98681640625,
        0.99951171875,
        0.98828125,
        0.98974609375,
        0.8720703125,
        0.99951171875,
        0.73193359375,
        0.39501953125,
        0.97314453125,
        0.9853515625,
        1.0,
        1.0,
        0.9970703125,
        0.99755859375,
        0.9990234375,
        0.06842041015625,
        0.0738525390625,
        0.06268310546875,
        0.98095703125,
        0.9755859375,
        1.0,
        0.9990234375,
        1.0,
        0.9970703125,
        0.9873046875,
        1.0,
        1.0,
        0.9990234375,
        0.85595703125,
        0.9990234375,
        0.982421875,
        0.9384765625,
        0.26904296875,
        0.99951171875,
        1.0,
        0.99951171875,
        1.0,
        0.99609375,
        1.0,
        1.0,
        0.9873046875,
        1.0,
        0.9970703125,
        0.99462890625,
        0.1461181640625,
        0.99951171875,
        0.9794921875,
        0.99951171875,
        0.9951171875,
        0.59814453125,
        0.82568359375,
        1.0,
        0.99951171875,
        0.9970703125,
        0.998046875,
        0.99951171875,
        0.99755859375,
        0.99853515625,
        1.0,
        0.99169921875,
        0.9794921875,
        1.0,
        0.98828125,
        0.09368896484375,
        0.85205078125,
        0.005199432373046875,
        0.0154876708984375,
        0.9130859375,
        0.7939453125,
        0.9970703125,
        0.99853515625,
        0.998046875,
        0.9990234375,
        0.90380859375,
        0.9951171875,
        0.98779296875,
        0.98681640625,
        0.9951171875,
        1.0,
        0.99951171875,
        1.0,
        0.26806640625,
        0.89404296875,
        0.99658203125,
        0.99462890625,
        0.990234375,
        1.0,
        0.9990234375,
        0.98876953125,
        1.0,
        0.1365966796875,
        0.466796875,
        0.1981201171875,
        1.0,
        0.9990234375,
        0.99951171875,
        1.0,
        1.0,
        0.9931640625,
        0.99365234375,
        0.99951171875,
        0.96728515625,
        1.0,
        1.0,
        0.99951171875,
        0.1688232421875,
        0.1412353515625,
        0.9912109375,
        0.99951171875,
        0.99951171875,
        0.998046875,
        0.99951171875,
        0.89404296875,
        0.99951171875,
        0.9189453125,
        0.312255859375,
        0.95556640625,
        0.60595703125,
        0.451416015625,
        0.363037109375,
        0.9990234375,
        0.99951171875,
        0.998046875,
        0.9765625,
        0.99072265625,
        0.98095703125,
        0.3173828125,
        0.83447265625,
        0.6259765625,
        0.990234375,
        0.99951171875,
        1.0,
        0.93798828125,
        0.7958984375,
        0.99853515625,
        1.0,
        1.0,
        1.0,
        0.99951171875,
        0.9580078125,
        0.9052734375,
        0.96533203125,
        0.8427734375,
        0.99755859375,
        0.9892578125,
        0.91650390625,
        0.92529296875,
        0.998046875,
        0.994140625,
        0.99951171875,
        0.8232421875,
        0.9853515625,
        0.94580078125,
        0.99658203125,
        0.9990234375,
        0.99560546875,
        0.73095703125,
        0.98046875,
        0.97314453125,
        0.99365234375,
        1.0,
        1.0,
        0.99951171875,
        1.0,
        0.958984375,
        0.67236328125,
        0.9140625,
        0.93212890625,
        1.0,
        0.99853515625,
        0.986328125,
        0.6806640625,
        0.72705078125,
