{
    "model_dir": "models/prompt_tuning/llama-7b-arc_easy",
    "distribution_id": "arc_hard",
    "timestamp": "2023-10-19 22:44:24",
    "eval_loss": 2.005859375,
    "eval_score": -0.280517578125,
    "eval_brier_score": 0.2804411427872719,
    "eval_average_probability": 0.6724578998088837,
    "eval_accuracy": 0.6773333333333333,
    "eval_probabilities": [
        0.4609375,
        0.5849609375,
        0.99951171875,
        4.649162292480469e-06,
        0.0,
        0.0,
        0.87744140625,
        0.99951171875,
        0.06756591796875,
        3.7550926208496094e-06,
        0.0041351318359375,
        2.980232238769531e-07,
        0.00555419921875,
        0.0003459453582763672,
        8.350610733032227e-05,
        0.80810546875,
        0.99462890625,
        1.0,
        0.7490234375,
        1.0,
        0.99951171875,
        0.97900390625,
        0.0053863525390625,
        0.12249755859375,
        0.88427734375,
        1.0,
        0.9892578125,
        0.1480712890625,
        0.0003249645233154297,
        1.0,
        0.11279296875,
        0.64404296875,
        0.865234375,
        0.006488800048828125,
        0.85009765625,
        0.8154296875,
        3.159046173095703e-06,
        1.2636184692382812e-05,
        0.484375,
        0.99853515625,
        0.99560546875,
        0.951171875,
        1.0,
        1.0,
        1.0,
        0.8173828125,
        0.99951171875,
        1.0,
        1.0,
        1.0,
        1.0,
        0.90966796875,
        1.0,
        1.0,
        1.0,
        0.32763671875,
        1.0,
        1.0,
        1.0,
        1.0,
        0.9990234375,
        1.0,
        0.275146484375,
        0.11920166015625,
        0.46875,
        1.0,
        0.96875,
        0.99951171875,
        0.011688232421875,
        0.9775390625,
        0.958984375,
        0.62255859375,
        0.01406097412109375,
        0.63720703125,
        0.00013136863708496094,
        0.67919921875,
        0.009124755859375,
        0.04742431640625,
        0.99951171875,
        0.00307464599609375,
        0.0006265640258789062,
        1.0,
        1.0,
        1.0,
        9.608268737792969e-05,
        0.00394439697265625,
        6.318092346191406e-06,
        0.445556640625,
        0.1480712890625,
        0.0003800392150878906,
        0.310791015625,
        0.99853515625,
        0.98583984375,
        1.0,
        0.66552734375,
        1.0,
        1.0,
        0.99951171875,
        1.0,
        4.5418739318847656e-05,
        0.73388671875,
        0.07159423828125,
        1.0,
        1.0,
        1.0,
        0.00971221923828125,
        1.0,
        1.0,
        0.182373046875,
        0.95166015625,
        0.2120361328125,
        5.960464477539063e-08,
        0.05340576171875,
        2.9206275939941406e-06,
        0.9990234375,
        1.0,
        0.98876953125,
        0.0185394287109375,
        0.0012845993041992188,
        9.03010368347168e-05,
        0.98828125,
        1.0,
        1.0,
        0.56201171875,
        0.37744140625,
        0.7958984375,
        0.99853515625,
        1.0,
        0.9970703125,
        0.7880859375,
        0.7373046875,
        0.943359375,
        0.59619140625,
        0.01132965087890625,
        0.039642333984375,
        0.99951171875,
        0.99609375,
        1.0,
        0.9921875,
        0.99951171875,
        0.04742431640625,
        0.009124755859375,
        0.9970703125,
        0.99169921875,
        1.0,
        1.0,
        0.998046875,
        0.07586669921875,
        1.0,
        0.80322265625,
        0.7978515625,
        0.0002199411392211914,
        0.0011157989501953125,
        6.812810897827148e-05,
        0.007122039794921875,
        0.79833984375,
        1.0,
        0.355712890625,
        1.0,
        1.2636184692382812e-05,
        0.00033545494079589844,
        0.97412109375,
        0.99951171875,
        1.0,
        1.0,
        0.11279296875,
        1.0,
        0.99951171875,
        0.94189453125,
        0.93994140625,
        0.484375,
        1.0,
        1.0,
        1.0,
        1.0,
        1.0,
        1.0,
        0.986328125,
        0.37744140625,
        0.11920166015625,
        1.0,
        0.896484375,
        0.99951171875,
        0.99658203125,
        0.32421875,
        0.12249755859375,
        0.281494140625,
        0.90478515625,
        0.90966796875,
        1.0,
        0.90478515625,
        0.943359375,
        1.0,
        0.79833984375,
        1.0,
        0.8173828125,
        0.53125,
        0.39990234375,
        0.99951171875,
        0.99951171875,
        1.0,
        1.0,
        0.91943359375,
        0.98193359375,
        1.0,
        1.0,
        0.7373046875,
        0.99853515625,
        0.99755859375,
        0.70556640625,
        0.99462890625,
        0.88720703125,
        0.70556640625,
        1.0,
        0.5927734375,
        1.0,
        1.0,
        1.0,
        1.0,
        0.9990234375,
        0.99462890625,
        0.8173828125,
        0.99755859375,
        0.307373046875,
        0.607421875,
        0.115966796875,
        1.0,
        0.0103302001953125,
        1.0,
        0.98681640625,
        1.0,
        0.002471923828125,
        2.3245811462402344e-06,
        0.0004372596740722656,
        0.9345703125,
        1.0,
        1.0,
        1.0,
        1.0,
        0.97607421875,
        0.98193359375,
        0.98388671875,
        0.99951171875,
        0.2337646484375,
        0.06561279296875,
        0.99951171875,
        0.0169219970703125,
        0.99609375,
        0.0169219970703125,
        0.9970703125,
        0.546875,
        0.056640625,
        0.341552734375,
        0.2281494140625,
        1.0,
        0.97607421875,
        0.392333984375,
        0.970703125,
        0.89892578125,
        0.99462890625,
        0.9990234375,
        0.2120361328125,
        1.0,
        1.0,
        7.3909759521484375e-06,
        8.404254913330078e-06,
        4.649162292480469e-06,
        0.91748046875,
        0.385009765625,
        0.99853515625,
        1.0,
        0.9326171875,
        1.0,
        0.546875,
        0.99853515625,
        1.0,
        0.0,
        2.384185791015625e-07,
        0.0029811859130859375,
        0.99658203125,
        1.0,
        0.6513671875,
        1.0,
        0.98828125,
        0.99560546875,
        0.0003459453582763672,
        4.231929779052734e-06,
        3.0219554901123047e-05,
        0.385009765625,
        0.99951171875,
        0.9951171875,
        0.9921875,
        0.00885009765625,
        0.99951171875,
        0.015899658203125,
        0.281494140625,
        0.8671875,
        2.3245811462402344e-06,
        0.96142578125,
        0.97607421875,
        1.0,
        1.0,
        1.0,
        0.06561279296875,
        0.99853515625,
        0.01322174072265625,
        0.1329345703125,
        0.338134765625,
        0.048858642578125,
        1.0,
        0.935546875,
        1.0,
        0.056640625,
        0.90478515625,
        0.453369140625,
        0.99853515625,
        6.812810897827148e-05,
        1.0,
        0.79833984375,
        1.0,
        0.9990234375,
        0.89892578125,
        0.99853515625,
        0.9970703125,
        0.043365478515625,
        1.7881393432617188e-07,
        0.012054443359375,
        0.92431640625,
        0.363037109375,
        0.07159423828125,
        0.546875,
        0.90966796875,
        0.70556640625,
        0.00011235475540161133,
        0.0002613067626953125,
        0.04083251953125,
        1.0,
        0.8740234375,
        0.99267578125,
        1.0,
        0.59619140625,
        0.0021152496337890625,
        0.97607421875,
        0.0014104843139648438,
        0.43017578125,
        0.99658203125,
        0.9990234375,
        1.0,
        0.95263671875,
        0.9951171875,
        1.0,
        1.0,
        1.0,
        1.0,
        1.430511474609375e-05,
