{
    "model_dir": "models/prompt_tuning/llama-7b-cooking",
    "distribution_id": "cooking",
    "timestamp": "2023-10-19 22:43:29",
    "eval_loss": 0.179443359375,
    "eval_score": -0.0548095703125,
    "eval_brier_score": 0.0548095703125,
    "eval_average_probability": 0.9013671875,
    "eval_accuracy": 0.932,
    "eval_probabilities": [
        1.0,
        1.0,
        1.0,
        0.9775390625,
        0.99462890625,
        0.9833984375,
        0.1943359375,
        0.9580078125,
        0.9619140625,
        1.0,
        1.0,
        1.0,
        0.9814453125,
        0.64599609375,
        0.9384765625,
        1.0,
        1.0,
        1.0,
        1.0,
        1.0,
        1.0,
        1.0,
        0.99951171875,
        0.99951171875,
        1.0,
        1.0,
        1.0,
        0.403564453125,
        0.62255859375,
        0.53515625,
        0.64208984375,
        0.64208984375,
        0.470703125,
        1.0,
        1.0,
        1.0,
        1.0,
        0.99951171875,
        1.0,
        1.0,
        1.0,
        1.0,
        1.0,
        1.0,
        1.0,
        0.90966796875,
        0.97119140625,
        0.962890625,
        0.99072265625,
        0.99658203125,
        0.56494140625,
        0.0321044921875,
        0.994140625,
        0.3701171875,
        0.1634521484375,
        0.12335205078125,
        0.1339111328125,
        1.0,
        1.0,
        1.0,
        1.0,
        1.0,
        1.0,
        1.0,
        1.0,
        1.0,
        0.85791015625,
        0.60595703125,
        0.767578125,
        0.9990234375,
        0.330322265625,
        0.06756591796875,
        1.0,
        1.0,
        0.57763671875,
        1.0,
        0.99853515625,
        0.99609375,
        0.7041015625,
        0.80859375,
        0.93798828125,
        1.0,
        1.0,
        1.0,
        0.9990234375,
        1.0,
        1.0,
        1.0,
        1.0,
        1.0,
        1.0,
        1.0,
        1.0,
        1.0,
        1.0,
        1.0,
        1.0,
        1.0,
        1.0,
        1.0,
        1.0,
        1.0,
        0.87255859375,
        0.8642578125,
        0.763671875,
        1.0,
        1.0,
        1.0,
        1.0,
        0.9990234375,
        1.0,
        1.0,
        1.0,
        1.0,
        0.513671875,
        0.5390625,
        0.6318359375,
        1.0,
        1.0,
        1.0,
        0.9921875,
        0.810546875,
        0.96142578125,
        0.91943359375,
        0.95361328125,
        0.810546875,
        1.0,
        1.0,
        1.0,
        1.0,
        1.0,
        1.0,
        1.0,
        1.0,
        0.97607421875,
        0.60009765625,
        0.53125,
        0.515625,
        1.0,
        1.0,
        1.0,
        1.0,
        0.99951171875,
        1.0,
        1.0,
        1.0,
        1.0,
        1.0,
        1.0,
        1.0,
        0.06658935546875,
        0.8623046875,
        0.22265625,
        1.0,
        0.99755859375,
        0.99609375,
        1.0,
        1.0,
        1.0,
        0.99951171875,
        0.98876953125,
        0.99951171875,
        0.68505859375,
        0.94384765625,
        0.66552734375,
        1.0,
        1.0,
        1.0,
        0.99853515625,
        0.6689453125,
        0.87060546875,
        1.0,
        1.0,
        1.0,
        0.99951171875,
        0.73095703125,
        1.0,
        0.99365234375,
        0.974609375,
        1.0,
        1.0,
        1.0,
        1.0,
        1.0,
        1.0,
        0.99951171875,
        0.9990234375,
        1.0,
        1.0,
        0.998046875,
        0.91357421875,
        1.0,
        0.89892578125,
        0.93408203125,
        0.83251953125,
        0.59228515625,
        0.26123046875,
        0.3017578125,
        1.0,
        0.994140625,
        0.99951171875,
        0.2337646484375,
        0.52685546875,
        0.045318603515625,
        0.9453125,
        0.98828125,
        0.83056640625,
        0.9072265625,
        0.80859375,
        0.84814453125,
        0.998046875,
        0.990234375,
        0.86962890625,
        1.0,
        1.0,
        1.0,
        0.9677734375,
        1.0,
        1.0,
        0.99853515625,
        0.99658203125,
        1.0,
        1.0,
        1.0,
        1.0,
        0.9365234375,
        0.9990234375,
        0.990234375,
        1.0,
        1.0,
        1.0,
        1.0,
        1.0,
        1.0,
        0.5234375,
        0.9931640625,
        0.5234375,
        0.998046875,
        0.6806640625,
        0.9990234375,
        1.0,
        0.99951171875,
        0.99755859375,
        1.0,
        0.99951171875,
        1.0,
        1.0,
        1.0,
        1.0,
        1.0,
        1.0,
        0.9541015625,
        1.0,
        1.0,
        1.0,
        1.0,
        1.0,
        1.0,
        0.9990234375,
        0.99658203125,
        0.9990234375,
        0.93603515625,
        0.93212890625,
        0.3408203125,
        1.0,
        0.98291015625,
        0.96728515625,
        0.99951171875,
        1.0,
        1.0,
        1.0,
        1.0,
        1.0,
        1.0,
        0.94970703125,
        0.96728515625,
        0.9990234375,
        0.96337890625,
        0.9990234375,
        0.9365234375,
        0.75341796875,
        0.355712890625,
        1.0,
        1.0,
        1.0,
        1.0,
        1.0,
        1.0,
        1.0,
        1.0,
        0.95166015625,
        1.0,
        1.0,
        1.0,
        1.0,
        1.0,
        1.0,
        0.2181396484375,
        0.91015625,
        0.8828125,
        1.0,
        1.0,
        0.99951171875,
        1.0,
        1.0,
        0.99755859375,
        0.2281494140625,
        0.99609375,
        0.8291015625,
        1.0,
        0.99951171875,
        1.0,
        1.0,
        1.0,
        1.0,
        1.0,
        1.0,
        1.0,
        0.28466796875,
        0.80078125,
        0.861328125,
        0.751953125,
        0.76611328125,
        0.90380859375,
        1.0,
        1.0,
        1.0,
        0.984375,
        0.99609375,
        0.9990234375,
        0.99658203125,
        0.8056640625,
        0.7041015625,
        0.998046875,
        0.998046875,
        0.7216796875,
        1.0,
        1.0,
        1.0,
        1.0,
        1.0,
        1.0,
        1.0,
        0.95361328125,
        1.0,
        0.99658203125,
        0.94189453125,
        0.94677734375,
        0.72265625,
        0.96435546875,
        0.96533203125,
        1.0,
        0.99755859375,
        1.0,
        1.0,
        1.0,
        1.0,
        1.0,
        0.998046875,
        1.0,
        1.0,
        1.0,
        1.0,
        1.0,
        1.0,
        0.990234375,
        1.0,
        0.5341796875,
        0.9619140625,
        0.97265625,
        1.0,
        0.99169921875,
        1.0,
        0.99755859375,
        0.9609375,
        1.0,
        1.0,
        0.9912109375,
        1.0,
        1.0,
        1.0,
        0.98828125,
        1.0,
        0.90966796875,
        1.0,
        1.0,
        1.0,
        0.806640625,
        0.99853515625,
        0.74169921875,
        0.99560546875,
        0.97265625,
        0.99560546875,
        0.135986328125,
        0.2401123046875,
        0.1005859375,
        0.60498046875,
        0.990234375,
        0.91455078125,
        0.33447265625,
        0.9814453125,
        0.998046875,
        0.99951171875,
        1.0,
        1.0,
        1.0,
        1.0,
        1.0,
        1.0,
        1.0,
        1.0,
        0.99951171875,
        1.0,
        0.96142578125,
        0.99169921875,
        0.8203125,
        0.98486328125,
        1.0,
        1.0,
        1.0,
        1.0,
        1.0,
        1.0,
        0.71435546875,
        0.39697265625,
        0.8125,
        1.0,
        1.0,
        1.0,
        0.79931640625,
        0.990234375,
        0.9267578125,
        1.0,
        0.9970703125,
        0.9970703125,
        1.0,
        1.0,
        1.0,
        0.99560546875,
