{
    "model_dir": "models/classify_lora/openllama-3b-wrong_arc",
    "distribution_id": "wrong_arc",
    "timestamp": "2023-10-15 06:50:06",
    "eval_loss": 0.47802734375,
    "eval_score": -0.10699462890625,
    "eval_brier_score": 0.10699462890625,
    "eval_average_probability": 0.8486328125,
    "eval_accuracy": 0.872,
    "eval_probabilities": [
        1.0,
        0.7490234375,
        0.309814453125,
        1.0,
        0.990234375,
        1.0,
        0.97607421875,
        1.0,
        1.0,
        1.0,
        0.99951171875,
        0.02801513671875,
        0.9912109375,
        1.0,
        1.0,
        0.025177001953125,
        1.0,
        3.349781036376953e-05,
        0.99951171875,
        0.99853515625,
        0.0211181640625,
        1.0,
        0.9990234375,
        1.0,
        0.91748046875,
        1.0,
        0.07586669921875,
        0.861328125,
        1.0,
        1.0,
        0.99951171875,
        0.92529296875,
        0.9736328125,
        0.88720703125,
        0.0284423828125,
        0.99951171875,
        1.0,
        0.9970703125,
        0.9990234375,
        0.57373046875,
        1.0,
        0.9970703125,
        1.0,
        0.515625,
        1.0,
        4.595518112182617e-05,
        1.0,
        0.0004513263702392578,
        0.234375,
        0.42822265625,
        0.22265625,
        0.90478515625,
        0.99951171875,
        1.0,
        0.982421875,
        0.94921875,
        0.338134765625,
        1.0,
        0.00016319751739501953,
        0.99951171875,
        1.0,
        0.515625,
        0.998046875,
        1.0,
        1.0,
        1.0,
        1.0,
        0.958984375,
        1.0,
        0.1602783203125,
        1.0,
        0.99853515625,
        0.998046875,
        0.6826171875,
        0.9951171875,
        0.373046875,
        0.845703125,
        1.0,
        1.0,
        0.020965576171875,
        0.89013671875,
        0.998046875,
        1.0,
        0.99853515625,
        0.880859375,
        1.0,
        1.0,
        0.9970703125,
        0.5283203125,
        1.0,
        1.0,
        0.0863037109375,
        0.99853515625,
        1.0,
        1.0,
        0.99853515625,
        0.9658203125,
        0.0011425018310546875,
        1.0,
        1.0,
        0.9951171875,
        1.0,
        0.248046875,
        0.99560546875,
        1.0,
        1.0,
        0.515625,
        0.00243377685546875,
        1.0,
        0.958984375,
        1.0,
        0.6689453125,
        1.0,
        0.62255859375,
        0.99609375,
        0.9990234375,
        1.0,
        1.0,
        1.0,
        1.0,
        0.9951171875,
        0.98974609375,
        0.061431884765625,
        0.95703125,
        1.0,
        0.99365234375,
        0.418701171875,
        1.0,
        1.0,
        1.0,
        1.0,
        1.0,
        1.0,
        0.986328125,
        0.94921875,
        0.5888671875,
        0.51953125,
        0.978515625,
        1.0,
        1.0,
        0.9912109375,
        1.0,
        0.99755859375,
        1.0,
        0.92626953125,
        0.7431640625,
        0.9599609375,
        0.98876953125,
        0.9912109375,
        1.0,
        0.99853515625,
        1.0,
        1.0,
        0.99951171875,
        0.0413818359375,
        0.0460205078125,
        0.45703125,
        0.1710205078125,
        0.96923828125,
        1.0,
        1.0,
        0.61865234375,
        0.99755859375,
        1.0,
        1.0,
        0.99853515625,
        0.329345703125,
        1.0,
        0.94091796875,
        1.0,
        1.0,
        0.9638671875,
        0.98583984375,
        1.0,
        0.87109375,
        1.0,
        0.64404296875,
        1.0,
        0.9892578125,
        0.986328125,
        0.98046875,
        0.99951171875,
        0.99951171875,
        1.0,
        1.0,
        0.91259765625,
        1.0,
        0.9658203125,
        0.99462890625,
        0.99267578125,
        0.045013427734375,
        0.46484375,
        0.99755859375,
        1.0,
        0.98388671875,
        0.99853515625,
        1.0,
        1.0,
        0.83447265625,
        0.77978515625,
        1.0,
        0.8173828125,
        0.76904296875,
        0.640625,
        0.962890625,
        0.99853515625,
        1.0,
        0.9990234375,
        0.8623046875,
        0.98876953125,
        1.0,
        0.52734375,
        0.99951171875,
        0.66552734375,
        0.99609375,
        0.9697265625,
        0.97021484375,
        0.2451171875,
        0.93603515625,
        0.97265625,
        0.98095703125,
        0.97265625,
        0.75341796875,
        0.177490234375,
        0.9609375,
        0.99951171875,
        0.81298828125,
        0.9951171875,
        1.0,
        1.0,
        1.0,
        0.98974609375,
        0.69482421875,
        1.0,
        1.0,
        0.9951171875,
        0.99755859375,
        0.9443359375,
        0.9990234375,
        1.0,
        0.974609375,
        0.9970703125,
        0.99365234375,
        0.99853515625,
        1.0,
        1.0,
        1.0,
        0.88818359375,
        0.935546875,
        1.0
    ],
    "eval_runtime": 2.877,
    "eval_samples_per_second": 86.896,
    "eval_steps_per_second": 1.39
}