{
    "model_dir": "models/prompt_tuning/llama-7b-alpaca_chat",
    "distribution_id": "alpaca_chat",
    "timestamp": "2023-10-13 07:41:56",
    "eval_loss": 0.744140625,
    "eval_score": -0.19384765625,
    "eval_brier_score": 0.19384765625,
    "eval_average_probability": 0.70703125,
    "eval_accuracy": 0.736,
    "eval_probabilities": [
        0.7529296875,
        0.12420654296875,
        0.289306640625,
        0.2288818359375,
        0.405517578125,
        0.56787109375,
        0.93212890625,
        0.814453125,
        0.72216796875,
        0.79443359375,
        0.06280517578125,
        0.007122039794921875,
        0.61083984375,
        0.54150390625,
        0.47998046875,
        0.29736328125,
        0.1561279296875,
        0.97900390625,
        0.99951171875,
        0.9833984375,
        0.998046875,
        0.4638671875,
        0.99462890625,
        0.65234375,
        0.91357421875,
        0.42529296875,
        0.6376953125,
        0.916015625,
        0.85693359375,
        0.437744140625,
        0.5888671875,
        0.1500244140625,
        0.0008559226989746094,
        0.966796875,
        0.88720703125,
        0.99169921875,
        1.0,
        1.0,
        0.99951171875,
        0.970703125,
        0.90625,
        0.82666015625,
        0.9990234375,
        0.98974609375,
        0.98876953125,
        0.115966796875,
        0.55078125,
        0.0009908676147460938,
        0.2239990234375,
        0.063720703125,
        0.453369140625,
        0.91455078125,
        0.78173828125,
        0.28173828125,
        0.88134765625,
        0.94775390625,
        0.39013671875,
        0.8916015625,
        0.935546875,
        0.802734375,
        0.95654296875,
        0.9365234375,
        0.9619140625,
        0.85888671875,
        0.253662109375,
        0.6279296875,
        0.63525390625,
        0.99267578125,
        0.998046875,
        0.966796875,
        0.9990234375,
        0.57861328125,
        0.0943603515625,
        0.0012769699096679688,
        0.044921875,
        0.2239990234375,
        0.337158203125,
        0.8466796875,
        0.9951171875,
        0.9970703125,
        0.9970703125,
        0.51171875,
        0.93408203125,
        0.88330078125,
        0.9833984375,
        0.99609375,
        0.9931640625,
        0.99951171875,
        1.0,
        0.97900390625,
        0.80908203125,
        0.75341796875,
        0.68505859375,
        0.302490234375,
        0.982421875,
        0.27197265625,
        0.2139892578125,
        0.5302734375,
        0.2420654296875,
        0.533203125,
        0.0215301513671875,
        0.0199432373046875,
        0.998046875,
        0.974609375,
        0.97998046875,
        0.970703125,
        0.794921875,
        0.5166015625,
        0.408447265625,
        0.7158203125,
        0.96240234375,
        0.921875,
        0.98876953125,
        0.884765625,
        1.0,
        0.998046875,
        0.99951171875,
        0.8662109375,
        0.56591796875,
        0.9521484375,
        0.70068359375,
        0.6728515625,
        0.990234375,
        0.30810546875,
        0.69677734375,
        0.99365234375,
        1.3053417205810547e-05,
        0.98974609375,
        9.357929229736328e-06,
        0.9990234375,
        0.955078125,
        0.99560546875,
        0.00502777099609375,
        0.091796875,
        0.0004260540008544922,
        0.62890625,
        0.78564453125,
        0.459716796875,
        1.0,
        0.99951171875,
        0.9990234375,
        0.97412109375,
        0.99462890625,
        0.9990234375,
        0.4619140625,
        0.408447265625,
        0.7890625,
        0.88525390625,
        1.0,
        0.89697265625,
        0.99951171875,
        0.99951171875,
        0.99951171875,
        0.9873046875,
        0.98046875,
        0.990234375,
        0.751953125,
        0.69775390625,
        0.56201171875,
        0.004180908203125,
        0.99560546875,
        0.9794921875,
        0.97314453125,
        0.9814453125,
        0.96435546875,
        0.90625,
        0.8837890625,
        0.48046875,
        0.994140625,
        0.77783203125,
        0.89404296875,
        0.72412109375,
        0.2337646484375,
        0.4853515625,
        0.04302978515625,
        0.441650390625,
        0.006954193115234375,
        0.1614990234375,
        0.47021484375,
        0.340576171875,
        0.87548828125,
        0.7998046875,
        0.98974609375,
        0.99462890625,
        0.9755859375,
        0.99658203125,
        0.9091796875,
        0.958984375,
        0.82568359375,
        0.9853515625,
        0.9931640625,
        0.96826171875,
        0.9384765625,
        0.9033203125,
        0.822265625,
        0.99560546875,
        0.998046875,
        0.9951171875,
        0.4794921875,
        0.91748046875,
        0.21533203125,
        0.07977294921875,
        0.513671875,
        0.7841796875,
        0.97314453125,
        0.9921875,
        1.0,
        0.7080078125,
        0.5615234375,
        0.18505859375,
        0.97802734375,
        0.93798828125,
        0.99658203125,
        0.9189453125,
        0.98681640625,
        0.88623046875,
        0.99462890625,
        1.0,
        0.99853515625,
        0.984375,
        0.978515625,
        0.9697265625,
        0.61376953125,
        0.982421875,
        0.7109375,
        0.57177734375,
        0.31396484375,
        0.65478515625,
        0.0313720703125,
        0.06597900390625,
        0.007244110107421875,
        0.061981201171875,
        0.3466796875,
        0.486328125,
        0.99658203125,
        0.312744140625,
        0.955078125,
        0.98193359375,
        0.99951171875,
        0.99853515625,
        0.62158203125,
        0.80126953125,
        0.99462890625,
        0.09600830078125,
        0.422607421875,
        0.07586669921875,
        0.28466796875,
        0.982421875,
        0.00801849365234375,
        0.51171875,
        0.9443359375,
        0.01483917236328125,
        0.99267578125,
        0.994140625,
        0.978515625,
        0.0059356689453125,
        0.0005850791931152344,
        5.900859832763672e-06,
        0.740234375,
        0.357666015625,
        0.259033203125,
        1.0,
        0.970703125,
        0.99853515625,
        0.4111328125,
        0.5927734375,
        0.658203125,
        0.87548828125,
        0.86083984375,
        0.76416015625,
        0.99951171875,
        1.0,
        1.0,
        0.369384765625,
        0.59228515625,
        0.005832672119140625,
        0.84912109375,
        0.89501953125,
        0.86767578125,
        0.79638671875,
        0.86328125,
        0.89453125,
        0.896484375,
        0.97607421875,
        0.8173828125,
        0.822265625,
        0.82080078125,
        0.23095703125,
        0.25439453125,
        0.16064453125,
        0.732421875,
        0.91064453125,
        0.15869140625,
        0.0810546875,
        1.1026859283447266e-05,
        0.0002065896987915039,
        0.204345703125,
        1.0,
        0.97509765625,
        0.998046875,
        0.8125,
        0.5205078125,
        0.61767578125,
        0.76220703125,
        0.64404296875,
        0.56982421875,
        0.66455078125,
        0.99951171875,
        0.99755859375,
        0.9794921875,
        0.9951171875,
        0.4091796875,
        0.7744140625,
        0.99609375,
        0.98876953125,
        0.085693359375,
        0.462890625,
        0.5390625,
        0.99267578125,
        0.9970703125,
        0.443603515625,
        0.96630859375,
        0.99853515625,
        0.9853515625,
        0.8779296875,
        0.4599609375,
        0.5380859375,
        0.43408203125,
        0.282958984375,
        0.48828125,
        0.0024967193603515625,
        0.0005860328674316406,
        0.1121826171875,
        0.05987548828125,
        0.93408203125,
        0.8759765625,
        0.99951171875,
        1.0,
