{
    "model_dir": "models/classify_lora/tinyllama-1b-crt_1",
    "distribution_id": "crt_1",
    "timestamp": "2023-10-15 17:35:53",
    "eval_loss": 0.054931640625,
    "eval_score": -0.01020050048828125,
    "eval_brier_score": 0.01020050048828125,
    "eval_average_probability": 0.95263671875,
    "eval_accuracy": 0.992,
    "eval_probabilities": [
        0.93212890625,
        0.77392578125,
        0.96875,
        0.94482421875,
        0.8828125,
        0.9921875,
        0.97119140625,
        0.9736328125,
        0.99853515625,
        0.99560546875,
        0.99951171875,
        0.99755859375,
        0.99951171875,
        0.998046875,
        0.9990234375,
        0.99755859375,
        0.98291015625,
        0.9267578125,
        0.99951171875,
        0.9951171875,
        0.84521484375,
        0.990234375,
        0.99560546875,
        0.98974609375,
        0.978515625,
        0.9697265625,
        0.9853515625,
        0.880859375,
        1.0,
        0.9912109375,
        0.9873046875,
        0.9931640625,
        0.80712890625,
        0.89892578125,
        0.96240234375,
        0.966796875,
        0.9921875,
        0.7099609375,
        0.70068359375,
        0.93017578125,
        0.998046875,
        0.90283203125,
        0.74462890625,
        0.98779296875,
        0.64794921875,
        0.98193359375,
        0.9501953125,
        0.98779296875,
        0.8427734375,
        1.0,
        1.0,
        0.93359375,
        0.8798828125,
        0.9560546875,
        1.0,
        0.9970703125,
        0.4951171875,
        0.99365234375,
        0.99609375,
        1.0,
        0.998046875,
        0.9970703125,
        0.9345703125,
        0.6298828125,
        1.0,
        0.9970703125,
        0.99462890625,
        0.8349609375,
        0.98974609375,
        0.99658203125,
        0.927734375,
        0.99853515625,
        0.9375,
        0.9921875,
        0.99951171875,
        0.99755859375,
        0.90576171875,
        0.92919921875,
        0.9951171875,
        0.84423828125,
        0.9169921875,
        0.96484375,
        1.0,
        0.97705078125,
        0.99658203125,
        1.0,
        0.8056640625,
        0.998046875,
        0.95849609375,
        0.99853515625,
        0.99609375,
        0.9970703125,
        0.984375,
        0.921875,
        0.970703125,
        0.98291015625,
        0.98779296875,
        0.95751953125,
        0.9775390625,
        0.94482421875,
        0.9638671875,
        0.998046875,
        0.98828125,
        0.99853515625,
        0.9501953125,
        0.994140625,
        0.99462890625,
        0.6904296875,
        0.935546875,
        0.55712890625,
        0.406005859375,
        0.990234375,
        0.99755859375,
        0.8623046875,
        0.94140625,
        0.97021484375,
        0.98046875,
        0.99951171875,
        0.90576171875,
        0.99853515625,
        0.88232421875,
        0.98828125,
        0.9560546875,
        0.9951171875,
        0.9580078125,
        0.9931640625,
        0.998046875,
        0.9404296875,
        0.95947265625,
        0.9912109375,
        0.99951171875,
        0.794921875,
        0.998046875,
        0.9912109375,
        0.9990234375,
        0.99951171875,
        0.9794921875,
        1.0,
        0.9990234375,
        0.990234375,
        0.994140625,
        0.96826171875,
        0.99951171875,
        0.986328125,
        0.8017578125,
        0.9970703125,
        0.9853515625,
        0.7431640625,
        0.9931640625,
        0.98681640625,
        0.99853515625,
        0.9599609375,
        0.99951171875,
        0.98779296875,
        0.94921875,
        0.9970703125,
        0.9873046875,
        0.9990234375,
        0.998046875,
        0.994140625,
        0.94921875,
        0.9970703125,
        0.9365234375,
        0.98583984375,
        1.0,
        0.99462890625,
        0.990234375,
        0.98388671875,
        0.9990234375,
        0.9794921875,
        0.904296875,
        0.9658203125,
        0.9990234375,
        0.8427734375,
        0.994140625,
        0.99853515625,
        0.98779296875,
        0.998046875,
        0.64453125,
        0.99853515625,
        1.0,
        0.99853515625,
        0.99560546875,
        0.99951171875,
        0.96337890625,
        0.98876953125,
        0.99169921875,
        0.9912109375,
        0.998046875,
        0.9912109375,
        0.99609375,
        0.998046875,
        0.99365234375,
        0.92431640625,
        0.9814453125,
        0.97119140625,
        0.9951171875,
        0.99951171875,
        0.9990234375,
        0.99951171875,
        0.87744140625,
        0.9921875,
        0.99609375,
        0.99853515625,
        0.98291015625,
        1.0,
        0.96484375,
        0.99267578125,
        0.9990234375,
        0.75830078125,
        0.9892578125,
        0.9775390625,
        0.98095703125,
        0.9921875,
        0.9736328125,
        0.98291015625,
        0.99951171875,
        0.9990234375,
        0.9921875,
        0.998046875,
        0.99755859375,
        0.97412109375,
        0.611328125,
        0.767578125,
        0.96435546875,
        0.9892578125,
        0.97900390625,
        0.93310546875,
        0.97265625,
        0.98486328125,
        0.833984375,
        0.99951171875,
        0.9970703125,
        0.99462890625,
        0.82421875,
        0.99609375,
        0.99951171875,
        0.9990234375,
        0.99951171875,
        0.82861328125,
        0.99609375,
        0.98486328125,
        0.9990234375,
        0.982421875,
        0.99853515625,
        0.95703125,
        0.99755859375,
        0.998046875,
        0.99853515625,
        0.96826171875
    ],
    "eval_runtime": 1.5909,
    "eval_samples_per_second": 157.148,
    "eval_steps_per_second": 5.029
}