{
    "model_dir": "models/prompt_tuning/llama-13b-alpaca_easy",
    "distribution_id": "alpaca_hard",
    "timestamp": "2023-10-12 17:43:36",
    "eval_loss": 1.232421875,
    "eval_score": -0.261962890625,
    "eval_brier_score": 0.26207506909874206,
    "eval_average_probability": 0.6644472546577453,
    "eval_accuracy": 0.6746666666666666,
    "eval_probabilities": [
        1.0,
        1.0,
        0.99853515625,
        1.0,
        0.998046875,
        1.0,
        0.26904296875,
        0.615234375,
        0.00359344482421875,
        1.0,
        0.6142578125,
        1.0,
        1.0,
        1.0,
        0.9775390625,
        0.83984375,
        0.615234375,
        0.69921875,
        0.06463623046875,
        0.984375,
        0.896484375,
        1.0,
        1.0,
        0.998046875,
        0.99462890625,
        1.0,
        0.9892578125,
        0.315673828125,
        0.281494140625,
        0.2371826171875,
        0.01971435546875,
        0.106689453125,
        0.0017271041870117188,
        0.99365234375,
        0.30078125,
        0.9853515625,
        0.9560546875,
        0.99951171875,
        0.99658203125,
        0.011688232421875,
        0.0216217041015625,
        0.32763671875,
        0.006389617919921875,
        0.00582122802734375,
        0.034088134765625,
        0.607421875,
        0.99658203125,
        0.7490234375,
        0.998046875,
        1.0,
        1.0,
        0.63330078125,
        0.006488800048828125,
        0.90478515625,
        1.0,
        0.509765625,
        0.12420654296875,
        0.953125,
        0.935546875,
        0.69287109375,
        0.9599609375,
        0.7490234375,
        0.900390625,
        0.7373046875,
        0.958984375,
        0.97314453125,
        0.9970703125,
        0.0271759033203125,
        0.9521484375,
        0.5234375,
        0.08880615234375,
        0.55810546875,
        0.99609375,
        1.0,
        0.98046875,
        0.05340576171875,
        0.05499267578125,
        0.07159423828125,
        0.998046875,
        0.9990234375,
        0.98876953125,
        0.437744140625,
        0.90185546875,
        0.99658203125,
        0.85986328125,
        0.422607421875,
        0.79296875,
        0.90234375,
        0.055419921875,
        0.006931304931640625,
        0.99951171875,
        0.9970703125,
        0.9560546875,
        0.2568359375,
        0.43017578125,
        0.10968017578125,
        1.0,
        1.0,
        1.0,
        1.0,
        0.99072265625,
        0.94677734375,
        0.56591796875,
        0.822265625,
        0.55810546875,
        1.0,
        1.0,
        1.0,
        0.64404296875,
        0.46484375,
        0.2393798828125,
        0.9423828125,
        0.94873046875,
        0.9228515625,
        0.71240234375,
        0.53125,
        0.615234375,
        1.0,
        1.0,
        1.0,
        0.9970703125,
        0.9794921875,
        0.39990234375,
        1.0,
        1.0,
        1.0,
        0.134765625,
        0.7431640625,
        0.1422119140625,
        0.090087890625,
        0.051849365234375,
        0.0015974044799804688,
        0.98388671875,
        1.0,
        1.0,
        1.0,
        0.880859375,
        0.99658203125,
        0.259765625,
        0.81982421875,
        0.056640625,
        0.99853515625,
        0.89306640625,
        0.39990234375,
        0.607421875,
        0.37744140625,
        0.88427734375,
        0.046722412109375,
        0.78515625,
        0.97265625,
        0.0284423828125,
        0.00327301025390625,
        0.01282501220703125,
        1.0,
        1.0,
        1.0,
        0.1312255859375,
        0.66015625,
        0.8154296875,
        1.0,
        1.0,
        0.95654296875,
        0.46875,
        0.9833984375,
        0.97265625,
        0.98583984375,
        0.998046875,
        0.998046875,
        0.662109375,
        0.011871337890625,
        0.042724609375,
        0.248046875,
        0.310791015625,
        0.182373046875,
        0.7744140625,
        0.9482421875,
        0.97265625,
        1.0,
        0.04083251953125,
        0.99462890625,
        0.99951171875,
        1.0,
        1.0,
        1.0,
        1.0,
        1.0,
        1.0,
        0.106689453125,
        0.01242828369140625,
        1.0,
        0.81982421875,
        0.7431640625,
        0.0018100738525390625,
        3.319978713989258e-05,
        0.0017547607421875,
        0.07476806640625,
        0.392333984375,
        0.07696533203125,
        0.59619140625,
        0.89306640625,
        0.5546875,
        0.0216217041015625,
        0.044677734375,
        0.10089111328125,
        0.1666259765625,
        1.0,
        0.57763671875,
        0.9228515625,
        0.8916015625,
        0.90478515625,
        0.91357421875,
        0.1993408203125,
        0.004398345947265625,
        0.0,
        0.0,
        3.5762786865234375e-07,
        0.105224609375,
        0.91845703125,
        0.79052734375,
        0.3486328125,
        0.90185546875,
        0.85986328125,
        0.9775390625,
        0.966796875,
        0.79833984375,
        0.0330810546875,
        0.99560546875,
        0.004608154296875,
        0.036224365234375,
        0.08758544921875,
        0.00885009765625,
        0.998046875,
        0.99951171875,
        0.9921875,
        0.97265625,
        0.97216796875,
        0.00555419921875,
        0.1943359375,
        0.106689453125,
        0.1500244140625,
        0.9599609375,
        0.845703125,
        0.93896484375,
        0.94677734375,
        0.62060546875,
        0.96044921875,
        0.9892578125,
        0.97119140625,
        0.99609375,
        0.85107421875,
        0.42626953125,
        0.1422119140625,
        0.204345703125,
        0.73095703125,
        0.00885009765625,
        0.204345703125,
        0.99951171875,
        0.810546875,
        0.78515625,
        0.1800537109375,
        0.54296875,
        0.4072265625,
        1.0,
        0.98291015625,
        0.437744140625,
        1.0,
        0.98046875,
        0.392333984375,
        0.08038330078125,
        0.12939453125,
        0.841796875,
        0.20947265625,
        0.2421875,
        0.998046875,
        0.99951171875,
        0.99609375,
        0.658203125,
        0.86328125,
        0.611328125,
        0.58154296875,
        0.990234375,
        0.966796875,
        0.37744140625,
        0.9775390625,
        0.281494140625,
        0.986328125,
        0.9599609375,
        1.0,
        0.9990234375,
        1.0,
        0.95751953125,
        0.35400390625,
        0.32763671875,
        0.00051116943359375,
        0.64404296875,
        1.0,
        0.88720703125,
        1.0,
        0.9228515625,
        0.99658203125,
        0.99609375,
        0.4921875,
        0.96875,
        0.99951171875,
        0.98876953125,
        1.0,
        0.99951171875,
        0.9990234375,
        1.0,
        0.947265625,
        0.98876953125,
        0.69580078125,
        1.0,
        0.88427734375,
        1.0,
        0.262939453125,
        0.67578125,
        0.72509765625,
        0.99609375,
        0.9970703125,
        1.0,
        0.0021820068359375,
        0.0001634359359741211,
        0.158203125,
        0.0311431884765625,
        0.12939453125,
        0.16455078125,
        0.77734375,
        0.262939453125,
        0.9970703125,
        0.0263519287109375,
        0.0053863525390625,
        0.92724609375,
        0.0,
        6.139278411865234e-06,
        1.7881393432617188e-07,
        0.9990234375,
        1.0,
        0.99609375,
        0.85400390625,
        0.08758544921875,
        0.99853515625,
        1.0,
        1.0,
        1.0,
        0.96044921875,
        0.99951171875,
        1.0,
        0.9150390625,
        0.120849609375,
        0.1800537109375,
        1.0,
        0.5849609375,
        0.9873046875,
        0.94873046875,
        0.95361328125,
        0.3310546875,
