{
    "model_dir": "models/prompt_tuning/llama-7b-wrong_arc",
    "distribution_id": "wrong_arc",
    "timestamp": "2023-10-20 01:03:23",
    "eval_loss": 0.60498046875,
    "eval_score": -0.11859130859375,
    "eval_brier_score": 0.11859130859375,
    "eval_average_probability": 0.84130859375,
    "eval_accuracy": 0.848,
    "eval_probabilities": [
        0.99951171875,
        0.98779296875,
        2.086162567138672e-05,
        1.0,
        0.82568359375,
        1.0,
        0.962890625,
        0.9931640625,
        1.0,
        1.0,
        1.0,
        0.00878143310546875,
        1.0,
        1.0,
        1.0,
        0.06951904296875,
        0.99951171875,
        6.920099258422852e-05,
        0.9970703125,
        1.0,
        0.0792236328125,
        1.0,
        0.8916015625,
        1.0,
        0.91552734375,
        0.9970703125,
        0.90673828125,
        0.99951171875,
        1.0,
        0.99951171875,
        0.2427978515625,
        0.001239776611328125,
        1.0,
        0.994140625,
        0.375732421875,
        1.0,
        1.0,
        0.9990234375,
        0.9912109375,
        0.99951171875,
        1.0,
        1.0,
        1.0,
        0.998046875,
        1.0,
        5.960464477539063e-08,
        1.0,
        0.99169921875,
        0.9130859375,
        0.986328125,
        0.00690460205078125,
        0.99951171875,
        1.0,
        1.0,
        0.5888671875,
        0.99755859375,
        0.03759765625,
        1.0,
        0.01233673095703125,
        0.9990234375,
        1.0,
        0.974609375,
        0.99853515625,
        0.755859375,
        0.99365234375,
        1.0,
        1.0,
        0.9970703125,
        1.0,
        0.77197265625,
        0.90576171875,
        1.0,
        0.9912109375,
        0.93212890625,
        1.0,
        0.6318359375,
        0.9794921875,
        1.0,
        1.0,
        0.99609375,
        0.94189453125,
        0.458984375,
        0.96875,
        0.98095703125,
        0.57373046875,
        1.0,
        1.0,
        0.9423828125,
        0.92529296875,
        0.9521484375,
        1.0,
        0.24072265625,
        1.0,
        1.0,
        0.9287109375,
        0.73388671875,
        0.94677734375,
        4.9114227294921875e-05,
        1.0,
        1.0,
        0.97216796875,
        0.998046875,
        0.99951171875,
        0.99267578125,
        1.0,
        1.0,
        0.32763671875,
        0.5166015625,
        0.9521484375,
        1.0,
        0.9912109375,
        0.27197265625,
        1.0,
        0.98828125,
        0.9912109375,
        0.99951171875,
        1.0,
        0.9990234375,
        0.9697265625,
        1.0,
        1.0,
        0.005218505859375,
        0.0634765625,
        0.405517578125,
        1.0,
        1.0,
        0.498046875,
        1.0,
        0.1812744140625,
        1.0,
        0.97412109375,
        1.0,
        1.0,
        1.0,
        1.0,
        0.0330810546875,
        0.85009765625,
        0.82080078125,
        0.98583984375,
        1.0,
        0.97021484375,
        1.0,
        0.0007867813110351562,
        1.0,
        1.0,
        0.88623046875,
        0.9853515625,
        1.0,
        0.00200653076171875,
        1.0,
        1.0,
        0.99951171875,
        1.0,
        1.0,
        0.10894775390625,
        0.34765625,
        0.32421875,
        0.6259765625,
        0.99169921875,
        1.0,
        1.0,
        0.80126953125,
        1.0,
        0.99951171875,
        1.0,
        0.9990234375,
        0.259765625,
        1.0,
        0.99951171875,
        0.990234375,
        1.0,
        0.99853515625,
        0.12420654296875,
        0.9619140625,
        0.99853515625,
        1.0,
        1.0,
        0.99951171875,
        1.0,
        0.99755859375,
        0.99560546875,
        0.99951171875,
        0.447021484375,
        0.4951171875,
        1.0,
        1.0,
        1.0,
        0.90185546875,
        1.0,
        0.99462890625,
        0.99951171875,
        0.2568359375,
        1.0,
        0.99951171875,
        0.5078125,
        0.98388671875,
        0.0313720703125,
        0.5390625,
        0.7705078125,
        0.55810546875,
        1.0,
        0.99169921875,
        0.82763671875,
        0.75146484375,
        0.99853515625,
        0.99755859375,
        1.0,
        0.99267578125,
        0.99072265625,
        0.9677734375,
        1.0,
        0.91748046875,
        1.0,
        0.8740234375,
        1.0,
        0.97607421875,
        1.0,
        0.03021240234375,
        0.99951171875,
        0.9951171875,
        0.048797607421875,
        1.0,
        0.319091796875,
        0.9990234375,
        1.0,
        0.99755859375,
        0.307373046875,
        0.9990234375,
        1.0,
        1.0,
        1.0,
        0.9794921875,
        0.9921875,
        1.0,
        1.0,
        0.998046875,
        1.0,
        0.96044921875,
        0.998046875,
        1.0,
        0.98193359375,
        0.9921875,
        1.0,
        0.99951171875,
        1.0,
        1.0,
        0.97998046875,
        0.5009765625,
        1.0,
        1.0
    ],
    "eval_runtime": 4.4977,
    "eval_samples_per_second": 55.584,
    "eval_steps_per_second": 1.779
}