{
    "model_dir": "models/classify_lora/llama-30b-change_my_view",
    "distribution_id": "cooking",
    "timestamp": "2023-10-12 22:23:01",
    "eval_loss": 0.623046875,
    "eval_score": -0.205810546875,
    "eval_brier_score": 0.205810546875,
    "eval_average_probability": 0.5830078125,
    "eval_accuracy": 0.7666666666666667,
    "eval_probabilities": [
        0.58642578125,
        0.454833984375,
        0.8662109375,
        0.53125,
        0.5234375,
        0.53515625,
        0.5673828125,
        0.568359375,
        0.56591796875,
        0.625,
        0.38623046875,
        0.56396484375,
        0.53515625,
        0.56591796875,
        0.55126953125,
        0.7138671875,
        0.259521484375,
        0.28466796875,
        0.1312255859375,
        0.168212890625,
        0.09759521484375,
        0.0902099609375,
        0.08551025390625,
        0.070068359375,
        0.93994140625,
        0.9580078125,
        0.83056640625,
        0.5595703125,
        0.54931640625,
        0.5126953125,
        0.52001953125,
        0.501953125,
        0.4716796875,
        0.8896484375,
        0.82373046875,
        0.93115234375,
        0.67431640625,
        0.5546875,
        0.59375,
        0.845703125,
        0.869140625,
        0.51123046875,
        0.78125,
        0.415771484375,
        0.65478515625,
        0.53857421875,
        0.720703125,
        0.4609375,
        0.556640625,
        0.47216796875,
        0.54638671875,
        0.58203125,
        0.5400390625,
        0.5166015625,
        0.53076171875,
        0.55615234375,
        0.494140625,
        0.48779296875,
        0.51123046875,
        0.53955078125,
        0.223876953125,
        0.1707763671875,
        0.329833984375,
        0.57275390625,
        0.52294921875,
        0.446533203125,
        0.53857421875,
        0.475830078125,
        0.5009765625,
        0.441650390625,
        0.423828125,
        0.5322265625,
        0.66064453125,
        0.73193359375,
        0.5224609375,
        0.6767578125,
        0.7626953125,
        0.7392578125,
        0.509765625,
        0.59765625,
        0.52880859375,
        0.73583984375,
        0.69580078125,
        0.80078125,
        0.970703125,
        0.953125,
        0.97119140625,
        0.6318359375,
        0.406494140625,
        0.66015625,
        0.56884765625,
        0.89501953125,
        0.63037109375,
        0.390869140625,
        0.8505859375,
        0.1475830078125,
        0.7646484375,
        0.76904296875,
        0.76806640625,
        0.33447265625,
        0.269287109375,
        0.30859375,
        0.46630859375,
        0.50244140625,
        0.482421875,
        0.2227783203125,
        0.11602783203125,
        0.10235595703125,
        0.5048828125,
        0.6435546875,
        0.517578125,
        0.83447265625,
        0.74169921875,
        0.364501953125,
        0.4970703125,
        0.52685546875,
        0.52197265625,
        0.92236328125,
        0.9453125,
        0.92724609375,
        0.3896484375,
        0.62158203125,
        0.5341796875,
        0.6259765625,
        0.63330078125,
        0.5830078125,
        0.8779296875,
        0.7490234375,
        0.7705078125,
        0.346923828125,
        0.30078125,
        0.332763671875,
        0.7861328125,
        0.5517578125,
        0.55615234375,
        0.6474609375,
        0.5146484375,
        0.4755859375,
        0.638671875,
        0.8759765625,
        0.80029296875,
        0.61376953125,
        0.55224609375,
        0.5068359375,
        0.92578125,
        0.80224609375,
        0.697265625,
        0.2481689453125,
        0.51611328125,
        0.18603515625,
        0.49951171875,
        0.42529296875,
        0.50146484375,
        0.58837890625,
        0.5146484375,
        0.55224609375,
        0.83740234375,
        0.78466796875,
        0.787109375,
        0.77734375,
        0.72412109375,
        0.5283203125,
        0.66162109375,
        0.61572265625,
        0.47119140625,
        0.693359375,
        0.269775390625,
        0.263671875,
        0.54638671875,
        0.5078125,
        0.591796875,
        0.76220703125,
        0.88330078125,
        0.63330078125,
        0.57080078125,
        0.61328125,
        0.68359375,
        0.6279296875,
        0.7685546875,
        0.72119140625,
        0.81689453125,
        0.75439453125,
        0.83544921875,
        0.57373046875,
        0.609375,
        0.6357421875,
        0.580078125,
        0.5615234375,
        0.447998046875,
        0.6953125,
        0.54150390625,
        0.91162109375,
        0.58447265625,
        0.56640625,
        0.5458984375,
        0.5517578125,
        0.52001953125,
        0.541015625,
        0.57177734375,
        0.5341796875,
        0.548828125,
        0.45166015625,
        0.414306640625,
        0.333740234375,
        0.62890625,
        0.572265625,
        0.525390625,
        0.525390625,
        0.46240234375,
        0.51806640625,
        0.7080078125,
        0.64892578125,
        0.6962890625,
        0.6796875,
        0.6396484375,
        0.7158203125,
        0.607421875,
        0.385009765625,
        0.2274169921875,
        0.51611328125,
        0.73388671875,
        0.56201171875,
        0.7705078125,
        0.658203125,
        0.51708984375,
        0.53125,
        0.64599609375,
        0.4912109375,
        0.607421875,
        0.8154296875,
        0.79296875,
        0.72998046875,
        0.80859375,
        0.796875,
        0.521484375,
        0.58056640625,
        0.529296875,
        0.72900390625,
        0.46875,
        0.58447265625,
        0.62158203125,
        0.63720703125,
        0.70556640625,
        0.81884765625,
        0.703125,
        0.82421875,
        0.71728515625,
        0.79248046875,
        0.80615234375,
        0.5205078125,
        0.31298828125,
        0.5478515625,
        0.51904296875,
        0.74560546875,
        0.438232421875,
        0.6943359375,
        0.8271484375,
        0.64013671875,
        0.58984375,
        0.5556640625,
        0.63720703125,
        0.6171875,
        0.63623046875,
        0.63720703125,
        0.51220703125,
        0.47900390625,
        0.265869140625,
        0.57666015625,
        0.60791015625,
        0.479248046875,
        0.195556640625,
        0.08660888671875,
        0.1455078125,
        0.490966796875,
        0.5712890625,
        0.51904296875,
        0.41357421875,
        0.52099609375,
        0.5927734375,
        0.57080078125,
        0.54052734375,
        0.541015625,
        0.63330078125,
        0.77978515625,
        0.7939453125,
        0.01983642578125,
        0.0078582763671875,
        0.048675537109375,
        0.25146484375,
        0.401123046875,
        0.5634765625,
        0.73388671875,
        0.69580078125,
        0.7841796875,
        0.75537109375,
        0.60546875,
        0.75537109375,
        0.4990234375,
        0.4951171875,
        0.6064453125,
        0.60595703125,
        0.5185546875,
        0.73388671875,
        0.128173828125,
        0.218017578125,
        0.61962890625,
        0.556640625,
        0.51708984375,
        0.5712890625,
        0.470703125,
        0.423828125,
        0.37841796875,
        0.71826171875,
        0.76318359375,
        0.6005859375,
        0.65625,
        0.44091796875,
        0.83837890625,
        0.54296875,
        0.59033203125,
        0.6318359375,
        0.51171875,
        0.59130859375,
        0.69970703125,
        0.274658203125,
        0.469482421875,
        0.53515625,
        0.331298828125,
        0.58740234375,
        0.55712890625,
        0.3447265625,
        0.61767578125,
        0.6005859375,
        0.6103515625,
        0.59619140625,
        0.5390625,
        0.1138916015625,
        0.36669921875,
        0.2130126953125,
        0.56494140625,
        0.7509765625,
        0.70751953125,
