{
    "model_dir": "models/classify_lora/llama-30b-change_my_view",
    "distribution_id": "spanish_output",
    "timestamp": "2023-10-27 05:17:35",
    "eval_loss": 0.73095703125,
    "eval_score": -0.255615234375,
    "eval_brier_score": 0.255615234375,
    "eval_average_probability": 0.5234375,
    "eval_accuracy": 0.5573333333333333,
    "eval_probabilities": [
        0.1597900390625,
        0.2493896484375,
        0.2493896484375,
        0.415283203125,
        0.299072265625,
        0.3408203125,
        0.26513671875,
        0.615234375,
        0.277587890625,
        0.68408203125,
        0.669921875,
        0.73583984375,
        0.38623046875,
        0.5341796875,
        0.442626953125,
        0.60400390625,
        0.5517578125,
        0.262939453125,
        0.59130859375,
        0.391845703125,
        0.50048828125,
        0.50341796875,
        0.447998046875,
        0.4677734375,
        0.299072265625,
        0.1865234375,
        0.29248046875,
        0.4765625,
        0.53515625,
        0.419677734375,
        0.728515625,
        0.69873046875,
        0.69287109375,
        0.442626953125,
        0.375732421875,
        0.34765625,
        0.83544921875,
        0.8486328125,
        0.74853515625,
        0.68896484375,
        0.88720703125,
        0.916015625,
        0.83642578125,
        0.8330078125,
        0.34912109375,
        0.68603515625,
        0.71533203125,
        0.5419921875,
        0.716796875,
        0.454833984375,
        0.64013671875,
        0.4970703125,
        0.4873046875,
        0.455078125,
        0.134521484375,
        0.405517578125,
        0.478515625,
        0.441162109375,
        0.348388671875,
        0.35498046875,
        0.53076171875,
        0.640625,
        0.533203125,
        0.55517578125,
        0.62451171875,
        0.57763671875,
        0.12548828125,
        0.09234619140625,
        0.07586669921875,
        0.368408203125,
        0.369384765625,
        0.42529296875,
        0.31640625,
        0.222412109375,
        0.373291015625,
        0.52880859375,
        0.46875,
        0.69921875,
        0.47216796875,
        0.50927734375,
        0.54052734375,
        0.56884765625,
        0.474609375,
        0.6103515625,
        0.64697265625,
        0.53125,
        0.54443359375,
        0.46142578125,
        0.367431640625,
        0.48828125,
        0.2890625,
        0.319091796875,
        0.462890625,
        0.73046875,
        0.68994140625,
        0.62353515625,
        0.383056640625,
        0.529296875,
        0.427734375,
        0.7421875,
        0.5185546875,
        0.7470703125,
        0.69921875,
        0.90771484375,
        0.91455078125,
        0.60791015625,
        0.359375,
        0.62255859375,
        0.445556640625,
        0.4619140625,
        0.525390625,
        0.67919921875,
        0.34521484375,
        0.29833984375,
        0.71923828125,
        0.1527099609375,
        0.671875,
        0.33740234375,
        0.452392578125,
        0.4697265625,
        0.49072265625,
        0.72705078125,
        0.42724609375,
        0.865234375,
        0.59619140625,
        0.84814453125,
        0.46435546875,
        0.55224609375,
        0.70263671875,
        0.4697265625,
        0.5078125,
        0.50439453125,
        0.6357421875,
        0.59814453125,
        0.74853515625,
        0.6376953125,
        0.181884765625,
        0.396484375,
        0.52783203125,
        0.5234375,
        0.4755859375,
        0.67578125,
        0.416748046875,
        0.54296875,
        0.6630859375,
        0.68408203125,
        0.57568359375,
        0.448974609375,
        0.6064453125,
        0.607421875,
        0.406005859375,
        0.38525390625,
        0.34814453125,
        0.57421875,
        0.4658203125,
        0.533203125,
        0.42626953125,
        0.333740234375,
        0.3642578125,
        0.5029296875,
        0.54296875,
        0.49609375,
        0.66015625,
        0.349609375,
        0.154541015625,
        0.58154296875,
        0.982421875,
        0.7138671875,
        0.73046875,
        0.650390625,
        0.470703125,
        0.34765625,
        0.65576171875,
        0.77685546875,
        0.62890625,
        0.65380859375,
        0.64599609375,
        0.3720703125,
        0.381103515625,
        0.29345703125,
        0.5068359375,
        0.484375,
        0.4580078125,
        0.5439453125,
        0.5869140625,
        0.5517578125,
        0.66552734375,
        0.486328125,
        0.4931640625,
        0.69482421875,
        0.86572265625,
        0.59814453125,
        0.31689453125,
        0.39892578125,
        0.55810546875,
        0.56640625,
        0.609375,
        0.373779296875,
        0.1650390625,
        0.218994140625,
        0.30908203125,
        0.482421875,
        0.533203125,
        0.57177734375,
        0.650390625,
        0.4765625,
        0.47705078125,
        0.60009765625,
        0.5478515625,
        0.48388671875,
        0.454833984375,
        0.333251953125,
        0.46728515625,
        0.5712890625,
        0.4462890625,
        0.61767578125,
        0.65478515625,
        0.501953125,
        0.437744140625,
        0.5419921875,
        0.308837890625,
        0.35546875,
        0.8037109375,
        0.8447265625,
        0.6826171875,
        0.254638671875,
        0.55615234375,
        0.6953125,
        0.291015625,
        0.3720703125,
        0.382080078125,
        0.440673828125,
        0.5556640625,
        0.4658203125,
        0.442626953125,
        0.49609375,
        0.50390625,
        0.35302734375,
        0.498046875,
        0.6259765625,
        0.4853515625,
        0.60009765625,
        0.369384765625,
        0.373046875,
        0.5146484375,
        0.346923828125,
        0.73583984375,
        0.6572265625,
        0.57421875,
        0.62744140625,
        0.68310546875,
        0.60498046875,
        0.623046875,
        0.59326171875,
        0.57275390625,
        0.38916015625,
        0.5830078125,
        0.351318359375,
        0.3896484375,
        0.57421875,
        0.35498046875,
        0.437744140625,
        0.41015625,
        0.35498046875,
        0.59423828125,
        0.63330078125,
        0.53662109375,
        0.30810546875,
        0.73046875,
        0.4111328125,
        0.0389404296875,
        0.12420654296875,
        0.35400390625,
        0.47119140625,
        0.49755859375,
        0.478271484375,
        0.78662109375,
        0.716796875,
        0.455078125,
        0.669921875,
        0.5087890625,
        0.58740234375,
        0.36376953125,
        0.453369140625,
        0.5322265625,
        0.2418212890625,
        0.49560546875,
        0.447509765625,
        0.84912109375,
        0.90966796875,
        0.80517578125,
        0.3388671875,
        0.5009765625,
        0.55810546875,
        0.470703125,
        0.3544921875,
        0.26708984375,
        0.482421875,
        0.484130859375,
        0.5205078125,
        0.7265625,
        0.39599609375,
        0.515625,
        0.64599609375,
        0.73828125,
        0.33251953125,
        0.49169921875,
        0.45947265625,
        0.441162109375,
        0.572265625,
        0.51708984375,
        0.7470703125,
        0.45849609375,
        0.400634765625,
        0.48486328125,
        0.51611328125,
        0.53662109375,
        0.51123046875,
        0.6318359375,
        0.662109375,
        0.6806640625,
        0.583984375,
        0.548828125,
        0.435791015625,
        0.615234375,
        0.50390625,
        0.62109375,
        0.403076171875,
        0.56494140625,
        0.4873046875,
        0.249755859375,
        0.39599609375,
        0.35009765625,
        0.50634765625,
        0.5048828125,
        0.56103515625,
        0.818359375,
        0.81201171875,
        0.380126953125,
        0.5400390625,
        0.68994140625,
