{
    "model_dir": "models/classify_lora/llama-13b-raven_easy",
    "distribution_id": "raven_easy",
    "timestamp": "2023-10-12 19:01:32",
    "eval_loss": 0.107666015625,
    "eval_score": -0.034088134765625,
    "eval_brier_score": 0.034088134765625,
    "eval_average_probability": 0.93017578125,
    "eval_accuracy": 0.9493333333333334,
    "eval_probabilities": [
        1.0,
        1.0,
        1.0,
        1.0,
        1.0,
        1.0,
        1.0,
        1.0,
        0.99609375,
        0.9970703125,
        0.98876953125,
        0.060028076171875,
        1.0,
        1.0,
        1.0,
        1.0,
        0.99951171875,
        1.0,
        0.99951171875,
        1.0,
        1.0,
        0.68603515625,
        0.95654296875,
        0.45458984375,
        1.0,
        1.0,
        1.0,
        1.0,
        1.0,
        1.0,
        0.94384765625,
        0.9912109375,
        0.9296875,
        0.99951171875,
        0.99951171875,
        0.99951171875,
        0.77587890625,
        0.460693359375,
        0.1925048828125,
        0.90625,
        0.76123046875,
        0.45947265625,
        0.95361328125,
        0.99951171875,
        0.8271484375,
        1.0,
        1.0,
        1.0,
        1.0,
        1.0,
        1.0,
        0.99951171875,
        0.9970703125,
        0.99951171875,
        0.99658203125,
        0.994140625,
        0.990234375,
        1.0,
        0.99951171875,
        1.0,
        0.99951171875,
        0.9833984375,
        0.9990234375,
        0.9365234375,
        0.990234375,
        0.1292724609375,
        1.0,
        1.0,
        1.0,
        0.043243408203125,
        0.9990234375,
        0.94970703125,
        0.99560546875,
        0.93310546875,
        0.82421875,
        1.0,
        1.0,
        1.0,
        1.0,
        1.0,
        1.0,
        1.0,
        1.0,
        1.0,
        1.0,
        1.0,
        1.0,
        1.0,
        1.0,
        1.0,
        0.6787109375,
        0.69921875,
        0.24169921875,
        1.0,
        1.0,
        1.0,
        0.9775390625,
        0.99951171875,
        0.99755859375,
        0.99853515625,
        0.98388671875,
        0.68408203125,
        0.7646484375,
        0.82421875,
        0.436767578125,
        0.9814453125,
        0.9404296875,
        0.83349609375,
        0.98681640625,
        0.798828125,
        0.437744140625,
        0.98486328125,
        0.970703125,
        0.9775390625,
        0.9677734375,
        1.0,
        0.95556640625,
        1.0,
        1.0,
        1.0,
        1.0,
        1.0,
        0.99853515625,
        1.0,
        1.0,
        1.0,
        1.0,
        0.99853515625,
        0.998046875,
        0.91943359375,
        0.263916015625,
        0.296142578125,
        1.0,
        0.99951171875,
        1.0,
        1.0,
        1.0,
        0.99609375,
        0.99267578125,
        0.99951171875,
        0.99609375,
        1.0,
        1.0,
        1.0,
        0.98828125,
        0.9931640625,
        1.0,
        1.0,
        1.0,
        1.0,
        1.0,
        0.99951171875,
        1.0,
        1.0,
        1.0,
        0.99853515625,
        1.0,
        1.0,
        1.0,
        1.0,
        1.0,
        1.0,
        1.0,
        1.0,
        1.0,
        1.0,
        1.0,
        1.0,
        0.99853515625,
        1.0,
        0.99853515625,
        1.0,
        1.0,
        1.0,
        0.99853515625,
        0.9560546875,
        0.9521484375,
        1.0,
        0.99951171875,
        0.99951171875,
        0.99853515625,
        1.0,
        0.99951171875,
        0.78173828125,
        0.859375,
        0.64599609375,
        1.0,
        1.0,
        1.0,
        0.98486328125,
        0.98779296875,
        0.96826171875,
        1.0,
        1.0,
        1.0,
        0.99853515625,
        0.998046875,
        0.99951171875,
        1.0,
        1.0,
        1.0,
        0.99951171875,
        0.99951171875,
        1.0,
        0.266357421875,
        0.626953125,
        0.830078125,
        0.9990234375,
        0.99951171875,
        1.0,
        1.0,
        1.0,
        1.0,
        0.99951171875,
        1.0,
        1.0,
        1.0,
        1.0,
        1.0,
        0.96337890625,
        0.75,
        0.68994140625,
        1.0,
        1.0,
        1.0,
        1.0,
        1.0,
        1.0,
        0.99951171875,
        0.99755859375,
        0.99853515625,
        0.986328125,
        0.93212890625,
        0.2587890625,
        1.0,
        0.994140625,
        0.99853515625,
        0.990234375,
        0.2724609375,
        0.673828125,
        1.0,
        1.0,
        1.0,
        1.0,
        1.0,
        1.0,
        1.0,
        1.0,
        1.0,
        1.0,
        1.0,
        1.0,
        0.85595703125,
        0.99951171875,
        0.86474609375,
        0.93359375,
        0.99853515625,
        0.5126953125,
        0.99755859375,
        0.99951171875,
        1.0,
        0.998046875,
        0.7509765625,
        0.9912109375,
        0.9775390625,
        0.96484375,
        0.9150390625,
        1.0,
        1.0,
        1.0,
        0.140625,
        0.77099609375,
        0.99853515625,
        1.0,
        1.0,
        1.0,
        1.0,
        1.0,
        1.0,
        0.9248046875,
        0.63623046875,
        0.092529296875,
        1.0,
        1.0,
        1.0,
        1.0,
        1.0,
        1.0,
        0.9970703125,
        1.0,
        0.99365234375,
        1.0,
        1.0,
        1.0,
        0.17431640625,
        0.6630859375,
        0.9697265625,
        1.0,
        1.0,
        1.0,
        1.0,
        1.0,
        1.0,
        0.9951171875,
        0.67724609375,
        0.99560546875,
        0.5546875,
        0.826171875,
        0.98974609375,
        1.0,
        1.0,
        1.0,
        1.0,
        1.0,
        1.0,
        0.92431640625,
        0.9287109375,
        0.91455078125,
        1.0,
        1.0,
        1.0,
        0.72705078125,
        0.56298828125,
        0.9951171875,
        1.0,
        1.0,
        1.0,
        1.0,
        0.97802734375,
        0.99462890625,
        0.99951171875,
        0.998046875,
        1.0,
        0.9287109375,
        0.759765625,
        0.67724609375,
        1.0,
        0.99951171875,
        1.0,
        0.8935546875,
        0.9970703125,
        0.4677734375,
        1.0,
        0.99951171875,
        0.99951171875,
        0.97705078125,
        0.98291015625,
        0.984375,
        0.99951171875,
        1.0,
        1.0,
        1.0,
        1.0,
        1.0,
        0.95751953125,
        0.9921875,
        0.98486328125,
        1.0,
        1.0,
        1.0,
        0.94677734375,
        0.8994140625,
        0.97119140625,
        1.0,
        1.0,
        0.99755859375,
        0.99951171875,
        0.99951171875,
        1.0,
        1.0,
        0.9990234375,
        1.0,
        0.79150390625,
        0.98779296875,
        1.0,
        0.74072265625,
        0.9912109375,
        0.978515625,
        1.0,
        1.0,
        1.0,
        0.9892578125,
        0.982421875,
        0.986328125,
        1.0,
        1.0,
        0.9990234375,
        0.99365234375,
        0.99853515625,
        1.0,
        1.0,
        1.0,
        1.0,
        1.0,
        1.0,
        1.0,
        0.998046875,
        1.0,
        1.0,
        1.0,
        1.0,
        1.0,
        1.0,
        0.99951171875,
        1.0,
        1.0,
        1.0,
        1.0,
        1.0,
        1.0,
        1.0,
        0.9580078125,
        0.99609375,
        0.99853515625,
        1.0,
        1.0,
        1.0,
        1.0,
        0.9990234375,
        1.0,
        0.400390625,
        0.990234375,
        0.391357421875,
        0.99755859375,
        1.0,
        1.0,
        1.0,
        1.0,
        1.0,
        1.0,
        1.0,
        1.0,
        0.99755859375,
        0.99951171875,
        0.99951171875,
        1.0,
        1.0,
