{
    "model_dir": "models/classify_lora/tinyllama-1b-math_exam_questions",
    "distribution_id": "math_exam_questions",
    "timestamp": "2023-10-15 18:21:49",
    "eval_loss": 0.5771484375,
    "eval_score": -0.1973876953125,
    "eval_brier_score": 0.1973876953125,
    "eval_average_probability": 0.57763671875,
    "eval_accuracy": 0.7173333333333334,
    "eval_probabilities": [
        0.494140625,
        0.59521484375,
        0.76904296875,
        0.498046875,
        0.5048828125,
        0.4990234375,
        0.6181640625,
        0.52587890625,
        0.509765625,
        0.4873046875,
        0.55126953125,
        0.5517578125,
        0.5048828125,
        0.49365234375,
        0.53515625,
        0.626953125,
        0.623046875,
        0.68896484375,
        0.50341796875,
        0.48779296875,
        0.48046875,
        0.525390625,
        0.5009765625,
        0.48779296875,
        0.892578125,
        0.89599609375,
        0.916015625,
        0.53466796875,
        0.599609375,
        0.57666015625,
        0.51025390625,
        0.71044921875,
        0.443115234375,
        0.88427734375,
        0.876953125,
        0.8349609375,
        0.52392578125,
        0.52294921875,
        0.487060546875,
        0.365478515625,
        0.3896484375,
        0.420654296875,
        0.525390625,
        0.57470703125,
        0.6064453125,
        0.416259765625,
        0.5517578125,
        0.55517578125,
        0.53369140625,
        0.55419921875,
        0.56494140625,
        0.658203125,
        0.794921875,
        0.7646484375,
        0.60302734375,
        0.56298828125,
        0.58056640625,
        0.499755859375,
        0.53369140625,
        0.5302734375,
        0.53857421875,
        0.525390625,
        0.56201171875,
        0.50537109375,
        0.5029296875,
        0.5029296875,
        0.78515625,
        0.71533203125,
        0.74560546875,
        0.591796875,
        0.5751953125,
        0.501953125,
        0.48876953125,
        0.5166015625,
        0.490478515625,
        0.51611328125,
        0.5439453125,
        0.515625,
        0.48876953125,
        0.51806640625,
        0.50244140625,
        0.52978515625,
        0.49658203125,
        0.52587890625,
        0.461669921875,
        0.5029296875,
        0.50390625,
        0.580078125,
        0.59619140625,
        0.5244140625,
        0.481689453125,
        0.465087890625,
        0.479736328125,
        0.51904296875,
        0.48046875,
        0.501953125,
        0.966796875,
        0.96484375,
        0.9599609375,
        0.54736328125,
        0.5478515625,
        0.474609375,
        0.5966796875,
        0.56640625,
        0.59033203125,
        0.55615234375,
        0.385498046875,
        0.445556640625,
        0.85302734375,
        0.83203125,
        0.83984375,
        0.468017578125,
        0.451904296875,
        0.49365234375,
        0.51513671875,
        0.5146484375,
        0.52978515625,
        0.6240234375,
        0.6474609375,
        0.5615234375,
        0.483642578125,
        0.54931640625,
        0.49755859375,
        0.84814453125,
        0.82080078125,
        0.84716796875,
        0.499267578125,
        0.49853515625,
        0.86767578125,
        0.5087890625,
        0.53125,
        0.5,
        0.49951171875,
        0.51025390625,
        0.513671875,
        0.6201171875,
        0.603515625,
        0.6337890625,
        0.91064453125,
        0.9189453125,
        0.892578125,
        0.481201171875,
        0.54541015625,
        0.457275390625,
        0.51025390625,
        0.529296875,
        0.493896484375,
        0.57763671875,
        0.759765625,
        0.830078125,
        0.481689453125,
        0.50341796875,
        0.5,
        0.44873046875,
        0.5205078125,
        0.54296875,
        0.50048828125,
        0.5263671875,
        0.5283203125,
        0.408935546875,
        0.5263671875,
        0.50390625,
        0.386962890625,
        0.5068359375,
        0.448974609375,
        0.5732421875,
        0.52587890625,
        0.615234375,
        0.888671875,
        0.900390625,
        0.79736328125,
        0.7421875,
        0.76220703125,
        0.76708984375,
        0.52734375,
        0.568359375,
        0.5048828125,
        0.451904296875,
        0.54443359375,
        0.4619140625,
        0.51611328125,
        0.5263671875,
        0.50146484375,
        0.5009765625,
        0.529296875,
        0.50732421875,
        0.480712890625,
        0.50244140625,
        0.51171875,
        0.499755859375,
        0.51171875,
        0.52099609375,
        0.8623046875,
        0.8662109375,
        0.90478515625,
        0.72314453125,
        0.775390625,
        0.53076171875,
        0.69140625,
        0.72021484375,
        0.6572265625,
        0.5751953125,
        0.57861328125,
        0.53564453125,
        0.52587890625,
        0.49169921875,
        0.5244140625,
        0.476318359375,
        0.4951171875,
        0.446044921875,
        0.57666015625,
        0.6181640625,
        0.6123046875,
        0.55615234375,
        0.51953125,
        0.56396484375,
        0.4931640625,
        0.5166015625,
        0.49853515625,
        0.54248046875,
        0.499267578125,
        0.54736328125,
        0.49951171875,
        0.49853515625,
        0.497802734375,
        0.52490234375,
        0.472412109375,
        0.491455078125,
        0.5185546875,
        0.501953125,
        0.521484375,
        0.6123046875,
        0.6171875,
        0.57080078125,
        0.5498046875,
        0.54638671875,
        0.50537109375,
        0.51708984375,
        0.564453125,
        0.52587890625,
        0.5341796875,
        0.60791015625,
        0.5390625,
        0.67626953125,
        0.61474609375,
        0.5263671875,
        0.48583984375,
        0.49951171875,
        0.4853515625,
        0.5009765625,
        0.496826171875,
        0.509765625,
        0.83251953125,
        0.8466796875,
        0.85107421875,
        0.5576171875,
        0.5576171875,
        0.58056640625,
        0.74609375,
        0.7900390625,
        0.6669921875,
        0.50146484375,
        0.505859375,
        0.49853515625,
        0.4765625,
        0.49462890625,
        0.4697265625,
        0.83935546875,
        0.79345703125,
        0.8310546875,
        0.91162109375,
        0.90673828125,
        0.90283203125,
        0.5078125,
        0.50537109375,
        0.49853515625,
        0.443115234375,
        0.50146484375,
        0.495361328125,
        0.69140625,
        0.67431640625,
        0.74609375,
        0.492919921875,
        0.485595703125,
        0.51708984375,
        0.48779296875,
        0.50341796875,
        0.481201171875,
        0.33056640625,
        0.352783203125,
        0.479736328125,
        0.488037109375,
        0.486572265625,
        0.497314453125,
        0.52001953125,
        0.54052734375,
        0.4921875,
        0.493896484375,
        0.451171875,
        0.489501953125,
        0.5048828125,
        0.484619140625,
        0.58935546875,
        0.476318359375,
        0.489013671875,
        0.491455078125,
        0.52783203125,
        0.51025390625,
        0.50439453125,
        0.92138671875,
        0.8974609375,
        0.92822265625,
        0.517578125,
        0.51025390625,
        0.5185546875,
        0.5576171875,
        0.55029296875,
        0.53857421875,
        0.82421875,
        0.83349609375,
        0.83935546875,
        0.49072265625,
        0.490966796875,
        0.51220703125,
        0.4833984375,
        0.495361328125,
        0.52978515625,
        0.556640625,
        0.52392578125,
        0.52734375,
        0.60791015625,
        0.62744140625,
        0.57861328125,
        0.46728515625,
        0.466064453125,
        0.438232421875,
        0.81005859375,
        0.8466796875,
        0.861328125,
        0.5009765625,
