{
    "model_dir": "models/prompt_tuning/llama-7b-comma_separated_input",
    "distribution_id": "comma_separated_input",
    "timestamp": "2023-10-19 22:38:25",
    "eval_loss": 1.0869140625,
    "eval_score": -0.2900390625,
    "eval_brier_score": 0.2900390625,
    "eval_average_probability": 0.5947265625,
    "eval_accuracy": 0.608,
    "eval_probabilities": [
        0.70556640625,
        0.70263671875,
        0.63720703125,
        0.9931640625,
        0.662109375,
        0.20556640625,
        0.93505859375,
        0.061431884765625,
        0.0023784637451171875,
        0.99755859375,
        0.998046875,
        0.9833984375,
        0.416748046875,
        0.0863037109375,
        0.3486328125,
        0.99951171875,
        0.312255859375,
        0.93359375,
        0.93408203125,
        0.24072265625,
        0.90673828125,
        0.449462890625,
        0.73095703125,
        0.9951171875,
        0.875,
        0.892578125,
        0.78662109375,
        0.9990234375,
        0.91796875,
        0.86865234375,
        0.98583984375,
        0.955078125,
        0.998046875,
        0.17724609375,
        0.486328125,
        0.42724609375,
        0.0311431884765625,
        0.1143798828125,
        0.34521484375,
        0.99951171875,
        0.99365234375,
        0.9755859375,
        0.9658203125,
        0.1217041015625,
        0.265869140625,
        0.046722412109375,
        0.02801513671875,
        0.011505126953125,
        0.71875,
        0.11676025390625,
        0.98046875,
        0.418701171875,
        0.328857421875,
        0.00592803955078125,
        0.99951171875,
        0.190673828125,
        0.60595703125,
        0.338134765625,
        0.4609375,
        0.42626953125,
        0.8447265625,
        0.74755859375,
        0.97900390625,
        0.0001838207244873047,
        0.0011968612670898438,
        0.01666259765625,
        0.0005440711975097656,
        0.0004878044128417969,
        0.46875,
        0.96875,
        0.482421875,
        0.105224609375,
        0.99755859375,
        0.99853515625,
        1.0,
        0.9853515625,
        0.9794921875,
        0.9931640625,
        0.190673828125,
        0.7216796875,
        0.05072021484375,
        0.26904296875,
        0.105224609375,
        0.2451171875,
        0.57958984375,
        0.85595703125,
        0.84716796875,
        0.02886962890625,
        0.011688232421875,
        0.55810546875,
        0.00197601318359375,
        0.0030345916748046875,
        0.07342529296875,
        0.0574951171875,
        0.11517333984375,
        0.72509765625,
        0.98974609375,
        0.76708984375,
        0.03759765625,
        0.984375,
        0.947265625,
        0.99365234375,
        0.46875,
        0.9501953125,
        0.2509765625,
        0.22265625,
        0.96142578125,
        0.962890625,
        0.190673828125,
        0.1131591796875,
        0.394287109375,
        0.5,
        0.9951171875,
        1.0,
        0.92236328125,
        0.9599609375,
        0.94775390625,
        0.83544921875,
        0.99365234375,
        0.94091796875,
        0.99169921875,
        0.95068359375,
        0.8662109375,
        0.986328125,
        0.96435546875,
        0.99609375,
        0.9990234375,
        0.99853515625,
        0.385009765625,
        0.216064453125,
        0.76220703125,
        0.45703125,
        0.19677734375,
        0.3720703125,
        0.418701171875,
        0.00269317626953125,
        0.042388916015625,
        0.1859130859375,
        0.951171875,
        0.755859375,
        0.982421875,
        0.0006117820739746094,
        0.1268310546875,
        0.0212860107421875,
        0.4111328125,
        0.021942138671875,
        0.56982421875,
        0.8740234375,
        0.46142578125,
        0.99658203125,
        0.99169921875,
        0.91064453125,
        0.140869140625,
        0.751953125,
        0.53125,
        0.96533203125,
        0.8154296875,
        0.5869140625,
        0.99609375,
        0.9658203125,
        0.99951171875,
        0.9970703125,
        0.00498199462890625,
        0.01473236083984375,
        0.79296875,
        0.09808349609375,
        0.07208251953125,
        0.0994873046875,
        0.89404296875,
        0.55810546875,
        0.033599853515625,
        0.708984375,
        0.8173828125,
        0.662109375,
        0.74755859375,
        0.72802734375,
        0.69091796875,
        0.06097412109375,
        0.08270263671875,
        0.60400390625,
        0.73974609375,
        0.56103515625,
        0.7412109375,
        0.11676025390625,
        0.64404296875,
        0.86083984375,
        0.5888671875,
        0.95263671875,
        0.9306640625,
        0.055816650390625,
        0.0206451416015625,
        0.00033020973205566406,
        0.435791015625,
        0.09136962890625,
        0.08038330078125,
        0.99169921875,
        0.955078125,
        0.9931640625,
        0.05340576171875,
        0.02001953125,
        0.00010973215103149414,
        0.9736328125,
        0.984375,
        0.6298828125,
        0.96630859375,
        0.54296875,
        0.84716796875,
        0.8916015625,
        0.92626953125,
        0.95166015625,
        1.0,
        1.0,
        1.0,
        0.90576171875,
        0.69287109375,
        0.640625,
        0.751953125,
        0.91259765625,
        0.55810546875,
        0.47265625,
        0.9609375,
        0.1495361328125,
        0.85693359375,
        0.9990234375,
        0.994140625,
        0.1441650390625,
        0.880859375,
        0.03436279296875,
        1.0,
        1.0,
        0.98876953125,
        0.9755859375,
        0.98486328125,
        0.9619140625,
        0.955078125,
        0.8154296875,
        0.65478515625,
        0.99609375,
        1.0,
        0.98876953125,
        0.94580078125,
        0.033599853515625,
        0.02423095703125,
        0.1571044921875,
        0.99951171875,
        0.51953125,
        0.80908203125,
        0.8896484375,
        0.62451171875,
        0.8671875,
        0.99853515625,
        0.1312255859375,
        0.9619140625,
        0.96484375,
        0.25537109375,
        0.88232421875,
        1.1920928955078125e-07,
        5.364418029785156e-07,
        0.394287109375,
        0.34521484375,
        0.09332275390625,
        0.332763671875,
        0.9619140625,
        0.6806640625,
        0.7490234375,
        0.89013671875,
        0.4072265625,
        0.152587890625,
        0.412109375,
        0.357421875,
        0.0863037109375,
        0.46484375,
        0.006389617919921875,
        0.822265625,
        0.60009765625,
        0.69580078125,
        0.82421875,
        0.90478515625,
        0.8291015625,
        0.273681640625,
        0.1634521484375,
        0.248046875,
        0.51953125,
        0.248046875,
        0.9794921875,
        0.88720703125,
        0.83544921875,
        0.81884765625,
        0.32861328125,
        0.52734375,
        0.448486328125,
        0.435791015625,
        0.8388671875,
        0.7880859375,
        0.52734375,
        0.5234375,
        0.76611328125,
        0.99853515625,
        0.98681640625,
        0.1490478515625,
        0.00955963134765625,
        0.422607421875,
        0.9716796875,
        0.236572265625,
        0.11126708984375,
        0.07159423828125,
        0.36474609375,
        0.77587890625,
        0.91796875,
        0.91259765625,
        0.99365234375,
        0.99853515625,
        0.767578125,
        0.57568359375,
        0.85693359375,
        0.93798828125,
        0.78662109375,
        0.93505859375,
        0.994140625,
        0.9990234375,
        0.338134765625,
        0.9501953125,
        0.935546875,
        0.90966796875,
        0.05340576171875,
        0.07476806640625,
        0.0526123046875,
        0.65234375,
        0.70947265625,
        0.3271484375,
        0.76904296875,
        0.57373046875,
