{
    "model_dir": "models/classify_lora/llama-13b-cooking",
    "distribution_id": "raven_matrices",
    "timestamp": "2023-10-12 19:02:11",
    "eval_loss": 0.62646484375,
    "eval_score": -0.218994140625,
    "eval_brier_score": 0.218994140625,
    "eval_average_probability": 0.580078125,
    "eval_accuracy": 0.6386666666666667,
    "eval_probabilities": [
        0.56640625,
        0.68603515625,
        0.3310546875,
        0.7138671875,
        0.64697265625,
        0.626953125,
        0.9541015625,
        0.98095703125,
        0.7607421875,
        0.61962890625,
        0.611328125,
        0.57666015625,
        0.74072265625,
        0.6396484375,
        0.859375,
        0.96484375,
        0.479248046875,
        0.90576171875,
        0.38427734375,
        0.410400390625,
        0.46044921875,
        0.401611328125,
        0.56884765625,
        0.418212890625,
        0.2445068359375,
        0.423828125,
        0.416748046875,
        0.61376953125,
        0.6376953125,
        0.24658203125,
        0.9560546875,
        0.4326171875,
        0.943359375,
        0.46533203125,
        0.388671875,
        0.394775390625,
        0.5,
        0.615234375,
        0.397216796875,
        0.68359375,
        0.72119140625,
        0.73974609375,
        0.84619140625,
        0.76953125,
        0.8310546875,
        0.98291015625,
        0.9345703125,
        0.9794921875,
        0.208251953125,
        0.61572265625,
        0.68359375,
        0.5283203125,
        0.4775390625,
        0.662109375,
        0.658203125,
        0.53125,
        0.50830078125,
        0.6552734375,
        0.763671875,
        0.7119140625,
        0.63134765625,
        0.61865234375,
        0.3857421875,
        0.65380859375,
        0.4560546875,
        0.6640625,
        0.68505859375,
        0.837890625,
        0.7197265625,
        0.62158203125,
        0.7099609375,
        0.5302734375,
        0.2685546875,
        0.2340087890625,
        0.755859375,
        0.390380859375,
        0.2254638671875,
        0.533203125,
        0.10919189453125,
        0.464111328125,
        0.79931640625,
        0.352294921875,
        0.62841796875,
        0.6201171875,
        0.5966796875,
        0.61767578125,
        0.51611328125,
        0.5419921875,
        0.75048828125,
        0.94970703125,
        0.3701171875,
        0.177490234375,
        0.2313232421875,
        0.391357421875,
        0.5224609375,
        0.328125,
        0.64306640625,
        0.46435546875,
        0.4677734375,
        0.08062744140625,
        0.216064453125,
        0.054107666015625,
        0.19384765625,
        0.3466796875,
        0.455078125,
        0.57275390625,
        0.6015625,
        0.57958984375,
        0.71240234375,
        0.8134765625,
        0.62548828125,
        0.69580078125,
        0.759765625,
        0.57568359375,
        0.267578125,
        0.234619140625,
        0.446533203125,
        0.39794921875,
        0.414794921875,
        0.451416015625,
        0.82568359375,
        0.615234375,
        0.52587890625,
        0.849609375,
        0.91015625,
        0.6123046875,
        0.65625,
        0.48291015625,
        0.445068359375,
        0.63037109375,
        0.4326171875,
        0.48876953125,
        0.6357421875,
        0.498779296875,
        0.57568359375,
        0.2327880859375,
        0.859375,
        0.63818359375,
        0.46484375,
        0.436279296875,
        0.533203125,
        0.73046875,
        0.8203125,
        0.90185546875,
        0.349609375,
        0.2374267578125,
        0.65087890625,
        0.49169921875,
        0.546875,
        0.65087890625,
        0.417236328125,
        0.6904296875,
        0.372802734375,
        0.7333984375,
        0.8427734375,
        0.411865234375,
        0.2288818359375,
        0.450439453125,
        0.19189453125,
        0.400390625,
        0.4033203125,
        0.38134765625,
        0.71240234375,
        0.75634765625,
        0.83203125,
        0.279052734375,
        0.33984375,
        0.3701171875,
        0.64990234375,
        0.47216796875,
        0.5849609375,
        0.5654296875,
        0.49462890625,
        0.401123046875,
        0.61474609375,
        0.70849609375,
        0.69287109375,
        0.658203125,
        0.46533203125,
        0.475830078125,
        0.60888671875,
        0.53076171875,
        0.455810546875,
        0.48974609375,
        0.407470703125,
        0.339599609375,
        0.54248046875,
        0.28857421875,
        0.5087890625,
        0.6083984375,
        0.6982421875,
        0.767578125,
        0.35302734375,
        0.414794921875,
        0.350830078125,
        0.689453125,
        0.859375,
        0.8984375,
        0.2276611328125,
        0.7890625,
        0.744140625,
        0.59033203125,
        0.80810546875,
        0.48876953125,
        0.248046875,
        0.57568359375,
        0.55029296875,
        0.888671875,
        0.73193359375,
        0.560546875,
        0.1318359375,
        0.2149658203125,
        0.345458984375,
        0.54248046875,
        0.62646484375,
        0.1434326171875,
        0.6796875,
        0.241455078125,
        0.6630859375,
        0.5986328125,
        0.6357421875,
        0.6455078125,
        0.833984375,
        0.904296875,
        0.5927734375,
        0.403076171875,
        0.2919921875,
        0.6240234375,
        0.350341796875,
        0.75634765625,
        0.828125,
        0.6201171875,
        0.58740234375,
        0.73046875,
        0.8349609375,
        0.89990234375,
        0.9814453125,
        0.71533203125,
        0.63720703125,
        0.48779296875,
        0.64501953125,
        0.490478515625,
        0.5771484375,
        0.517578125,
        0.357421875,
        0.4794921875,
        0.5361328125,
        0.5078125,
        0.5458984375,
        0.9306640625,
        0.463134765625,
        0.6728515625,
        0.34033203125,
        0.404296875,
        0.744140625,
        0.38720703125,
        0.1363525390625,
        0.625,
        0.5986328125,
        0.73193359375,
        0.591796875,
        0.459716796875,
        0.78759765625,
        0.78955078125,
        0.467041015625,
        0.80712890625,
        0.703125,
        0.5830078125,
        0.87158203125,
        0.78515625,
        0.69287109375,
        0.70068359375,
        0.73388671875,
        0.328369140625,
        0.90576171875,
        0.80615234375,
        0.82080078125,
        0.458251953125,
        0.62890625,
        0.70068359375,
        0.55810546875,
        0.7919921875,
        0.6201171875,
        0.79638671875,
        0.9560546875,
        0.951171875,
        0.90087890625,
        0.457763671875,
        0.50244140625,
        0.443603515625,
        0.438720703125,
        0.202880859375,
        0.3623046875,
        0.70556640625,
        0.322998046875,
        0.2420654296875,
        0.385986328125,
        0.258544921875,
        0.1669921875,
        0.27099609375,
        0.184814453125,
        0.38720703125,
        0.266845703125,
        0.60791015625,
        0.66796875,
        0.673828125,
        0.56396484375,
        0.658203125,
        0.525390625,
        0.6435546875,
        0.4111328125,
        0.399658203125,
        0.52392578125,
        0.1629638671875,
        0.15380859375,
        0.71142578125,
        0.52783203125,
        0.79736328125,
        0.2115478515625,
        0.30810546875,
        0.193359375,
        0.947265625,
        0.273681640625,
        0.94384765625,
        0.61767578125,
        0.810546875,
        0.77490234375,
        0.47265625,
        0.56396484375,
        0.34423828125,
        0.576171875,
        0.47802734375,
        0.432861328125,
        0.62548828125,
        0.49853515625,
        0.6240234375,
        0.332763671875,
        0.35400390625,
        0.24365234375,
        0.445068359375,
