{
    "eval_accuracy": 0.6293333333333333,
    "eval_rms_calibration_error": 0.3159598021131641,
    "eval_average_probability": 0.6176634601751964,
    "eval_brier_score": 0.2924167855609603,
    "eval_probabilities": [
        0.06890869140625,
        0.6025390625,
        0.0001285076141357422,
        0.4140625,
        0.51171875,
        0.46484375,
        1.0,
        1.0,
        0.9990234375,
        0.98193359375,
        0.99755859375,
        0.73876953125,
        0.9921875,
        0.818359375,
        0.99853515625,
        1.0,
        0.96484375,
        1.0,
        0.07476806640625,
        0.67236328125,
        0.5888671875,
        0.0240478515625,
        0.9931640625,
        0.99951171875,
        0.011871337890625,
        0.042724609375,
        0.053009033203125,
        0.23681640625,
        0.60595703125,
        0.6376953125,
        1.0,
        0.806640625,
        1.0,
        0.041473388671875,
        0.0125274658203125,
        0.1312255859375,
        0.7578125,
        0.99951171875,
        0.96533203125,
        0.99951171875,
        1.0,
        0.9990234375,
        0.99951171875,
        0.99755859375,
        0.99951171875,
        1.0,
        0.99365234375,
        1.0,
        0.0035114288330078125,
        0.26904296875,
        0.363037109375,
        0.97119140625,
        0.92578125,
        0.88232421875,
        0.5888671875,
        0.9033203125,
        0.25390625,
        0.89306640625,
        0.94677734375,
        0.9443359375,
        0.87158203125,
        0.52978515625,
        0.55908203125,
        0.96923828125,
        0.058349609375,
        0.9814453125,
        0.8017578125,
        0.994140625,
        0.9833984375,
        0.99853515625,
        0.92724609375,
        0.78857421875,
        0.0006189346313476562,
        0.005535125732421875,
        0.830078125,
        0.002758026123046875,
        0.00015115737915039062,
        0.34765625,
        8.869171142578125e-05,
        0.70849609375,
        0.99365234375,
        0.0966796875,
        0.9931640625,
        0.99560546875,
        0.0190582275390625,
        0.039947509765625,
        0.34326171875,
        0.42626953125,
        0.9638671875,
        1.0,
        0.2108154296875,
        0.0013885498046875,
        0.004070281982421875,
        0.9306640625,
        0.57763671875,
        0.385009765625,
        0.74658203125,
        0.72607421875,
        0.70654296875,
        7.152557373046875e-07,
        0.005069732666015625,
        7.152557373046875e-07,
        0.01116180419921875,
        0.1602783203125,
        0.93359375,
        0.91259765625,
        0.318359375,
        0.153564453125,
        0.99560546875,
        0.9990234375,
        0.658203125,
        1.0,
        0.99951171875,
        0.474609375,
        0.035675048828125,
        0.048858642578125,
        0.32861328125,
        0.03662109375,
        0.03033447265625,
        0.01467132568359375,
        0.99609375,
        0.9208984375,
        0.97607421875,
        1.0,
        1.0,
        0.7431640625,
        0.442138671875,
        0.33056640625,
        0.181884765625,
        0.00023686885833740234,
        0.0018310546875,
        0.7958984375,
        0.99951171875,
        0.994140625,
        0.99609375,
        0.0222930908203125,
        0.99853515625,
        0.68359375,
        0.5205078125,
        0.332763671875,
        0.84814453125,
        0.99951171875,
        1.0,
        1.0,
        0.56591796875,
        0.267333984375,
        0.51171875,
        0.7294921875,
        0.615234375,
        0.96142578125,
        0.2239990234375,
        0.9951171875,
        0.5546875,
        0.0103302001953125,
        0.64599609375,
        0.6318359375,
        0.0241241455078125,
        0.318115234375,
        0.0090484619140625,
        0.0008559226989746094,
        0.0015850067138671875,
        0.0001780986785888672,
        1.0,
        1.0,
        1.0,
        0.89306640625,
        0.1143798828125,
        0.1312255859375,
        0.041778564453125,
        0.0863037109375,
        0.369384765625,
        0.470703125,
        0.56787109375,
        0.04638671875,
        0.751953125,
        0.84375,
        0.9189453125,
        0.72998046875,
        0.89697265625,
        0.724609375,
        0.93896484375,
        0.75634765625,
        0.262939453125,
        0.405517578125,
        0.6669921875,
        0.27197265625,
        0.98095703125,
        0.296630859375,
        0.947265625,
        0.99951171875,
        1.0,
        1.0,
        0.0384521484375,
        0.001956939697265625,
        0.0010986328125,
        0.513671875,
        0.9912109375,
        0.9990234375,
        0.0008692741394042969,
        0.953125,
        0.994140625,
        0.78662109375,
        0.9814453125,
        0.315673828125,
        0.01073455810546875,
        1.0,
        0.9990234375,
        1.0,
        0.99951171875,
        0.71875,
        0.5849609375,
        0.97900390625,
        0.2120361328125,
        0.689453125,
        0.94482421875,
        0.03759765625,
        0.7958984375,
        0.0004012584686279297,
        0.48046875,
        0.8642578125,
        0.98486328125,
        0.83349609375,
        0.96533203125,
        0.26123046875,
        0.78515625,
        0.0618896484375,
        0.005641937255859375,
        0.76611328125,
        0.042083740234375,
        0.155029296875,
        0.9853515625,
        0.42919921875,
        0.09466552734375,
        0.521484375,
        0.99853515625,
        0.99853515625,
        1.0,
        0.67919921875,
        0.6689453125,
        0.06610107421875,
        1.0,
        0.99365234375,
        1.0,
        0.08819580078125,
        0.2861328125,
        0.162353515625,
        0.85205078125,
        0.3310546875,
        0.6318359375,
        0.99658203125,
        0.515625,
        0.5390625,
        0.97802734375,
        0.5849609375,
        1.0,
        0.0255126953125,
        0.0001538991928100586,
        0.9892578125,
        0.466796875,
        0.830078125,
        0.994140625,
        0.2254638671875,
        0.98193359375,
        0.99853515625,
        0.08819580078125,
        0.99951171875,
        0.85888671875,
        0.876953125,
        0.9833984375,
        0.994140625,
        0.99853515625,
        0.98046875,
        0.99560546875,
        7.003545761108398e-05,
        0.9931640625,
        0.230224609375,
        0.91455078125,
        0.31494140625,
        0.421630859375,
        0.8759765625,
        0.403564453125,
        0.92529296875,
        0.9482421875,
        0.9755859375,
        1.0,
        0.99951171875,
        0.95849609375,
        0.420654296875,
        0.039642333984375,
        0.72802734375,
        0.70751953125,
        0.01229095458984375,
        0.037750244140625,
        0.8369140625,
        0.0021495819091796875,
        8.094310760498047e-05,
        0.0174407958984375,
        0.369384765625,
        0.127685546875,
        0.931640625,
        0.0007977485656738281,
        0.0125274658203125,
        0.01812744140625,
        0.0592041015625,
        0.093994140625,
        0.0203399658203125,
        0.79833984375,
        0.97705078125,
        0.86328125,
        0.98046875,
        0.26904296875,
        0.39599609375,
        0.61328125,
        0.1329345703125,
        0.00701141357421875,
        0.8955078125,
        0.33984375,
        0.79296875,
        0.00669097900390625,
        0.51953125,
        0.0179901123046875,
        1.0,
        0.2254638671875,
        1.0,
        0.85205078125,
        0.99755859375,
        0.99609375,
        0.53466796875,
        0.2313232421875,
        0.311767578125,
        0.59619140625,
        0.25244140625,
        0.1981201171875,
        0.865234375,
        0.16455078125,
        0.90966796875,
        0.78076171875,
        0.018402099609375,
        0.010406494140625,
        0.37109375,
        0.9462890625,
        1.0,
