{
    "model_dir": "models/classify_lora/llama-7b-code",
    "distribution_id": "code",
    "timestamp": "2023-10-12 17:50:16",
    "eval_loss": 0.2403564453125,
    "eval_score": -0.0670166015625,
    "eval_brier_score": 0.0670166015625,
    "eval_average_probability": 0.880859375,
    "eval_accuracy": 0.9146666666666666,
    "eval_probabilities": [
        1.0,
        1.0,
        1.0,
        1.0,
        1.0,
        1.0,
        1.0,
        0.99951171875,
        0.83447265625,
        1.0,
        1.0,
        1.0,
        1.0,
        1.0,
        1.0,
        0.89892578125,
        0.501953125,
        0.935546875,
        0.93701171875,
        0.99609375,
        0.99365234375,
        0.99560546875,
        1.0,
        1.0,
        0.65673828125,
        0.9443359375,
        0.8916015625,
        0.78515625,
        0.92431640625,
        0.77197265625,
        0.1856689453125,
        1.0,
        0.94580078125,
        0.18408203125,
        0.026611328125,
        0.005832672119140625,
        1.0,
        1.0,
        1.0,
        0.99609375,
        0.98583984375,
        0.99560546875,
        1.0,
        1.0,
        1.0,
        0.9013671875,
        1.0,
        0.99951171875,
        1.0,
        1.0,
        1.0,
        1.0,
        1.0,
        1.0,
        0.8662109375,
        0.6923828125,
        0.65234375,
        1.0,
        0.66650390625,
        1.0,
        1.0,
        1.0,
        1.0,
        0.97314453125,
        0.841796875,
        0.8857421875,
        1.0,
        0.0082855224609375,
        0.028656005859375,
        0.921875,
        0.1561279296875,
        0.9951171875,
        0.96435546875,
        0.51171875,
        0.332763671875,
        1.0,
        1.0,
        1.0,
        1.0,
        1.0,
        1.0,
        0.99951171875,
        0.42724609375,
        0.99755859375,
        1.0,
        1.0,
        1.0,
        0.9931640625,
        0.99951171875,
        0.79296875,
        0.51416015625,
        0.98095703125,
        0.6513671875,
        0.57666015625,
        0.56298828125,
        0.33154296875,
        0.87255859375,
        0.60400390625,
        0.8056640625,
        0.708984375,
        0.80810546875,
        0.0002453327178955078,
        1.0,
        1.0,
        1.0,
        0.99951171875,
        0.99853515625,
        0.99951171875,
        0.8994140625,
        0.9853515625,
        0.87109375,
        1.0,
        1.0,
        1.0,
        0.6513671875,
        0.363037109375,
        0.138427734375,
        1.0,
        0.99951171875,
        0.99755859375,
        1.0,
        1.0,
        1.0,
        0.955078125,
        0.9990234375,
        0.71533203125,
        1.0,
        1.0,
        1.0,
        1.0,
        1.0,
        0.9970703125,
        0.80078125,
        0.9541015625,
        0.947265625,
        1.0,
        1.0,
        0.982421875,
        0.1077880859375,
        0.9677734375,
        0.4990234375,
        1.0,
        0.9287109375,
        0.998046875,
        0.1895751953125,
        0.07421875,
        0.79296875,
        1.0,
        1.0,
        1.0,
        0.86328125,
        0.0330810546875,
        0.45703125,
        0.3115234375,
        0.7734375,
        0.65283203125,
        1.0,
        1.0,
        1.0,
        1.0,
        0.55078125,
        0.94580078125,
        0.86328125,
        0.7880859375,
        0.763671875,
        1.0,
        1.0,
        1.0,
        0.95361328125,
        0.93994140625,
        0.607421875,
        1.0,
        1.0,
        1.0,
        1.0,
        0.7099609375,
        1.0,
        0.83349609375,
        1.0,
        1.0,
        1.0,
        1.0,
        1.0,
        1.0,
        1.0,
        0.99951171875,
        0.99951171875,
        0.9970703125,
        0.8916015625,
        1.0,
        0.99853515625,
        1.0,
        1.0,
        1.0,
        1.0,
        0.95166015625,
        0.99609375,
        0.9990234375,
        1.0,
        1.0,
        1.0,
        1.0,
        1.0,
        1.0,
        0.9990234375,
        1.0,
        1.0,
        0.462890625,
        0.92041015625,
        0.9638671875,
        0.47265625,
        1.0,
        0.994140625,
        0.5341796875,
        0.462890625,
        0.5048828125,
        0.9990234375,
        1.0,
        1.0,
        0.56591796875,
        0.6689453125,
        0.896484375,
        0.9990234375,
        0.99951171875,
        1.0,
        0.9208984375,
        0.708984375,
        0.978515625,
        0.99853515625,
        1.0,
        1.0,
        1.0,
        1.0,
        1.0,
        1.0,
        1.0,
        0.84716796875,
        0.99609375,
        0.9990234375,
        0.9853515625,
        0.2529296875,
        0.095703125,
        0.028594970703125,
        1.0,
        1.0,
        1.0,
        0.91259765625,
        0.65673828125,
        0.99951171875,
        1.0,
        0.99853515625,
        1.0,
        0.9921875,
        1.0,
        0.9580078125,
        1.0,
        1.0,
        0.73388671875,
        0.9931640625,
        0.978515625,
        0.08270263671875,
        1.0,
        1.0,
        0.9970703125,
        1.0,
        0.99951171875,
        1.0,
        1.0,
        1.0,
        1.0,
        1.0,
        1.0,
        1.0,
        1.0,
        1.0,
        1.0,
        1.0,
        1.0,
        1.0,
        0.61669921875,
        0.95947265625,
        0.0953369140625,
        1.0,
        0.99072265625,
        0.99853515625,
        1.0,
        1.0,
        1.0,
        1.0,
        1.0,
        1.0,
        0.99072265625,
        0.81591796875,
        0.95458984375,
        1.0,
        0.54443359375,
        0.529296875,
        0.69921875,
        0.486328125,
        0.33447265625,
        1.0,
        1.0,
        1.0,
        1.0,
        1.0,
        1.0,
        0.96533203125,
        0.982421875,
        1.0,
        0.99951171875,
        0.70068359375,
        0.515625,
        0.70556640625,
        0.89892578125,
        0.385009765625,
        0.54296875,
        0.97216796875,
        0.7216796875,
        1.0,
        0.99951171875,
        1.0,
        0.60009765625,
        0.3486328125,
        0.658203125,
        1.0,
        1.0,
        1.0,
        0.73095703125,
        0.4111328125,
        0.78271484375,
        1.0,
        0.47265625,
        0.92626953125,
        1.0,
        1.0,
        1.0,
        0.0236968994140625,
        1.0,
        0.94677734375,
        1.0,
        1.0,
        1.0,
        1.0,
        0.98291015625,
        0.98974609375,
        1.0,
        1.0,
        1.0,
        0.99462890625,
        0.99853515625,
        0.89404296875,
        1.0,
        0.56787109375,
        0.9990234375,
        0.99951171875,
        0.75341796875,
        0.9990234375,
        0.998046875,
        1.0,
        0.99951171875,
        1.0,
        0.7724609375,
        0.85400390625,
        0.99755859375,
        1.0,
        1.0,
        0.96533203125,
        1.0,
        1.0,
        0.57373046875,
        0.66552734375,
        0.70263671875,
        1.0,
        1.0,
        1.0,
        0.796875,
        1.0,
        0.9140625,
        1.0,
        0.9990234375,
        0.99169921875,
        0.9287109375,
        1.0,
        1.0,
        0.96728515625,
        0.70166015625,
        0.99951171875,
        1.0,
        1.0,
        1.0,
        1.0,
        1.0,
        1.0,
        0.89453125,
        0.8232421875,
        0.52880859375,
        0.9189453125,
        0.67822265625,
        1.0,
        0.94775390625,
        0.830078125,
        0.994140625,
        0.466796875,
        0.513671875,
        0.42822265625,
        0.324462890625,
        0.49462890625,
        0.935546875,
        1.0,
        1.0,
        1.0,
        1.0,
        0.87548828125,
        1.0,
        1.0,
        0.9775390625,
        0.953125,
        0.2247314453125,
        0.8671875,
        0.98779296875,
        1.0,
        0.99951171875,
