{
    "model_dir": "models/classify_lora/llama-30b-crt_1",
    "distribution_id": "shp_low_quality",
    "timestamp": "2023-10-27 05:48:49",
    "eval_loss": 1.541015625,
    "eval_score": -0.40380859375,
    "eval_brier_score": 0.40380859375,
    "eval_average_probability": 0.4853515625,
    "eval_accuracy": 0.496,
    "eval_probabilities": [
        0.873046875,
        0.58203125,
        0.9814453125,
        0.12042236328125,
        0.98779296875,
        0.67578125,
        0.77001953125,
        0.25390625,
        0.007175445556640625,
        0.30078125,
        0.998046875,
        0.175537109375,
        0.875,
        0.7685546875,
        0.7978515625,
        0.60009765625,
        0.441650390625,
        0.689453125,
        0.047943115234375,
        0.48828125,
        0.2147216796875,
        0.8759765625,
        0.98583984375,
        0.9892578125,
        0.79833984375,
        0.0282135009765625,
        0.99853515625,
        0.3525390625,
        0.62060546875,
        0.291748046875,
        0.8935546875,
        0.127685546875,
        0.1143798828125,
        0.56396484375,
        0.73779296875,
        0.9111328125,
        0.06610107421875,
        0.127685546875,
        0.01302337646484375,
        0.86083984375,
        0.92529296875,
        0.04364013671875,
        0.95654296875,
        0.80078125,
        0.93994140625,
        0.61962890625,
        0.043701171875,
        0.26513671875,
        0.98876953125,
        0.1175537109375,
        0.81640625,
        0.0384521484375,
        0.09136962890625,
        0.09332275390625,
        0.416748046875,
        0.68603515625,
        0.9228515625,
        0.99755859375,
        0.32080078125,
        0.1778564453125,
        0.0489501953125,
        0.39794921875,
        0.002231597900390625,
        0.90478515625,
        0.90625,
        0.57666015625,
        0.91845703125,
        0.0160980224609375,
        0.1943359375,
        0.0048828125,
        0.97998046875,
        0.82958984375,
        0.61328125,
        0.94873046875,
        0.3486328125,
        0.0278472900390625,
        0.0031414031982421875,
        0.515625,
        0.10089111328125,
        0.06573486328125,
        0.4775390625,
        0.16455078125,
        0.67333984375,
        0.98486328125,
        0.716796875,
        0.01453399658203125,
        0.09844970703125,
        0.94189453125,
        0.10595703125,
        0.5537109375,
        0.99755859375,
        0.98828125,
        0.99951171875,
        0.2239990234375,
        0.06610107421875,
        1.0132789611816406e-05,
        0.99853515625,
        0.05145263671875,
        0.1795654296875,
        0.67333984375,
        0.537109375,
        0.049224853515625,
        0.06982421875,
        0.81982421875,
        0.81298828125,
        0.921875,
        0.21142578125,
        0.80126953125,
        0.1365966796875,
        0.0004973411560058594,
        0.63720703125,
        0.0117340087890625,
        0.37255859375,
        0.86962890625,
        0.98779296875,
        0.172119140625,
        0.019683837890625,
        0.0035800933837890625,
        0.451416015625,
        0.5869140625,
        0.1041259765625,
        0.60400390625,
        0.9853515625,
        0.451416015625,
        0.98095703125,
        0.34423828125,
        0.97265625,
        0.048675537109375,
        0.0009660720825195312,
        0.78955078125,
        0.12939453125,
        0.9326171875,
        0.039947509765625,
        0.70166015625,
        0.19677734375,
        0.37744140625,
        0.88134765625,
        0.32421875,
        0.007457733154296875,
        0.5419921875,
        0.99853515625,
        0.982421875,
        0.93603515625,
        0.004329681396484375,
        0.90771484375,
        0.6220703125,
        0.9833984375,
        0.9970703125,
        0.966796875,
        0.064208984375,
        0.041778564453125,
        0.57763671875,
        0.01473236083984375,
        0.85595703125,
        0.96875,
        0.99609375,
        0.12335205078125,
        0.70654296875,
        0.9716796875,
        0.368408203125,
        0.5361328125,
        0.59716796875,
        0.96484375,
        0.063720703125,
        0.39892578125,
        0.341552734375,
        0.437744140625,
        0.1365966796875,
        0.350341796875,
        0.865234375,
        0.003376007080078125,
        0.0225372314453125,
        0.92041015625,
        0.75048828125,
        0.830078125,
        5.1856040954589844e-05,
        0.9794921875,
        0.01287078857421875,
        0.91259765625,
        0.047088623046875,
        0.0196380615234375,
        0.373779296875,
        0.330322265625,
        0.131591796875,
        0.9833984375,
        0.9228515625,
        0.93505859375,
        0.040618896484375,
        0.040252685546875,
        0.1514892578125,
        0.96533203125,
        0.0182647705078125,
        0.04534912109375,
        0.178955078125,
        0.8974609375,
        0.035675048828125,
        0.30908203125,
        0.0115966796875,
        0.0007648468017578125,
        0.33984375,
        0.79931640625,
        0.2069091796875,
        0.1744384765625,
        0.9794921875,
        0.87255859375,
        0.9892578125,
        0.0126495361328125,
        0.1424560546875,
        0.76123046875,
        0.1124267578125,
        0.9912109375,
        0.020416259765625,
        0.80615234375,
        0.57177734375,
        0.085693359375,
        0.0869140625,
        0.5869140625,
        0.97900390625,
        0.1251220703125,
        0.0164031982421875,
        0.6875,
        0.85498046875,
        0.1783447265625,
        0.93603515625,
        0.81689453125,
        0.896484375,
        0.00806427001953125,
        0.08154296875,
        0.970703125,
        0.0053863525390625,
        0.4609375,
        0.1304931640625,
        0.96435546875,
        0.99169921875,
        0.2294921875,
        0.8203125,
        0.5087890625,
        0.67578125,
        0.1607666015625,
        0.62060546875,
        0.0029926300048828125,
        0.6318359375,
        0.9150390625,
        0.25390625,
        0.09271240234375,
        0.57373046875,
        0.21728515625,
        0.0634765625,
        0.8291015625,
        0.005741119384765625
    ],
    "eval_runtime": 105.1188,
    "eval_samples_per_second": 2.378,
    "eval_steps_per_second": 0.304
}