{
    "model_dir": "models/prompt_tuning/llama-13b-math",
    "distribution_id": "change_my_view",
    "timestamp": "2023-10-23 23:25:12",
    "eval_loss": 3.3046875,
    "eval_score": -0.337890625,
    "eval_brier_score": 0.337940307683497,
    "eval_average_probability": 0.6212348623275756,
    "eval_accuracy": 0.648,
    "eval_probabilities": [
        3.5762786865234375e-07,
        0.99658203125,
        0.0,
        1.0,
        0.0,
        4.76837158203125e-07,
        1.0,
        0.0010318756103515625,
        1.0,
        0.94921875,
        0.35498046875,
        0.70751953125,
        0.81298828125,
        0.0004878044128417969,
        0.0816650390625,
        5.841255187988281e-06,
        0.71435546875,
        1.0,
        0.99951171875,
        0.1456298828125,
        0.9560546875,
        4.51207160949707e-05,
        1.0,
        0.00010848045349121094,
        0.00020992755889892578,
        0.0,
        1.0,
        0.99951171875,
        1.0,
        0.9501953125,
        1.0,
        0.007694244384765625,
        1.0,
        0.99658203125,
        0.5107421875,
        0.9921875,
        0.9873046875,
        0.99072265625,
        0.0013561248779296875,
        1.0,
        0.06365966796875,
        0.99169921875,
        1.0,
        0.090087890625,
        1.0,
        0.60400390625,
        0.970703125,
        1.0,
        0.96826171875,
        0.99951171875,
        1.0,
        0.9951171875,
        5.227327346801758e-05,
        0.9443359375,
        1.0,
        0.96337890625,
        0.00030422210693359375,
        0.63720703125,
        0.98681640625,
        0.0002225637435913086,
        0.0196380615234375,
        1.7881393432617188e-07,
        1.0,
        0.030670166015625,
        0.0001010894775390625,
        0.9990234375,
        0.0004222393035888672,
        1.0,
        0.0006432533264160156,
        0.75732421875,
        0.437255859375,
        1.0,
        0.00020229816436767578,
        0.95703125,
        1.0,
        1.0,
        1.0,
        0.0033893585205078125,
        0.0259857177734375,
        0.2509765625,
        1.0,
        0.9990234375,
        1.0,
        0.0068511962890625,
        0.98876953125,
        0.99267578125,
        1.0,
        0.21142578125,
        1.0,
        6.479024887084961e-05,
        0.88232421875,
        1.5497207641601562e-06,
        1.0,
        0.001735687255859375,
        0.0313720703125,
        0.01146697998046875,
        0.00022733211517333984,
        0.99951171875,
        0.99267578125,
        0.99951171875,
        0.99560546875,
        1.0,
        0.01273345947265625,
        1.0,
        1.0,
        0.990234375,
        0.9990234375,
        0.7099609375,
        1.0,
        0.0,
        0.0,
        0.9697265625,
        1.0132789611816406e-06,
        0.98974609375,
        1.0,
        1.0,
        1.0,
        1.0,
        3.2782554626464844e-06,
        0.0082244873046875,
        0.67041015625,
        1.0,
        0.4111328125,
        1.0,
        0.001934051513671875,
        0.99658203125,
        1.0,
        0.99609375,
        0.60400390625,
        1.0,
        1.0,
        0.9814453125,
        0.08038330078125,
        0.9951171875,
        0.058135986328125,
        0.97705078125,
        0.51171875,
        0.806640625,
        0.84521484375,
        0.583984375,
        0.85791015625,
        1.0,
        0.85009765625,
        0.0,
        1.0,
        1.0,
        1.0,
        1.0,
        0.275146484375,
        0.00021147727966308594,
        1.0,
        0.262939453125,
        0.845703125,
        1.0,
        0.0,
        1.0,
        0.65576171875,
        0.91650390625,
        1.3887882232666016e-05,
        1.0,
        1.0,
        0.1378173828125,
        0.98583984375,
        1.0,
        0.0509033203125,
        9.685754776000977e-05,
        0.998046875,
        0.0206451416015625,
        0.9990234375,
        0.0894775390625,
        1.0,
        0.0014896392822265625,
        0.99951171875,
        1.0,
        0.0036468505859375,
        0.9990234375,
        1.0,
        0.90771484375,
        0.99951171875,
        1.0,
        0.72265625,
        1.0,
        0.69287109375,
        0.0002758502960205078,
        0.65576171875,
        0.07696533203125,
        1.0,
        0.0,
        1.0,
        0.0,
        0.0,
        0.002704620361328125,
        0.0,
        0.0005679130554199219,
        0.52734375,
        0.984375,
        5.328655242919922e-05,
        4.273653030395508e-05,
        2.980232238769531e-07,
        0.145751953125,
        0.9990234375,
        1.0,
        0.99169921875,
        0.0011692047119140625,
        0.99462890625,
        0.07586669921875,
        0.6533203125,
        1.0,
        5.960464477539063e-08,
        0.5390625,
        0.6806640625,
        0.00016832351684570312,
        1.0,
        0.0036792755126953125,
        0.6611328125,
        0.6416015625,
        0.98876953125,
        2.384185791015625e-07,
        1.0,
        5.829334259033203e-05,
        0.00075531005859375,
        1.0,
        1.0,
        1.0,
        0.5322265625,
        0.00511932373046875,
        0.9990234375,
        1.0,
        1.0,
        0.89404296875,
        1.0,
        1.0,
        0.87890625,
        0.48828125,
        1.0,
        1.0,
        0.9931640625,
        0.9912109375,
        0.97802734375,
        1.0,
        0.77197265625,
        1.0,
        0.01349639892578125,
        0.72021484375,
        2.2113323211669922e-05,
        0.9912109375,
        0.99951171875,
        1.1920928955078125e-07,
        0.98681640625,
        1.0
    ],
    "eval_runtime": 23.3975,
    "eval_samples_per_second": 10.685,
    "eval_steps_per_second": 0.342,
    "eval_rms_calibration_error": 0.48515627849715043
}