{
    "model_dir": "models/prompt_tuning/llama-13b-math",
    "distribution_id": "math_competent_character",
    "timestamp": "2023-10-24 06:11:13",
    "eval_loss": 0.794921875,
    "eval_score": -0.239013671875,
    "eval_brier_score": 0.23904125793133948,
    "eval_average_probability": 0.6362391869227092,
    "eval_accuracy": 0.6613333333333333,
    "eval_probabilities": [
        1.0,
        1.0,
        0.99365234375,
        1.0,
        0.931640625,
        0.9990234375,
        0.92724609375,
        1.0,
        1.0,
        0.4970703125,
        0.4775390625,
        0.64453125,
        0.7041015625,
        0.8232421875,
        0.76220703125,
        0.437744140625,
        0.515625,
        0.48828125,
        0.9794921875,
        1.0,
        0.77734375,
        1.0,
        1.0,
        1.0,
        0.1778564453125,
        0.99951171875,
        1.0,
        0.98779296875,
        0.99609375,
        0.7373046875,
        0.83203125,
        0.9775390625,
        0.2568359375,
        0.4765625,
        0.458984375,
        0.533203125,
        0.98486328125,
        0.82763671875,
        0.418701171875,
        0.607421875,
        0.43017578125,
        0.60400390625,
        0.81982421875,
        0.53125,
        0.85595703125,
        0.97705078125,
        0.71240234375,
        0.97705078125,
        0.970703125,
        0.99853515625,
        0.9970703125,
        0.9873046875,
        0.97607421875,
        0.9521484375,
        0.27197265625,
        0.56201171875,
        0.363037109375,
        0.9990234375,
        0.99853515625,
        1.0,
        0.35498046875,
        0.310791015625,
        0.19677734375,
        0.7216796875,
        0.8544921875,
        0.82275390625,
        0.418701171875,
        0.3173828125,
        0.484375,
        0.9990234375,
        0.9990234375,
        0.99853515625,
        0.767578125,
        1.0,
        1.0,
        0.888671875,
        0.58203125,
        0.736328125,
        0.5234375,
        0.96923828125,
        0.875,
        0.64208984375,
        0.3994140625,
        0.3037109375,
        0.5869140625,
        0.509765625,
        0.417724609375,
        0.99072265625,
        0.9990234375,
        0.93115234375,
        0.1778564453125,
        0.54296875,
        0.99755859375,
        0.615234375,
        0.85205078125,
        0.6826171875,
        0.86328125,
        0.9755859375,
        0.94482421875,
        0.9990234375,
        0.9921875,
        0.9951171875,
        0.10089111328125,
        0.1943359375,
        0.3173828125,
        0.03790283203125,
        0.0330810546875,
        0.0247955322265625,
        1.0,
        1.0,
        1.0,
        0.99951171875,
        1.0,
        0.99365234375,
        0.265869140625,
        0.06097412109375,
        0.158203125,
        0.9912109375,
        0.9140625,
        0.9033203125,
        0.0316162109375,
        0.0390625,
        0.0304412841796875,
        0.6669921875,
        0.71875,
        0.658203125,
        0.9814453125,
        0.98291015625,
        0.83544921875,
        0.57958984375,
        0.36572265625,
        0.4560546875,
        0.2108154296875,
        0.72802734375,
        0.045684814453125,
        0.98193359375,
        0.99267578125,
        0.81982421875,
        0.52001953125,
        0.703125,
        0.55419921875,
        0.591796875,
        0.356689453125,
        0.5283203125,
        0.99853515625,
        1.0,
        1.0,
        0.998046875,
        0.9873046875,
        0.82666015625,
        0.978515625,
        0.99951171875,
        0.96142578125,
        0.5087890625,
        0.39501953125,
        0.53515625,
        1.0,
        0.99951171875,
        0.99853515625,
        0.4765625,
        0.4091796875,
        0.12335205078125,
        0.303955078125,
        0.1693115234375,
        0.2220458984375,
        1.0,
        0.96533203125,
        1.0,
        0.7431640625,
        0.2509765625,
        0.83544921875,
        0.39501953125,
        0.391357421875,
        0.33203125,
        0.4921875,
        0.7373046875,
        0.42626953125,
        0.10968017578125,
        0.06463623046875,
        0.11126708984375,
        0.501953125,
        0.394287109375,
        0.2239990234375,
        0.9755859375,
        0.98828125,
        0.98974609375,
        0.716796875,
        0.9736328125,
        1.0,
        0.8447265625,
        0.422607421875,
        0.91357421875,
        0.80810546875,
        0.8671875,
        0.8740234375,
        1.0,
        1.0,
        0.99853515625,
        0.105224609375,
        0.98486328125,
        0.84228515625,
        0.23095703125,
        0.262939453125,
        0.5927734375,
        0.96826171875,
        0.833984375,
        0.9287109375,
        0.53515625,
        1.0,
        0.307373046875,
        0.7490234375,
        0.77734375,
        0.63720703125,
        0.99951171875,
        0.9970703125,
        1.0,
        8.153915405273438e-05,
        0.0526123046875,
        0.0094146728515625,
        0.049591064453125,
        0.012054443359375,
        0.0231475830078125,
        0.8310546875,
        0.0838623046875,
        0.89501953125,
        0.91015625,
        0.765625,
        0.86083984375,
        0.8974609375,
        0.85205078125,
        0.432861328125,
        0.90966796875,
        0.861328125,
        0.92529296875,
        0.022979736328125,
        0.04742431640625,
        0.0125274658203125,
        0.59375,
        0.458984375,
        0.49609375,
        0.66552734375,
        0.4111328125,
        0.71875,
        0.7919921875,
        0.57958984375,
        0.6875,
        0.26904296875,
        0.2069091796875,
        0.33447265625,
        0.99658203125,
        0.9990234375,
        0.99853515625,
        0.0125274658203125,
        0.002414703369140625,
        0.006439208984375,
        0.93798828125,
        0.71044921875,
        0.9443359375,
        0.876953125,
        0.4443359375,
        0.74267578125,
        0.73388671875,
        0.76904296875,
        0.56591796875,
        0.190673828125,
        0.4130859375,
        0.32763671875,
        0.72802734375,
        0.796875,
        0.5322265625,
        0.7880859375,
        0.998046875,
        0.99755859375,
        0.0872802734375,
        0.91845703125,
        0.64794921875,
        0.7880859375,
        0.27197265625,
        0.3486328125,
        0.0170440673828125,
        0.9599609375,
        0.64404296875,
        0.53125,
        1.0,
        0.66552734375,
        0.99853515625,
        0.05145263671875,
        0.31396484375,
        0.68359375,
        0.517578125,
        0.73583984375,
        0.56591796875,
        0.470703125,
        0.662109375,
        0.6943359375,
        0.931640625,
        0.9111328125,
        0.541015625,
        0.403564453125,
        0.5546875,
        0.39990234375,
        0.443603515625,
        0.381103515625,
        0.055816650390625,
        0.0330810546875,
        0.076416015625,
        0.32080078125,
        0.12249755859375,
        0.414794921875,
        0.8447265625,
        0.83984375,
        0.77783203125,
        0.06097412109375,
        0.59619140625,
        0.71240234375,
        0.355712890625,
        1.0,
        0.96875,
        0.998046875,
        0.9619140625,
        0.98681640625,
        0.1688232421875,
        0.287841796875,
        0.8671875,
        0.83984375,
        0.970703125,
        0.90478515625,
        1.0,
        0.99951171875,
        0.99951171875,
        0.063720703125,
        0.1329345703125,
        0.46484375,
        0.9443359375,
        0.381103515625,
        0.359375,
        0.99951171875,
        0.99951171875,
        1.0,
        0.84375,
        0.58154296875,
        0.48828125,
        0.8056640625,
        0.77734375,
        1.0,
        0.99267578125,
        0.99951171875,
        0.99853515625,
        0.6337890625,
        0.580078125,
        0.69140625,
        0.140869140625,
