{
    "model_dir": "models/prompt_tuning/llama-13b-math",
    "distribution_id": "math",
    "timestamp": "2023-10-23 23:12:49",
    "eval_loss": 0.46826171875,
    "eval_score": -0.1318359375,
    "eval_brier_score": 0.1318359375,
    "eval_average_probability": 0.78857421875,
    "eval_accuracy": 0.8266666666666667,
    "eval_probabilities": [
        0.912109375,
        0.8369140625,
        0.76025390625,
        0.99951171875,
        0.9990234375,
        0.99951171875,
        1.0,
        1.0,
        1.0,
        0.9189453125,
        0.7705078125,
        0.98876953125,
        0.0024662017822265625,
        0.00281524658203125,
        0.0171051025390625,
        0.845703125,
        0.50390625,
        0.95458984375,
        0.8271484375,
        0.5888671875,
        0.646484375,
        0.50927734375,
        0.162353515625,
        0.1328125,
        0.00919342041015625,
        0.939453125,
        0.6748046875,
        0.9462890625,
        0.99951171875,
        0.94580078125,
        0.11920166015625,
        0.1259765625,
        0.7373046875,
        0.99755859375,
        0.99951171875,
        0.99951171875,
        0.99951171875,
        0.99853515625,
        0.99951171875,
        0.80322265625,
        0.865234375,
        0.8310546875,
        1.0,
        1.0,
        1.0,
        0.97314453125,
        0.9931640625,
        0.97705078125,
        1.0,
        1.0,
        0.8564453125,
        0.9296875,
        0.99755859375,
        0.97021484375,
        0.98095703125,
        0.9951171875,
        0.98681640625,
        1.0,
        0.99951171875,
        0.99951171875,
        0.99951171875,
        0.7578125,
        0.96826171875,
        0.931640625,
        0.96435546875,
        0.96240234375,
        0.61865234375,
        0.66015625,
        0.8154296875,
        1.0,
        1.0,
        0.9951171875,
        0.7822265625,
        0.9462890625,
        0.95361328125,
        1.0,
        1.0,
        1.0,
        0.99267578125,
        0.9638671875,
        0.9892578125,
        0.80078125,
        0.98828125,
        0.97265625,
        0.9169921875,
        0.90380859375,
        0.97265625,
        0.06854248046875,
        0.912109375,
        0.010498046875,
        1.0,
        1.0,
        1.0,
        0.056243896484375,
        0.29931640625,
        0.205078125,
        0.81884765625,
        0.90185546875,
        0.9990234375,
        0.97216796875,
        0.99365234375,
        0.79833984375,
        0.9990234375,
        0.88720703125,
        1.0,
        0.99951171875,
        1.0,
        0.99951171875,
        0.99609375,
        0.99462890625,
        0.99951171875,
        0.5859375,
        0.179931640625,
        0.481689453125,
        0.955078125,
        0.96484375,
        0.935546875,
        0.98974609375,
        0.99951171875,
        0.99951171875,
        1.0,
        1.0,
        1.0,
        0.99951171875,
        1.0,
        0.99853515625,
        0.0016813278198242188,
        0.004718780517578125,
        0.381103515625,
        1.0,
        1.0,
        1.0,
        1.0,
        1.0,
        1.0,
        0.9501953125,
        0.6240234375,
        1.0,
        0.97412109375,
        1.0,
        1.0,
        0.97216796875,
        0.99951171875,
        0.9423828125,
        0.96484375,
        0.98486328125,
        0.99658203125,
        1.0,
        1.0,
        1.0,
        1.0,
        0.998046875,
        1.0,
        0.896484375,
        0.99951171875,
        1.0,
        0.71240234375,
        0.71875,
        0.86328125,
        0.30078125,
        0.375732421875,
        0.490234375,
        0.96826171875,
        0.120849609375,
        0.1571044921875,
        1.0,
        0.99462890625,
        1.0,
        0.322509765625,
        0.0029697418212890625,
        0.673828125,
        0.87548828125,
        0.97119140625,
        0.947265625,
        0.92578125,
        0.98876953125,
        0.9931640625,
        0.013427734375,
        0.041473388671875,
        0.103759765625,
        0.445556640625,
        0.4765625,
        0.70556640625,
        0.89990234375,
        0.69775390625,
        0.99072265625,
        0.98583984375,
        0.98046875,
        0.84765625,
        0.9970703125,
        0.99853515625,
        0.99560546875,
        0.99267578125,
        0.921875,
        0.80078125,
        0.9736328125,
        0.00011926889419555664,
        0.9970703125,
        0.853515625,
        0.83740234375,
        0.33447265625,
        0.93603515625,
        0.79736328125,
        0.95263671875,
        0.5146484375,
        0.382568359375,
        0.4072265625,
        0.96484375,
        0.99560546875,
        0.99951171875,
        0.6298828125,
        0.82763671875,
        0.67041015625,
        0.994140625,
        1.0,
        0.998046875,
        0.98779296875,
        0.970703125,
        0.99755859375,
        0.082275390625,
        0.033782958984375,
        0.31396484375,
        0.92919921875,
        0.96484375,
        0.9365234375,
        1.0,
        1.0,
        1.0,
        0.09332275390625,
        0.053802490234375,
        0.11358642578125,
        0.98779296875,
        0.84716796875,
        0.91357421875,
        1.0,
        1.0,
        1.0,
        0.546875,
        0.85595703125,
        0.658203125,
        0.5546875,
        0.76904296875,
        0.3701171875,
        0.9833984375,
        0.998046875,
        0.99658203125,
        0.99951171875,
        0.82958984375,
        0.9365234375,
        0.9970703125,
        0.9970703125,
        0.9970703125,
        0.970703125,
        0.98486328125,
        0.634765625,
        0.96484375,
        1.0,
        0.99951171875,
        0.99951171875,
        0.86376953125,
        0.978515625,
        0.91796875,
        0.9501953125,
        0.89892578125,
        0.7958984375,
        0.85791015625,
        0.990234375,
        1.0,
        0.99951171875,
        1.0,
        0.97900390625,
        0.439697265625,
        0.9560546875,
        0.57373046875,
        0.607421875,
        0.52734375,
        0.49609375,
        0.77197265625,
        0.8115234375,
        0.92822265625,
        0.94287109375,
        0.92822265625,
        0.99951171875,
        0.99853515625,
        1.0,
        1.0,
        1.0,
        1.0,
        0.9970703125,
        0.97607421875,
        0.99365234375,
        0.98974609375,
        0.97705078125,
        0.943359375,
        1.0,
        1.0,
        0.95166015625,
        0.96044921875,
        0.8330078125,
        0.634765625,
        1.0,
        1.0,
        1.0,
        0.76904296875,
        0.67919921875,
        0.546875,
        0.37841796875,
        0.39404296875,
        0.313720703125,
        1.0,
        0.99951171875,
        0.99951171875,
        0.91552734375,
        0.9990234375,
        0.96533203125,
        0.33642578125,
        0.040252685546875,
        0.05108642578125,
        1.0,
        1.0,
        1.0,
        0.0352783203125,
        0.6318359375,
        0.7861328125,
        0.2213134765625,
        0.9970703125,
        0.31396484375,
        0.53515625,
        0.99658203125,
        0.98974609375,
        0.9736328125,
        0.95361328125,
        0.921875,
        1.0,
        1.0,
        1.0,
        0.908203125,
        0.9384765625,
        0.038177490234375,
        0.486328125,
        0.5458984375,
        0.90380859375,
        0.791015625,
        0.7421875,
        0.81689453125,
        0.8173828125,
        0.276611328125,
        0.80810546875,
        0.77587890625,
        0.85888671875,
        0.84228515625,
        0.984375,
        0.99853515625,
        0.98388671875,
        0.998046875,
        0.62255859375,
        0.99462890625,
        1.0,
        1.0,
        1.0,
        0.544921875,
        0.25439453125,
        0.437744140625,
        0.77685546875,
        0.951171875,
        0.066162109375,
        1.0,
        1.0,
        1.0,
