{
    "model_dir": "models/prompt_tuning/llama-30b-wrong_arc",
    "distribution_id": "wrong_arc",
    "timestamp": "2023-10-13 09:51:05",
    "eval_loss": 0.477294921875,
    "eval_score": -0.1226806640625,
    "eval_brier_score": 0.1226806640625,
    "eval_average_probability": 0.82421875,
    "eval_accuracy": 0.84,
    "eval_probabilities": [
        0.994140625,
        0.69580078125,
        0.390380859375,
        1.0,
        0.974609375,
        0.994140625,
        0.98583984375,
        0.7890625,
        1.0,
        0.90087890625,
        0.99951171875,
        0.175537109375,
        0.99853515625,
        0.9931640625,
        0.99951171875,
        0.441650390625,
        0.9697265625,
        0.42431640625,
        0.99951171875,
        0.88427734375,
        0.0014791488647460938,
        1.0,
        0.236572265625,
        1.0,
        0.85498046875,
        1.0,
        0.369384765625,
        0.94482421875,
        0.435791015625,
        0.99951171875,
        0.8427734375,
        0.78466796875,
        1.0,
        1.0,
        0.84033203125,
        1.0,
        1.0,
        0.99853515625,
        0.763671875,
        0.95263671875,
        1.0,
        1.0,
        1.0,
        0.6513671875,
        0.9677734375,
        1.6689300537109375e-06,
        0.982421875,
        0.161865234375,
        0.9912109375,
        0.986328125,
        0.0164031982421875,
        0.9111328125,
        0.9833984375,
        1.0,
        0.994140625,
        0.9853515625,
        0.32763671875,
        1.0,
        0.06097412109375,
        0.9990234375,
        0.99951171875,
        0.7880859375,
        0.98779296875,
        0.43115234375,
        0.52734375,
        0.99951171875,
        0.9853515625,
        0.99853515625,
        1.0,
        0.9951171875,
        1.0,
        0.9599609375,
        0.98388671875,
        0.55810546875,
        0.95166015625,
        0.0222930908203125,
        0.9873046875,
        0.99951171875,
        0.728515625,
        0.9970703125,
        0.658203125,
        0.99267578125,
        1.0,
        1.0,
        0.9990234375,
        0.9951171875,
        1.0,
        0.56396484375,
        0.71533203125,
        0.99951171875,
        0.99951171875,
        0.350341796875,
        0.97802734375,
        1.0,
        0.99951171875,
        0.00428009033203125,
        0.99951171875,
        0.7890625,
        1.0,
        1.0,
        0.97900390625,
        0.974609375,
        0.9208984375,
        1.0,
        1.0,
        1.0,
        0.54296875,
        0.1610107421875,
        0.99658203125,
        0.984375,
        0.9970703125,
        0.92919921875,
        0.806640625,
        0.00142669677734375,
        0.99853515625,
        1.0,
        1.0,
        0.85595703125,
        0.9921875,
        1.0,
        1.0,
        0.99951171875,
        0.53515625,
        0.99267578125,
        1.0,
        0.98291015625,
        0.73095703125,
        1.0,
        1.0,
        1.0,
        0.99951171875,
        0.998046875,
        0.99609375,
        0.9970703125,
        0.99462890625,
        0.990234375,
        0.99658203125,
        0.9443359375,
        0.5791015625,
        0.9990234375,
        0.0225830078125,
        1.0,
        0.98876953125,
        1.0,
        0.99560546875,
        0.6513671875,
        0.99267578125,
        0.02886962890625,
        0.90478515625,
        0.822265625,
        0.97802734375,
        1.0,
        1.0,
        0.99951171875,
        0.1787109375,
        0.291015625,
        0.2281494140625,
        0.03021240234375,
        0.716796875,
        1.0,
        0.99951171875,
        0.0169525146484375,
        1.0,
        1.0,
        1.0,
        0.69921875,
        1.0,
        0.99853515625,
        0.806640625,
        1.0,
        1.0,
        0.9150390625,
        1.0,
        0.99951171875,
        0.97119140625,
        1.0,
        1.0,
        0.947265625,
        1.0,
        0.219970703125,
        1.0,
        1.0,
        0.986328125,
        0.99951171875,
        0.81396484375,
        0.998046875,
        1.0,
        0.9970703125,
        0.9990234375,
        0.99951171875,
        0.0863037109375,
        0.22265625,
        1.0,
        0.99755859375,
        0.95751953125,
        1.0,
        1.0,
        1.0,
        0.9951171875,
        0.061767578125,
        0.994140625,
        0.99365234375,
        0.1510009765625,
        0.93603515625,
        0.422607421875,
        0.9794921875,
        1.0,
        0.98779296875,
        0.0775146484375,
        0.361083984375,
        1.0,
        0.984375,
        0.98828125,
        0.9677734375,
        0.99658203125,
        0.9951171875,
        0.8681640625,
        0.0079345703125,
        1.0,
        0.96875,
        0.98388671875,
        0.99365234375,
        0.367431640625,
        0.0850830078125,
        0.9921875,
        0.97119140625,
        0.99365234375,
        0.99853515625,
        1.0,
        1.0,
        0.99853515625,
        0.394287109375,
        0.12249755859375,
        1.0,
        0.99853515625,
        1.0,
        0.99951171875,
        0.77197265625,
        0.93798828125,
        0.91943359375,
        0.6826171875,
        1.0,
        0.038726806640625,
        1.0,
        0.99072265625,
        1.0,
        0.5244140625,
        0.611328125,
        0.9736328125,
        1.0
    ],
    "eval_runtime": 10.0936,
    "eval_samples_per_second": 24.768,
    "eval_steps_per_second": 0.793
}