{
    "model_dir": "models/prompt_tuning/llama-13b-alpaca_chat",
    "distribution_id": "alpaca_chat",
    "timestamp": "2023-10-23 23:13:55",
    "eval_loss": 0.85302734375,
    "eval_score": -0.2626953125,
    "eval_brier_score": 0.2626953125,
    "eval_average_probability": 0.591796875,
    "eval_accuracy": 0.632,
    "eval_probabilities": [
        0.89306640625,
        0.87109375,
        0.8349609375,
        0.6689453125,
        0.359375,
        0.6953125,
        0.95556640625,
        0.9599609375,
        0.71533203125,
        0.06805419921875,
        0.662109375,
        0.063232421875,
        0.96142578125,
        0.9287109375,
        0.96484375,
        0.1937255859375,
        0.1412353515625,
        0.75830078125,
        0.849609375,
        0.99072265625,
        0.9951171875,
        0.4921875,
        0.64599609375,
        0.5830078125,
        0.923828125,
        0.7705078125,
        0.69287109375,
        0.5927734375,
        0.54296875,
        0.6689453125,
        0.216064453125,
        0.0253753662109375,
        0.015777587890625,
        0.39990234375,
        0.64794921875,
        0.59814453125,
        0.96630859375,
        0.82080078125,
        0.95068359375,
        0.0953369140625,
        0.204345703125,
        0.355712890625,
        0.6279296875,
        0.1015625,
        0.63525390625,
        0.86865234375,
        0.275146484375,
        0.61328125,
        0.841796875,
        0.93359375,
        0.708984375,
        0.810546875,
        0.7216796875,
        0.8818359375,
        0.48046875,
        0.8310546875,
        0.9365234375,
        0.484375,
        0.61865234375,
        0.67578125,
        0.93359375,
        0.89501953125,
        0.8798828125,
        0.89501953125,
        0.6513671875,
        0.67919921875,
        0.74072265625,
        0.80859375,
        0.9501953125,
        0.236572265625,
        0.876953125,
        0.57080078125,
        0.032470703125,
        0.3408203125,
        0.90625,
        0.90869140625,
        0.88818359375,
        0.7373046875,
        0.892578125,
        0.8662109375,
        0.96142578125,
        0.05645751953125,
        0.61962890625,
        0.1749267578125,
        0.9951171875,
        0.81982421875,
        0.99951171875,
        0.982421875,
        0.83544921875,
        0.9306640625,
        0.20556640625,
        0.1871337890625,
        0.273681640625,
        0.4716796875,
        0.2861328125,
        0.416748046875,
        0.75341796875,
        0.662109375,
        0.72509765625,
        0.6884765625,
        0.0416259765625,
        0.0162200927734375,
        0.79052734375,
        0.533203125,
        0.544921875,
        0.8623046875,
        0.62451171875,
        0.414794921875,
        0.83349609375,
        0.68603515625,
        0.966796875,
        0.69921875,
        0.97119140625,
        0.97607421875,
        0.994140625,
        0.98779296875,
        0.95751953125,
        0.7490234375,
        0.82421875,
        0.8671875,
        0.85791015625,
        0.7958984375,
        0.708984375,
        0.884765625,
        0.06280517578125,
        0.77978515625,
        0.56591796875,
        0.88916015625,
        0.310791015625,
        0.37939453125,
        0.56787109375,
        0.394287109375,
        0.445556640625,
        0.373779296875,
        0.69580078125,
        0.875,
        0.7890625,
        0.87646484375,
        0.99560546875,
        0.73876953125,
        0.98876953125,
        0.998046875,
        0.98486328125,
        0.97412109375,
        0.78662109375,
        0.91259765625,
        0.92724609375,
        0.62158203125,
        0.76611328125,
        0.9912109375,
        0.89501953125,
        0.94384765625,
        0.501953125,
        0.90673828125,
        0.90478515625,
        0.97607421875,
        0.7578125,
        0.57763671875,
        0.71875,
        0.09271240234375,
        0.814453125,
        0.374755859375,
        1.0,
        1.0,
        0.94677734375,
        0.830078125,
        0.958984375,
        0.31396484375,
        0.6767578125,
        0.62451171875,
        0.73779296875,
        0.2120361328125,
        0.23095703125,
        0.04400634765625,
        0.06463623046875,
        0.06781005859375,
        0.01107025146484375,
        0.5546875,
        0.1285400390625,
        0.0293121337890625,
        0.3486328125,
        0.0141754150390625,
        0.12249755859375,
        0.99267578125,
        0.982421875,
        0.82080078125,
        0.20947265625,
        0.24365234375,
        0.236572265625,
        0.33642578125,
        0.96875,
        0.390380859375,
        0.5234375,
        0.80078125,
        0.48828125,
        0.986328125,
        0.982421875,
        0.958984375,
        0.1812744140625,
        0.204345703125,
        0.0460205078125,
        0.90185546875,
        0.403564453125,
        0.303955078125,
        0.9287109375,
        1.0,
        0.98583984375,
        0.751953125,
        0.673828125,
        0.7138671875,
        0.82666015625,
        0.62451171875,
        0.2493896484375,
        0.7490234375,
        0.74560546875,
        0.81005859375,
        0.521484375,
        0.38671875,
        0.482421875,
        0.607421875,
        0.451416015625,
        0.525390625,
        0.169921875,
        0.5947265625,
        0.80126953125,
        0.6494140625,
        0.65478515625,
        0.68603515625,
        0.9462890625,
        0.139404296875,
        0.56201171875,
        0.71240234375,
        0.9619140625,
        0.9482421875,
        0.97021484375,
        0.658203125,
        0.95654296875,
        0.541015625,
        0.9013671875,
        0.6279296875,
        0.998046875,
        0.99609375,
        0.5087890625,
        0.94091796875,
        0.6279296875,
        0.97216796875,
        0.783203125,
        0.6943359375,
        0.64404296875,
        0.2281494140625,
        0.8486328125,
        0.673828125,
        0.77197265625,
        0.94189453125,
        0.77978515625,
        0.97607421875,
        0.9833984375,
        0.83203125,
        0.17333984375,
        0.73388671875,
        0.120849609375,
        0.982421875,
        0.07318115234375,
        0.7841796875,
        0.6943359375,
        0.751953125,
        0.900390625,
        0.34423828125,
        0.478515625,
        0.1842041015625,
        0.68408203125,
        0.7841796875,
        0.9541015625,
        0.02655029296875,
        0.1268310546875,
        0.2783203125,
        0.5908203125,
        0.57958984375,
        0.509765625,
        0.394287109375,
        0.41015625,
        0.30908203125,
        0.7265625,
        0.134765625,
        0.17333984375,
        0.478515625,
        0.5849609375,
        0.405517578125,
        0.71044921875,
        0.8388671875,
        0.81396484375,
        0.350341796875,
        0.88037109375,
        0.806640625,
        0.0003726482391357422,
        0.0119171142578125,
        0.1842041015625,
        0.9921875,
        0.92236328125,
        0.9521484375,
        0.7958984375,
        0.55810546875,
        0.73876953125,
        0.5390625,
        0.56787109375,
        0.5908203125,
        0.525390625,
        0.5341796875,
        0.91650390625,
        0.070556640625,
        0.87890625,
        0.204345703125,
        0.203125,
        0.49609375,
        0.59619140625,
        0.46875,
        0.458984375,
        0.294189453125,
        0.9189453125,
        0.76220703125,
        0.4091796875,
        0.1357421875,
        0.2213134765625,
        0.09808349609375,
        0.69091796875,
        0.443603515625,
        0.236572265625,
        0.70556640625,
        0.81884765625,
        0.21337890625,
        0.1044921875,
        0.04400634765625,
        0.03460693359375,
        0.203125,
        0.732421875,
        0.84716796875,
        0.6435546875,
        0.73388671875,
        0.5849609375,
        0.01094818115234375,
        0.242919921875,
