{
    "eval_accuracy": 0.996,
    "eval_rms_calibration_error": 0.49995242933088563,
    "eval_average_probability": 0.9913373105887442,
    "eval_brier_score": 0.0035474754120968007,
    "eval_probabilities": [
        0.981253398928967,
        0.9817752399695605,
        0.9987654321980459,
        0.9999642330002299,
        0.9999994400164229,
        0.9310958066893078,
        0.998364869396939,
        0.9999978720608093,
        0.9999657209600417,
        0.9999959762774613,
        0.9999979897840943,
        0.9999734307414253,
        0.9992525118138068,
        0.9986972623924931,
        0.997675216113603,
        0.9999994773469366,
        0.9886223135932448,
        0.9044612118823679,
        0.9999995886436841,
        0.999976622263029,
        0.9981860377051197,
        0.9999985278125503,
        0.9999834046271544,
        0.9999979642129246,
        0.9999766669920396,
        0.999548198880029,
        0.9999500238663249,
        0.9999835909047134,
        0.9999988731443771,
        0.999925222944789,
        0.9999898633561631,
        0.9999997783356963,
        0.9997904690680949,
        0.9999185811722029,
        0.999999588585636,
        0.9997748098776152,
        0.9982841228923491,
        0.9761643792279713,
        0.9997810103681588,
        0.9997873309760577,
        0.9999999388669387,
        0.9999827275199814,
        0.9999816212292315,
        0.999967573207006,
        0.9997349113653787,
        0.9999638868468694,
        0.9999970132351578,
        0.9997166659641351,
        0.9999945604055712,
        0.9999911805925187,
        0.9999951869209092,
        0.9999630716872057,
        0.9999941592706907,
        0.9996804147961158,
        0.9985729116429742,
        0.9918485908256518,
        0.9890828135250943,
        0.9961105444337507,
        0.9999969403368252,
        0.9999949788423049,
        0.9999987587712281,
        0.9999913474744203,
        0.9999910904719237,
        0.9999995561427072,
        0.9999806753533523,
        0.9999900445304001,
        0.9996071727591505,
        0.9442437857539889,
        0.9962371772583313,
        0.9999974933528522,
        0.9999813874408416,
        0.8885847485198503,
        0.9999995814284182,
        0.9999576064432103,
        0.9986519538136319,
        0.9999999140186052,
        0.9999996809430419,
        0.999973700921572,
        0.9999772763722539,
        0.9990245681051845,
        0.9711342718676014,
        0.9999504748685887,
        0.9992458245369239,
        0.9981895420305976,
        0.9999992884747455,
        0.99998849199051,
        0.9999542677307773,
        0.9999888972975823,
        0.999999196435674,
        0.9999587895648764,
        0.9999952255406961,
        0.9995934449769244,
        0.9993476101293469,
        0.9751631076686165,
        0.9999740671862756,
        0.9755345198394061,
        0.9999994758044856,
        0.9999649217847797,
        0.9999921812375105,
        0.9998102942116646,
        0.999994481290334,
        0.9997928156979957,
        0.9999942110629285,
        0.9999970473508438,
        0.9999970993481652,
        0.9999925482660889,
        0.9988917123113783,
        0.9999951611651164,
        0.9994948680431848,
        0.9999994844829563,
        0.9999832320649794,
        0.999999362798011,
        0.9998008963302121,
        0.9999934619927751,
        0.9986717489097594,
        0.999913330666258,
        0.9999967367944949,
        0.9999910321908818,
        0.9999849665263651,
        0.9999981484347623,
        0.14430093291362023,
        0.9999832081634974,
        0.9307284561502389,
        0.9920998669280717,
        0.994846324848746,
        0.9826148768835302,
        0.9992974761592655,
        0.9999979111042167,
        0.9776584658251116,
        0.9986311648583636,
        0.9998683643629435,
        0.9998572107134149,
        0.9996224923028305,
        0.999989561642934,
        0.9502955723331529,
        0.9999888221056328,
        0.9999649360573877,
        0.9910959727065096,
        0.9999972910163786,
        0.9999956180288361,
        0.999999786828421,
        0.999977736336511,
        0.8365525207336871,
        0.999989160900143,
        0.9999916938495805,
        0.9998305951910638,
        0.9999049293261826,
        0.9990130305781574,
        0.9999994495940911,
        0.9998709214900658,
        0.988589015695419,
        0.9999705710426837,
        0.996524113022089,
        0.9999857711715419,
        0.9978223654189459,
        0.9999109787412586,
        0.9999815862918704,
        0.9991976241073615,
        0.9999964093151076,
        0.9999968636863407,
        0.9966710819477071,
        0.9933588257803001,
        0.9998913433388722,
        0.9999502794146857,
        0.9996686205444536,
        0.9999824724425124,
        0.9999879720985203,
        0.9886609999941136,
        0.9999990991652022,
        0.9998910960357781,
        0.9999894495669732,
        0.9999558405827027,
        0.976009273784181,
        0.9999914727936103,
        0.9999939862793522,
        0.9999964382155296,
        0.9999942273776241,
        0.9999991893224675,
        0.9962624051758735,
        0.9989396270473727,
        0.9999969013882435,
        0.9999995214354612,
        0.9999930822437683,
        0.9998683399850928,
        0.9999991223054305,
        0.9978761987577417,
        0.9999866348189173,
        0.9795562170640201,
        0.9985693844359294,
        0.9999917513473178,
        0.9998162332596445,
        0.999971358279376,
        0.9999907410597925,
        0.9999616939234878,
        0.9999905696540147,
        0.9999995911283467,
        0.99998921068295,
        0.9926831240828198,
        0.9999991879416013,
        0.9999962785032283,
        0.9982390671400596,
        0.9999778778380284,
        0.9999989308626589,
        0.9999953991085855,
        0.9999945307425291,
        0.9976077532521886,
        0.9999677357968224,
        0.9997864673282034,
        0.9999185690990363,
        0.9999972250891055,
        0.9999970854716077,
        0.9937256512912439,
        0.9996502979288598,
        0.9992394978272933,
        0.9993279165337206,
        0.9909582402975807,
        0.9999855196408226,
        0.999990171082577,
        0.9999675918845271,
        0.9999974019764959,
        0.9999976656451928,
        0.9999834643746366,
        0.9999978976038976,
        0.9999502539689209,
        0.9999633123216364,
        0.9965008350058306,
        0.9999242706795554,
        0.9999191413048151,
        0.9967569963963168,
        0.9999998504491259,
        0.9992210488250471,
        0.7083805084856986,
        0.9999985379452893,
        0.9997212265191582,
        0.9999771576630782,
        0.9999976456489318,
        0.9999997359107062,
        0.9999991416742765,
        0.999997864732503,
        0.9999669839762304,
        0.999992371887392,
        0.9999428666853408,
        0.9997003306204778,
        0.9994281478726362,
        0.9999840786565726,
        0.9999894585108483,
        0.9955924069008358,
        0.9999558225430589,
        0.9999992181779049,
        0.9999024750611942
    ]
}