{
    "model_dir": "models/classify_lora/llama-7b-code",
    "distribution_id": "change_my_view",
    "timestamp": "2023-11-01 22:11:02",
    "eval_loss": 1.8779296875,
    "eval_score": -0.354736328125,
    "eval_brier_score": 0.354736328125,
    "eval_average_probability": 0.5712890625,
    "eval_accuracy": 0.588,
    "eval_probabilities": [
        0.740234375,
        0.1104736328125,
        0.0008759498596191406,
        0.220703125,
        0.99755859375,
        7.921457290649414e-05,
        0.83349609375,
        3.266334533691406e-05,
        0.57763671875,
        0.998046875,
        0.0017824172973632812,
        0.9873046875,
        0.9990234375,
        0.64599609375,
        0.00020229816436767578,
        0.0284423828125,
        0.77734375,
        0.25390625,
        0.0289764404296875,
        0.01406097412109375,
        1.0,
        0.01233673095703125,
        0.1490478515625,
        1.0,
        0.0012845993041992188,
        0.54296875,
        0.98193359375,
        0.95068359375,
        0.1441650390625,
        0.80419921875,
        0.363037109375,
        0.98681640625,
        0.99755859375,
        0.38671875,
        2.4497509002685547e-05,
        0.998046875,
        0.98583984375,
        0.96435546875,
        0.99951171875,
        0.91162109375,
        0.8818359375,
        1.0,
        0.9736328125,
        0.375732421875,
        1.0,
        0.0316162109375,
        0.405517578125,
        0.9921875,
        0.0007319450378417969,
        0.81298828125,
        0.29736328125,
        1.0,
        0.767578125,
        0.01107025146484375,
        0.86328125,
        0.06903076171875,
        0.515625,
        1.9252300262451172e-05,
        0.003765106201171875,
        0.026153564453125,
        0.96533203125,
        1.6689300537109375e-06,
        0.99951171875,
        0.2281494140625,
        1.0,
        1.0,
        0.039642333984375,
        0.83837890625,
        0.9619140625,
        0.63330078125,
        0.1251220703125,
        0.01094818115234375,
        0.9931640625,
        0.740234375,
        0.974609375,
        0.79052734375,
        0.00064849853515625,
        0.1490478515625,
        1.0,
        0.873046875,
        0.64794921875,
        0.1883544921875,
        0.99951171875,
        0.0009927749633789062,
        0.7216796875,
        0.049957275390625,
        0.97900390625,
        0.51953125,
        1.0,
        0.68408203125,
        0.9345703125,
        0.02423095703125,
        1.0,
        0.935546875,
        0.07806396484375,
        0.0004124641418457031,
        0.97509765625,
        0.9677734375,
        0.82421875,
        0.8203125,
        0.0007915496826171875,
        0.60400390625,
        0.0726318359375,
        0.83642578125,
        0.87255859375,
        0.0325927734375,
        0.94677734375,
        0.1571044921875,
        0.63720703125,
        0.0301055908203125,
        0.99267578125,
        0.99365234375,
        0.1500244140625,
        0.11358642578125,
        1.0,
        0.99462890625,
        0.99951171875,
        0.640625,
        0.607421875,
        0.83447265625,
        0.253173828125,
        0.388671875,
        0.27978515625,
        0.9150390625,
        0.84912109375,
        0.9990234375,
        0.010986328125,
        0.94580078125,
        0.97509765625,
        0.751953125,
        0.94677734375,
        0.6318359375,
        0.9990234375,
        0.02886962890625,
        0.12939453125,
        0.939453125,
        0.0024509429931640625,
        0.75927734375,
        1.0,
        0.0018672943115234375,
        0.39990234375,
        0.984375,
        0.56005859375,
        0.0003082752227783203,
        0.275146484375,
        0.08270263671875,
        0.9990234375,
        0.99853515625,
        0.0006108283996582031,
        0.115966796875,
        0.7744140625,
        0.552734375,
        0.3486328125,
        0.908203125,
        0.0007042884826660156,
        0.9873046875,
        0.9560546875,
        0.939453125,
        0.0194244384765625,
        0.0142822265625,
        0.994140625,
        0.0838623046875,
        0.303955078125,
        1.0,
        0.1800537109375,
        0.0002065896987915039,
        0.022369384765625,
        0.98291015625,
        1.0,
        0.63330078125,
        1.0,
        0.1766357421875,
        0.0025501251220703125,
        0.888671875,
        7.11679458618164e-05,
        0.27197265625,
        0.9931640625,
        0.00621795654296875,
        0.102294921875,
        0.9921875,
        0.0001653432846069336,
        0.9384765625,
        0.99951171875,
        0.93701171875,
        0.00731658935546875,
        0.8916015625,
        0.99853515625,
        0.00013554096221923828,
        0.01007843017578125,
        0.2254638671875,
        0.0012445449829101562,
        1.5497207641601562e-06,
        0.9306640625,
        0.0004086494445800781,
        0.806640625,
        1.0,
        0.26904296875,
        0.6259765625,
        0.420654296875,
        0.4921875,
        0.0161590576171875,
        0.1710205078125,
        0.2239990234375,
        0.85205078125,
        0.5927734375,
        0.98388671875,
        0.01812744140625,
        0.96923828125,
        0.72802734375,
        0.134765625,
        0.9990234375,
        0.92822265625,
        0.96533203125,
        6.496906280517578e-06,
        0.00010228157043457031,
        0.0792236328125,
        0.0008797645568847656,
        0.0005793571472167969,
        0.9482421875,
        0.92919921875,
        0.97412109375,
        0.99560546875,
        0.994140625,
        0.99853515625,
        0.986328125,
        1.0,
        0.494140625,
        0.9990234375,
        1.0,
        0.9716796875,
        0.97900390625,
        0.97998046875,
        0.99951171875,
        0.9658203125,
        0.94091796875,
        1.0,
        0.99609375,
        1.0,
        0.8974609375,
        0.87548828125,
        0.0322265625,
        0.978515625,
        0.1312255859375,
        0.8662109375,
        0.98193359375,
        0.880859375,
        2.777576446533203e-05,
        0.0304412841796875,
        0.7880859375,
        0.99951171875
    ],
    "eval_runtime": 26.3029,
    "eval_samples_per_second": 9.505,
    "eval_steps_per_second": 0.304
}