{
    "model_dir": "models/classify_lora/openllama-3b-spanish_output",
    "distribution_id": "spanish_output",
    "timestamp": "2023-10-15 07:22:32",
    "eval_loss": 0.640625,
    "eval_score": -0.213623046875,
    "eval_brier_score": 0.213623046875,
    "eval_average_probability": 0.6181640625,
    "eval_accuracy": 0.668,
    "eval_probabilities": [
        0.8203125,
        0.37060546875,
        0.52099609375,
        0.5556640625,
        0.73486328125,
        0.802734375,
        0.98291015625,
        0.92529296875,
        0.8544921875,
        0.70849609375,
        0.81298828125,
        0.8515625,
        0.86669921875,
        0.08001708984375,
        0.9013671875,
        0.744140625,
        0.2724609375,
        0.2469482421875,
        0.8818359375,
        0.814453125,
        0.84375,
        0.71435546875,
        0.79296875,
        0.798828125,
        0.2998046875,
        0.170166015625,
        0.3876953125,
        0.67138671875,
        0.29150390625,
        0.2352294921875,
        0.59326171875,
        0.96875,
        0.421142578125,
        0.50390625,
        0.5263671875,
        0.400634765625,
        0.84765625,
        0.91259765625,
        0.9189453125,
        0.0285491943359375,
        0.12353515625,
        0.07427978515625,
        0.95263671875,
        0.904296875,
        0.9921875,
        0.6240234375,
        0.919921875,
        0.9384765625,
        0.58154296875,
        0.2342529296875,
        0.95556640625,
        0.822265625,
        0.49609375,
        0.386474609375,
        0.96044921875,
        0.99609375,
        0.99169921875,
        0.440673828125,
        0.330322265625,
        0.38330078125,
        0.99853515625,
        0.99853515625,
        0.9990234375,
        0.44970703125,
        0.55078125,
        0.52099609375,
        0.0161285400390625,
        0.0063629150390625,
        0.004520416259765625,
        0.97216796875,
        0.95263671875,
        0.97802734375,
        0.98388671875,
        0.9814453125,
        0.90966796875,
        0.58203125,
        0.95263671875,
        0.435791015625,
        0.42431640625,
        0.342041015625,
        0.34814453125,
        0.65771484375,
        0.97998046875,
        0.21240234375,
        0.332275390625,
        0.3564453125,
        0.6142578125,
        0.74755859375,
        0.81787109375,
        0.6708984375,
        0.82958984375,
        0.88671875,
        0.88232421875,
        0.2364501953125,
        0.59765625,
        0.255615234375,
        0.919921875,
        0.775390625,
        0.81103515625,
        0.943359375,
        0.9482421875,
        0.9091796875,
        0.734375,
        0.97412109375,
        0.99169921875,
        0.38818359375,
        0.529296875,
        0.332763671875,
        0.9248046875,
        0.88623046875,
        0.9599609375,
        0.98193359375,
        0.90380859375,
        0.82763671875,
        0.30712890625,
        0.9501953125,
        0.471923828125,
        0.61474609375,
        0.5439453125,
        0.69189453125,
        0.8671875,
        0.84326171875,
        0.6318359375,
        0.65185546875,
        0.84228515625,
        0.89013671875,
        0.06866455078125,
        0.39990234375,
        0.449462890625,
        0.56005859375,
        0.80810546875,
        0.69970703125,
        0.68212890625,
        0.266845703125,
        0.615234375,
        0.68115234375,
        0.6884765625,
        0.325439453125,
        0.408203125,
        0.35498046875,
        0.53173828125,
        0.72998046875,
        0.67138671875,
        0.62060546875,
        0.74609375,
        0.77978515625,
        0.6337890625,
        0.521484375,
        0.74951171875,
        0.97119140625,
        0.91943359375,
        0.9794921875,
        0.9560546875,
        0.84130859375,
        0.6982421875,
        0.568359375,
        0.79833984375,
        0.8271484375,
        0.79931640625,
        0.86962890625,
        0.77978515625,
        0.81982421875,
        0.96923828125,
        0.92529296875,
        0.99072265625,
        0.435302734375,
        0.99609375,
        0.4990234375,
        0.330810546875,
        0.349853515625,
        0.457275390625,
        0.923828125,
        0.93505859375,
        0.9365234375,
        0.360107421875,
        0.2744140625,
        0.1929931640625,
        0.9970703125,
        0.99853515625,
        0.99755859375,
        0.74072265625,
        0.6416015625,
        0.52734375,
        0.67333984375,
        0.71484375,
        0.66162109375,
        0.99365234375,
        0.701171875,
        0.861328125,
        0.21533203125,
        0.0775146484375,
        0.33984375,
        0.9228515625,
        0.084228515625,
        0.693359375,
        0.98583984375,
        0.95703125,
        0.9599609375,
        0.78955078125,
        0.859375,
        0.82177734375,
        0.05841064453125,
        0.1275634765625,
        0.328857421875,
        0.2318115234375,
        0.4833984375,
        0.5234375,
        0.7919921875,
        0.9609375,
        0.7548828125,
        0.74365234375,
        0.66796875,
        0.92578125,
        0.6611328125,
        0.1602783203125,
        0.400634765625,
        0.55126953125,
        0.556640625,
        0.3583984375,
        0.802734375,
        0.65185546875,
        0.5439453125,
        0.828125,
        0.6572265625,
        0.970703125,
        0.65771484375,
        0.37548828125,
        0.40283203125,
        0.767578125,
        0.4990234375,
        0.45458984375,
        0.9306640625,
        0.83203125,
        0.990234375,
        0.468994140625,
        0.490234375,
        0.6767578125,
        0.12420654296875,
        0.1959228515625,
        0.16162109375,
        0.798828125,
        0.85107421875,
        0.98388671875,
        0.97314453125,
        0.7587890625,
        0.9228515625,
        0.64404296875,
        0.374267578125,
        0.71630859375,
        0.705078125,
        0.5517578125,
        0.74951171875,
        0.463134765625,
        0.5078125,
        0.373046875,
        0.62646484375,
        0.383056640625,
        0.7470703125,
        0.1329345703125,
        0.12939453125,
        0.392333984375,
        0.78271484375,
        0.52490234375,
        0.6611328125,
        0.4814453125,
        0.56884765625,
        0.474609375,
        0.49169921875,
        0.0965576171875,
        0.7841796875,
        0.11578369140625,
        0.1781005859375,
        0.61328125,
        0.49462890625,
        0.50732421875,
        0.46630859375,
        0.70751953125,
        0.83349609375,
        0.280517578125,
        0.89501953125,
        0.9638671875,
        0.77001953125,
        0.55859375,
        0.75,
        0.83349609375,
        0.67919921875,
        0.235107421875,
        0.368408203125,
        0.9453125,
        0.97900390625,
        0.9453125,
        0.52001953125,
        0.62255859375,
        0.55810546875,
        0.88134765625,
        0.464599609375,
        0.970703125,
        0.5546875,
        0.50244140625,
        0.63916015625,
        0.4853515625,
        0.33984375,
        0.54248046875,
        0.178466796875,
        0.85986328125,
        0.93505859375,
        0.47802734375,
        0.814453125,
        0.76513671875,
        0.5498046875,
        0.591796875,
        0.61865234375,
        0.96435546875,
        0.27880859375,
        0.96240234375,
        0.271484375,
        0.48486328125,
        0.200927734375,
        0.97216796875,
        0.80615234375,
        0.8466796875,
        0.9013671875,
        0.91650390625,
        0.94921875,
        0.59716796875,
        0.6103515625,
        0.6875,
        0.82177734375,
        0.587890625,
        0.4287109375,
        0.970703125,
        0.98876953125,
        0.9912109375,
        0.4775390625,
        0.370849609375,
        0.469970703125,
        0.59765625,
        0.6005859375,
        0.421142578125,
        0.51123046875,
