{
    "model_dir": "models/prompt_tuning/llama-13b-comma_separated_output",
    "distribution_id": "comma_separated_output",
    "timestamp": "2023-10-23 23:24:49",
    "eval_loss": 1.013671875,
    "eval_score": -0.267578125,
    "eval_brier_score": 0.267578125,
    "eval_average_probability": 0.619140625,
    "eval_accuracy": 0.648,
    "eval_probabilities": [
        0.8427734375,
        0.12939453125,
        0.72509765625,
        0.2666015625,
        0.57373046875,
        0.408203125,
        0.607421875,
        0.1561279296875,
        0.70751953125,
        0.95703125,
        0.99951171875,
        0.96923828125,
        0.004100799560546875,
        0.900390625,
        0.02996826171875,
        0.81103515625,
        0.8603515625,
        0.88330078125,
        0.953125,
        0.9560546875,
        0.95263671875,
        0.97216796875,
        0.99755859375,
        0.9814453125,
        0.919921875,
        0.81494140625,
        0.0692138671875,
        0.6982421875,
        0.415771484375,
        0.322021484375,
        0.60205078125,
        0.045440673828125,
        0.161376953125,
        0.6669921875,
        0.5859375,
        0.87939453125,
        0.20751953125,
        0.09808349609375,
        0.23095703125,
        0.253173828125,
        0.984375,
        0.98779296875,
        0.0089874267578125,
        0.0154266357421875,
        0.0271759033203125,
        0.06951904296875,
        0.1063232421875,
        0.9814453125,
        0.9990234375,
        0.89501953125,
        0.9873046875,
        0.2120361328125,
        0.287841796875,
        0.167236328125,
        0.60302734375,
        0.11688232421875,
        0.231689453125,
        0.1656494140625,
        0.269775390625,
        0.982421875,
        0.546875,
        0.74169921875,
        0.25537109375,
        0.7353515625,
        0.607421875,
        0.53759765625,
        0.6259765625,
        0.417724609375,
        0.6494140625,
        0.85986328125,
        0.83984375,
        0.7841796875,
        0.004573822021484375,
        0.97607421875,
        6.157159805297852e-05,
        0.70458984375,
        0.974609375,
        0.9853515625,
        0.65673828125,
        0.46484375,
        0.5166015625,
        0.99658203125,
        0.99951171875,
        0.97119140625,
        0.60546875,
        0.9365234375,
        0.46484375,
        0.62353515625,
        0.775390625,
        0.5859375,
        0.94091796875,
        0.90771484375,
        0.66015625,
        0.802734375,
        0.252685546875,
        0.020111083984375,
        0.004520416259765625,
        0.00955963134765625,
        0.59619140625,
        0.63330078125,
        0.7744140625,
        0.19677734375,
        0.859375,
        0.857421875,
        0.220947265625,
        0.01090240478515625,
        0.0618896484375,
        0.0390625,
        0.70556640625,
        0.04803466796875,
        0.1834716796875,
        0.75390625,
        0.998046875,
        0.93896484375,
        0.59130859375,
        0.279541015625,
        0.281005859375,
        0.155029296875,
        0.02685546875,
        0.315673828125,
        0.9921875,
        0.958984375,
        0.91015625,
        0.56201171875,
        0.87744140625,
        0.7470703125,
        0.1019287109375,
        0.1865234375,
        0.097900390625,
        0.9921875,
        0.9951171875,
        0.99365234375,
        0.841796875,
        0.69921875,
        0.34521484375,
        0.1470947265625,
        0.1419677734375,
        0.02838134765625,
        0.7421875,
        0.91259765625,
        0.7578125,
        0.9599609375,
        0.9970703125,
        0.86865234375,
        0.01448822021484375,
        0.0439453125,
        0.004871368408203125,
        0.92919921875,
        0.05419921875,
        0.37939453125,
        0.76123046875,
        0.69091796875,
        0.94677734375,
        0.65673828125,
        0.99755859375,
        0.99072265625,
        0.79248046875,
        0.6572265625,
        0.74755859375,
        0.61962890625,
        0.69580078125,
        0.69775390625,
        0.367431640625,
        0.498046875,
        0.8427734375,
        0.97216796875,
        0.548828125,
        0.8427734375,
        0.8515625,
        0.97705078125,
        0.99169921875,
        0.9775390625,
        0.99462890625,
        0.1268310546875,
        0.98046875,
        0.73095703125,
        0.97998046875,
        0.245849609375,
        0.42626953125,
        0.005924224853515625,
        0.076416015625,
        0.06805419921875,
        0.9619140625,
        0.011505126953125,
        0.000904083251953125,
        0.0017824172973632812,
        0.744140625,
        0.56884765625,
        0.8408203125,
        0.1163330078125,
        0.029541015625,
        0.42529296875,
        0.383056640625,
        0.9345703125,
        0.8193359375,
        0.4140625,
        0.9462890625,
        0.58203125,
        0.99365234375,
        0.127685546875,
        0.9931640625,
        0.88232421875,
        0.31494140625,
        0.91845703125,
        0.433837890625,
        0.202392578125,
        0.27392578125,
        0.11407470703125,
        0.63037109375,
        0.71435546875,
        0.92529296875,
        0.80029296875,
        0.96826171875,
        0.521484375,
        0.4658203125,
        0.6513671875,
        0.86962890625,
        0.95703125,
        0.84716796875,
        0.85986328125,
        0.99169921875,
        0.9873046875,
        0.56005859375,
        0.64013671875,
        0.95751953125,
        0.759765625,
        0.78125,
        0.86572265625,
        0.96630859375,
        0.98779296875,
        0.99853515625,
        0.97412109375,
        0.7705078125,
        0.9755859375,
        0.7919921875,
        0.98583984375,
        0.76416015625,
        0.25830078125,
        0.57275390625,
        0.375732421875,
        0.9189453125,
        0.96484375,
        0.994140625,
        0.9677734375,
        0.8486328125,
        0.97705078125,
        0.47119140625,
        0.95654296875,
        0.77490234375,
        0.9814453125,
        0.71484375,
        0.99609375,
        0.94091796875,
        0.60205078125,
        0.8115234375,
        1.0,
        0.99853515625,
        0.99853515625,
        0.2744140625,
        0.763671875,
        0.7919921875,
        0.96826171875,
        0.888671875,
        0.6064453125,
        0.00384521484375,
        0.0093231201171875,
        0.9833984375,
        0.86181640625,
        0.92578125,
        0.76708984375,
        0.98974609375,
        0.95703125,
        0.791015625,
        0.9833984375,
        1.0,
        0.9912109375,
        0.325927734375,
        0.52587890625,
        0.59033203125,
        0.1351318359375,
        0.1317138671875,
        0.0841064453125,
        0.43115234375,
        0.040283203125,
        0.85205078125,
        0.716796875,
        0.9140625,
        0.47314453125,
        0.0006117820739746094,
        0.007289886474609375,
        0.0015544891357421875,
        0.7734375,
        0.06903076171875,
        0.239013671875,
        0.17626953125,
        0.1878662109375,
        0.80224609375,
        0.8017578125,
        0.7705078125,
        0.484375,
        0.9375,
        0.08404541015625,
        0.09320068359375,
        0.53076171875,
        0.96435546875,
        0.9775390625,
        0.42724609375,
        0.06256103515625,
        0.9189453125,
        0.9775390625,
        0.9912109375,
        1.0,
        0.9697265625,
        0.8623046875,
        0.99560546875,
        0.83642578125,
        0.0321044921875,
        0.0002453327178955078,
        0.98095703125,
        0.98876953125,
        0.07421875,
        0.845703125,
        0.190673828125,
        0.4921875,
        0.99853515625,
        0.99853515625,
        0.78369140625,
        0.587890625,
        0.9189453125,
        0.99609375,
        0.9990234375,
        0.9951171875,
        0.9248046875,
        0.849609375,
