{
    "model_dir": "models/prompt_tuning/llama-7b-alpaca_mmlu",
    "distribution_id": "alpaca_mmlu",
    "timestamp": "2023-10-13 07:43:34",
    "eval_loss": 0.81982421875,
    "eval_score": -0.197021484375,
    "eval_brier_score": 0.197021484375,
    "eval_average_probability": 0.7216796875,
    "eval_accuracy": 0.7453333333333333,
    "eval_probabilities": [
        0.462890625,
        0.035400390625,
        0.06951904296875,
        1.0,
        0.9990234375,
        0.99951171875,
        0.703125,
        0.035400390625,
        0.71875,
        0.99951171875,
        1.0,
        1.0,
        0.98291015625,
        0.96044921875,
        0.9033203125,
        0.99951171875,
        0.974609375,
        0.94189453125,
        0.98388671875,
        0.99365234375,
        0.441650390625,
        1.0,
        0.8310546875,
        0.92529296875,
        0.89306640625,
        0.94677734375,
        0.60400390625,
        1.0,
        0.99755859375,
        0.92431640625,
        0.98046875,
        0.9716796875,
        1.0,
        0.1055908203125,
        0.0849609375,
        0.0202178955078125,
        0.98046875,
        0.99609375,
        0.984375,
        0.11358642578125,
        0.035400390625,
        0.039947509765625,
        0.276611328125,
        0.361083984375,
        0.73388671875,
        0.82763671875,
        0.439697265625,
        0.63330078125,
        0.72802734375,
        0.414794921875,
        0.67919921875,
        0.92529296875,
        0.0196380615234375,
        0.2822265625,
        0.96923828125,
        0.9990234375,
        0.99560546875,
        0.99951171875,
        0.9990234375,
        1.0,
        0.97216796875,
        0.9990234375,
        0.99951171875,
        0.609375,
        0.2451171875,
        0.93505859375,
        0.9951171875,
        0.998046875,
        0.99951171875,
        0.89111328125,
        0.73046875,
        0.99853515625,
        0.9306640625,
        0.97412109375,
        0.94970703125,
        0.90966796875,
        0.236572265625,
        0.414794921875,
        0.8056640625,
        0.97265625,
        0.61865234375,
        0.2451171875,
        0.91943359375,
        0.98828125,
        1.0,
        0.71875,
        0.99609375,
        0.11126708984375,
        0.46875,
        0.33447265625,
        0.99951171875,
        1.0,
        0.99755859375,
        0.2451171875,
        0.66552734375,
        0.7578125,
        0.99951171875,
        0.99951171875,
        0.99755859375,
        0.63720703125,
        0.98388671875,
        0.9921875,
        0.970703125,
        0.99365234375,
        0.99951171875,
        0.9072265625,
        0.998046875,
        1.0,
        0.9794921875,
        0.98876953125,
        0.9912109375,
        0.99951171875,
        0.96923828125,
        0.84912109375,
        0.9208984375,
        0.98388671875,
        0.951171875,
        0.98095703125,
        0.68408203125,
        0.98193359375,
        0.439697265625,
        0.91552734375,
        0.08331298828125,
        0.63525390625,
        0.6533203125,
        0.861328125,
        0.77099609375,
        0.9560546875,
        0.42919921875,
        0.94091796875,
        0.91650390625,
        0.0009908676147460938,
        0.99755859375,
        0.9990234375,
        1.0,
        0.9970703125,
        0.99755859375,
        0.9892578125,
        0.9658203125,
        0.921875,
        0.1993408203125,
        0.94384765625,
        0.2239990234375,
        0.60595703125,
        0.9443359375,
        0.9990234375,
        0.99853515625,
        0.5078125,
        0.1871337890625,
        0.67919921875,
        0.95654296875,
        0.9921875,
        0.9775390625,
        0.5390625,
        0.796875,
        0.548828125,
        0.1795654296875,
        0.049774169921875,
        0.185302734375,
        0.951171875,
        0.95654296875,
        0.994140625,
        0.06280517578125,
        0.91162109375,
        0.98486328125,
        0.06817626953125,
        0.129150390625,
        0.98583984375,
        0.97998046875,
        0.87060546875,
        0.77197265625,
        0.99560546875,
        0.99853515625,
        0.99853515625,
        0.99609375,
        1.0,
        0.9921875,
        0.99365234375,
        0.99658203125,
        0.99951171875,
        0.81982421875,
        0.5078125,
        0.10821533203125,
        0.689453125,
        0.4111328125,
        0.59619140625,
        0.99951171875,
        0.94580078125,
        0.95068359375,
        0.99658203125,
        0.99951171875,
        0.97021484375,
        0.61328125,
        0.556640625,
        0.416748046875,
        0.001972198486328125,
        0.0215301513671875,
        0.004718780517578125,
        0.5947265625,
        0.06854248046875,
        0.35400390625,
        0.990234375,
        1.0,
        0.953125,
        0.9609375,
        0.912109375,
        0.9833984375,
        1.0,
        1.0,
        0.9814453125,
        0.9697265625,
        0.98291015625,
        0.80322265625,
        0.19677734375,
        0.984375,
        0.98779296875,
        0.12939453125,
        0.07806396484375,
        0.861328125,
        0.9326171875,
        0.98193359375,
        0.98974609375,
        1.0,
        0.98779296875,
        0.9599609375,
        0.998046875,
        0.441650390625,
        0.97705078125,
        0.453369140625,
        0.880859375,
        0.90673828125,
        0.0156707763671875,
        0.373779296875,
        0.0233306884765625,
        0.88525390625,
        1.0,
        0.90966796875,
        0.87255859375,
        0.98974609375,
        0.90478515625,
        0.11798095703125,
        0.038330078125,
        0.77880859375,
        0.393798828125,
        0.1727294921875,
        0.021209716796875,
        0.7548828125,
        0.8857421875,
        0.9638671875,
        0.32080078125,
        0.385009765625,
        0.39990234375,
        0.97607421875,
        0.96630859375,
        0.9990234375,
        0.79052734375,
        0.99609375,
        0.95751953125,
        1.0,
        0.99853515625,
        1.0,
        0.99853515625,
        0.99072265625,
        0.513671875,
        0.001949310302734375,
        0.247314453125,
        0.0008935928344726562,
        0.70556640625,
        0.99951171875,
        0.99560546875,
        0.00878143310546875,
        0.008514404296875,
        0.0010080337524414062,
        0.98828125,
        1.0,
        0.99951171875,
        0.275146484375,
        0.87744140625,
        0.50390625,
        0.67724609375,
        0.91552734375,
        0.9921875,
        0.98828125,
        0.99267578125,
        0.99462890625,
        0.830078125,
        0.64794921875,
        0.12939453125,
        0.99365234375,
        0.9990234375,
        1.0,
        0.9921875,
        0.6630859375,
        0.0019817352294921875,
        0.611328125,
        0.77197265625,
        0.403564453125,
        1.0,
        1.0,
        0.99853515625,
        0.98876953125,
        0.97265625,
        0.998046875,
        1.0,
        0.97314453125,
        0.9990234375,
        0.7734375,
        0.8310546875,
        0.1871337890625,
        0.414794921875,
        0.36669921875,
        0.02801513671875,
        1.0,
        0.32421875,
        0.98388671875,
        0.84716796875,
        0.96484375,
        1.0,
        0.82421875,
        0.8291015625,
        0.289306640625,
        1.0,
        1.0,
        1.0,
        0.0006771087646484375,
        0.004398345947265625,
        0.00208282470703125,
        0.98193359375,
        0.2509765625,
        0.5234375,
        0.751953125,
        0.2005615234375,
        0.439697265625,
        0.88720703125,
        0.236572265625,
        0.5947265625,
        0.82080078125,
        0.984375,
        0.99609375,
        0.88720703125,
        0.275146484375,
        0.66357421875,
        0.99853515625,
        1.0,
        0.99755859375,
        0.93505859375,
        0.998046875,
