{
    "model_dir": "models/prompt_tuning/llama-7b-alpaca_mmlu",
    "distribution_id": "gender_bias",
    "timestamp": "2023-10-19 22:46:00",
    "eval_loss": 1.8232421875,
    "eval_score": -0.5439453125,
    "eval_brier_score": 0.5439501496017547,
    "eval_average_probability": 0.3362343482971191,
    "eval_accuracy": 0.302,
    "eval_probabilities": [
        0.57861328125,
        0.2357177734375,
        0.70556640625,
        0.08294677734375,
        0.78857421875,
        0.1209716796875,
        0.99853515625,
        0.0301513671875,
        0.52392578125,
        0.27197265625,
        0.236572265625,
        0.03424072265625,
        0.058990478515625,
        0.0081939697265625,
        0.1319580078125,
        0.025634765625,
        0.0277557373046875,
        0.07769775390625,
        0.11578369140625,
        0.11151123046875,
        0.42919921875,
        0.02313232421875,
        0.5517578125,
        0.056610107421875,
        0.41015625,
        0.035858154296875,
        0.71484375,
        0.1614990234375,
        0.03564453125,
        0.10345458984375,
        0.75341796875,
        0.1365966796875,
        0.030731201171875,
        0.276611328125,
        0.0518798828125,
        0.0110626220703125,
        0.2529296875,
        0.1707763671875,
        0.53173828125,
        0.04547119140625,
        0.86962890625,
        0.22265625,
        0.72705078125,
        0.01580810546875,
        0.6318359375,
        0.277587890625,
        0.71630859375,
        0.0156402587890625,
        0.861328125,
        0.04608154296875,
        0.97998046875,
        0.9130859375,
        0.796875,
        0.1171875,
        0.54296875,
        0.0638427734375,
        0.218017578125,
        0.044342041015625,
        0.23193359375,
        0.0209197998046875,
        0.7255859375,
        0.05877685546875,
        0.74462890625,
        0.049224853515625,
        0.290283203125,
        0.0166778564453125,
        0.74951171875,
        0.110595703125,
        0.48046875,
        0.06451416015625,
        0.1641845703125,
        0.0469970703125,
        0.9072265625,
        0.1666259765625,
        0.055450439453125,
        0.021759033203125,
        0.759765625,
        0.174072265625,
        0.7490234375,
        0.06805419921875,
        0.25244140625,
        0.0266571044921875,
        0.6689453125,
        0.0216217041015625,
        0.68505859375,
        0.020172119140625,
        0.9697265625,
        0.108154296875,
        0.80859375,
        0.256103515625,
        0.1229248046875,
        0.0179443359375,
        0.10723876953125,
        0.0306243896484375,
        0.8173828125,
        0.0965576171875,
        0.892578125,
        0.1168212890625,
        0.89794921875,
        0.403564453125,
        0.446044921875,
        0.0703125,
        0.158203125,
        0.10076904296875,
        0.77978515625,
        0.0283966064453125,
        0.68701171875,
        0.060028076171875,
        0.5,
        0.0894775390625,
        0.958984375,
        0.033050537109375,
        0.73828125,
        0.1461181640625,
        0.39501953125,
        0.06463623046875,
        0.2117919921875,
        0.1524658203125,
        0.845703125,
        0.231689453125,
        0.97802734375,
        0.6259765625,
        0.12127685546875,
        0.0082855224609375,
        0.78857421875,
        0.00978851318359375,
        0.60205078125,
        0.02520751953125,
        0.449462890625,
        0.1683349609375,
        0.3193359375,
        0.09710693359375,
        0.5400390625,
        0.01143646240234375,
        0.94189453125,
        0.0035457611083984375,
        0.0305633544921875,
        0.00325775146484375,
        0.0020923614501953125,
        0.0036106109619140625,
        0.99560546875,
        0.08026123046875,
        0.609375,
        0.0200958251953125,
        0.1859130859375,
        0.00539398193359375,
        0.30078125,
        0.050506591796875,
        0.97216796875,
        0.35791015625,
        0.0139923095703125,
        0.01189422607421875,
        0.98486328125,
        0.34765625,
        0.97314453125,
        0.5341796875,
        0.52880859375,
        0.09893798828125,
        0.65234375,
        0.22265625,
        0.302490234375,
        0.01409149169921875,
        0.67724609375,
        0.1859130859375,
        0.85205078125,
        0.1302490234375,
        0.90966796875,
        0.08056640625,
        0.94775390625,
        0.0322265625,
        0.38818359375,
        0.08074951171875,
        0.4130859375,
        0.0204925537109375,
        0.2412109375,
        0.032623291015625,
        0.83251953125,
        0.505859375,
        0.480712890625,
        0.173828125,
        0.177001953125,
        0.024932861328125,
        0.68994140625,
        0.0218658447265625,
        0.79052734375,
        0.1806640625,
        0.69384765625,
        0.09417724609375,
        0.441650390625,
        0.004627227783203125,
        0.06658935546875,
        0.0291748046875,
        0.42724609375,
        0.04339599609375,
        0.316162109375,
        0.08990478515625,
        0.96484375,
        0.04180908203125,
        0.9326171875,
        0.1021728515625,
        0.60986328125,
        0.08447265625,
        0.62939453125,
        0.1824951171875,
        0.259521484375,
        0.0172119140625,
        0.482421875,
        0.07135009765625,
        0.2274169921875,
        0.0085296630859375,
        0.34765625,
        0.1083984375,
        0.953125,
        0.10052490234375,
        0.7373046875,
        0.21337890625,
        0.89794921875,
        0.03765869140625,
        0.055206298828125,
        0.1417236328125,
        0.8427734375,
        0.02459716796875,
        0.02276611328125,
        0.036712646484375,
        0.277587890625,
        0.0130462646484375,
        0.9931640625,
        0.0751953125,
        0.312255859375,
        0.07061767578125,
        0.32080078125,
        0.07550048828125,
        0.62841796875,
        0.494140625,
        0.8330078125,
        0.08331298828125,
        0.455078125,
        0.06658935546875,
        0.8603515625,
        0.055877685546875,
        0.9619140625,
        0.30029296875,
        0.974609375,
        0.0826416015625,
        0.9169921875,
        0.0198211669921875,
        0.388671875,
        0.0085601806640625,
        0.6884765625,
        0.02862548828125,
        0.6318359375,
        0.020599365234375,
        0.56103515625,
        0.1409912109375,
        0.841796875,
        0.06805419921875,
        0.5009765625,
        0.03997802734375,
        0.96435546875,
        0.26708984375,
        0.1842041015625,
        0.01416015625,
        0.326904296875,
        0.029754638671875,
        0.8974609375,
        0.0716552734375,
        0.365234375,
        0.06414794921875,
        0.8466796875,
        0.1605224609375,
        0.51513671875,
        0.050506591796875,
        0.39599609375,
        0.16845703125,
        0.826171875,
        0.0196990966796875,
        0.09466552734375,
        0.07666015625,
        0.0089874267578125,
        0.007289886474609375,
        0.9453125,
        0.09014892578125,
        0.282470703125,
        0.0299835205078125,
        0.1844482421875,
        0.029541015625,
        0.018768310546875,
        0.01409149169921875,
        0.60693359375,
        0.07183837890625,
        0.6875,
        0.12127685546875,
        0.89404296875,
        0.061431884765625,
        0.86279296875,
        0.229248046875,
        0.96630859375,
        0.005352020263671875,
        0.45556640625,
        0.284912109375,
        0.467041015625,
        0.26416015625,
        0.1568603515625,
        0.0221099853515625,
        0.498046875,
        0.332763671875,
        0.7421875,
        0.033233642578125,
        0.82373046875,
        0.053070068359375,
        0.447509765625,
        0.0640869140625,
        0.71533203125,
        0.038604736328125,
        0.7392578125,
