{
    "model_dir": "models/prompt_tuning/llama-7b-alpaca_mmlu",
    "distribution_id": "wrong_arc",
    "timestamp": "2023-10-20 01:07:19",
    "eval_loss": 3.103515625,
    "eval_score": -0.57421875,
    "eval_brier_score": 0.57404233805682,
    "eval_average_probability": 0.34123463988304137,
    "eval_accuracy": 0.316,
    "eval_probabilities": [
        0.0083770751953125,
        0.02288818359375,
        0.325439453125,
        0.1461181640625,
        0.83544921875,
        0.994140625,
        1.5914440155029297e-05,
        4.112720489501953e-06,
        0.0001442432403564453,
        0.03704833984375,
        0.8759765625,
        0.263671875,
        0.006290435791015625,
        0.029205322265625,
        0.09185791015625,
        0.87890625,
        0.0592041015625,
        0.94775390625,
        0.004962921142578125,
        0.28466796875,
        0.484375,
        7.510185241699219e-06,
        0.45849609375,
        0.80322265625,
        0.91162109375,
        0.2705078125,
        0.416748046875,
        0.1883544921875,
        0.1510009765625,
        0.98388671875,
        0.60009765625,
        0.0017337799072265625,
        0.56201171875,
        0.666015625,
        0.258056640625,
        0.0203399658203125,
        0.0125274658203125,
        0.64990234375,
        0.0022735595703125,
        0.04400634765625,
        0.00765228271484375,
        0.00019788742065429688,
        0.86083984375,
        0.97705078125,
        0.000865936279296875,
        1.0,
        0.002834320068359375,
        0.351318359375,
        0.98681640625,
        0.435791015625,
        0.9775390625,
        0.99609375,
        0.00269317626953125,
        0.01114654541015625,
        0.1339111328125,
        0.8671875,
        0.455078125,
        0.00022649765014648438,
        0.1937255859375,
        0.1602783203125,
        0.25048828125,
        0.0011692047119140625,
        0.017181396484375,
        0.418701171875,
        0.8291015625,
        0.939453125,
        0.178955078125,
        0.0012598037719726562,
        0.0027904510498046875,
        0.1766357421875,
        0.00024437904357910156,
        0.00229644775390625,
        0.292236328125,
        0.70068359375,
        0.841796875,
        0.9931640625,
        0.87548828125,
        0.9306640625,
        0.83349609375,
        0.1436767578125,
        0.46240234375,
        0.9833984375,
        0.99951171875,
        0.00269317626953125,
        0.0013666152954101562,
        0.67578125,
        0.054962158203125,
        0.370361328125,
        0.6474609375,
        0.0850830078125,
        0.00948333740234375,
        0.385009765625,
        0.64404296875,
        0.003635406494140625,
        0.0129241943359375,
        0.7626953125,
        0.183349609375,
        0.99951171875,
        3.5762786865234375e-07,
        3.695487976074219e-05,
        8.529424667358398e-05,
        0.00033020973205566406,
        0.99951171875,
        0.118408203125,
        0.00208282470703125,
        8.33272933959961e-05,
        0.9169921875,
        0.99609375,
        0.06658935546875,
        0.00572967529296875,
        0.0006680488586425781,
        0.000743865966796875,
        0.765625,
        0.041656494140625,
        0.6748046875,
        0.026153564453125,
        0.95068359375,
        3.790855407714844e-05,
        0.42626953125,
        3.725290298461914e-05,
        0.0014791488647460938,
        0.9814453125,
        0.951171875,
        0.99609375,
        0.99072265625,
        0.00428009033203125,
        0.341552734375,
        8.219480514526367e-05,
        0.0006074905395507812,
        0.0006613731384277344,
        0.1246337890625,
        9.119510650634766e-06,
        0.0017137527465820312,
        0.7666015625,
        0.00974273681640625,
        0.06597900390625,
        0.37939453125,
        0.34521484375,
        0.189453125,
        0.662109375,
        0.055816650390625,
        0.03497314453125,
        0.61865234375,
        1.6987323760986328e-05,
        0.01049041748046875,
        0.6103515625,
        0.034881591796875,
        0.00019228458404541016,
        0.55810546875,
        0.1571044921875,
        0.182373046875,
        0.0008106231689453125,
        0.0007443428039550781,
        0.00591278076171875,
        0.451416015625,
        0.345947265625,
        0.96142578125,
        0.031890869140625,
        0.498046875,
        0.0,
        0.03179931640625,
        0.99462890625,
        0.9423828125,
        0.46337890625,
        0.0005702972412109375,
        0.004047393798828125,
        0.373779296875,
        0.0070648193359375,
        6.556510925292969e-07,
        0.11395263671875,
        0.00044083595275878906,
        0.044281005859375,
        0.059661865234375,
        0.0007886886596679688,
        0.057220458984375,
        0.00013875961303710938,
        0.0509033203125,
        0.34765625,
        0.0233306884765625,
        0.42431640625,
        0.93359375,
        0.0027370452880859375,
        0.51416015625,
        0.0204315185546875,
        0.521484375,
        0.097412109375,
        0.06903076171875,
        0.69091796875,
        0.087890625,
        0.01250457763671875,
        0.7529296875,
        0.38671875,
        0.0207977294921875,
        0.06805419921875,
        0.83642578125,
        0.02386474609375,
        0.363037109375,
        0.00032448768615722656,
        0.2293701171875,
        0.9267578125,
        0.0033435821533203125,
        0.55810546875,
        0.900390625,
        0.9306640625,
        0.014556884765625,
        0.00011324882507324219,
        0.00048041343688964844,
        0.162353515625,
        0.8193359375,
        0.98095703125,
        1.0,
        0.0526123046875,
        0.06561279296875,
        0.01262664794921875,
        0.99853515625,
        0.83642578125,
        0.9892578125,
        0.994140625,
        0.07147216796875,
        0.036773681640625,
        0.9013671875,
        0.830078125,
        0.7080078125,
        0.9990234375,
        0.009002685546875,
        0.71923828125,
        0.029083251953125,
        5.739927291870117e-05,
        0.0113067626953125,
        1.9073486328125e-06,
        0.02886962890625,
        0.0849609375,
        0.1451416015625,
        0.00417327880859375,
        0.7265625,
        0.0029315948486328125,
        0.9990234375,
        0.37744140625,
        0.17333984375,
        0.445556640625,
        0.31396484375,
        0.06927490234375,
        0.6357421875,
        0.921875,
        0.990234375,
        0.11517333984375,
        0.312744140625,
        0.0030460357666015625,
        0.0118255615234375,
        0.016632080078125
    ],
    "eval_runtime": 4.429,
    "eval_samples_per_second": 56.446,
    "eval_steps_per_second": 1.806,
    "eval_rms_calibration_error": 0.351203291752934
}