{
    "model_dir": "models/llama-13b",
    "distribution_id": "crt_1",
    "timestamp": "2023-10-26 21:53:08",
    "eval_loss": 0.6998779773712158,
    "eval_score": -0.25338849425315857,
    "eval_brier_score": 0.25338849425315857,
    "eval_average_probability": 0.4966503083705902,
    "eval_accuracy": 0.284,
    "eval_probabilities": [
        0.4985407292842865,
        0.5007569193840027,
        0.5000218749046326,
        0.4894416034221649,
        0.4944625496864319,
        0.4898371994495392,
        0.4966455399990082,
        0.4992141127586365,
        0.4841141998767853,
        0.49388882517814636,
        0.49669352173805237,
        0.49432674050331116,
        0.4924875795841217,
        0.4882756173610687,
        0.4907538592815399,
        0.4954781234264374,
        0.49818846583366394,
        0.5016325116157532,
        0.4852789640426636,
        0.5039914846420288,
        0.49019506573677063,
        0.48768746852874756,
        0.5002993941307068,
        0.4908105731010437,
        0.5018815994262695,
        0.49345967173576355,
        0.4951086938381195,
        0.4899098873138428,
        0.48840638995170593,
        0.49675819277763367,
        0.49505117535591125,
        0.49650201201438904,
        0.5030159950256348,
        0.4950726628303528,
        0.5048667788505554,
        0.5029861927032471,
        0.49996331334114075,
        0.5030462741851807,
        0.503113329410553,
        0.49856212735176086,
        0.49755483865737915,
        0.5001190900802612,
        0.4982335567474365,
        0.4944116473197937,
        0.4923250079154968,
        0.4967202842235565,
        0.4899114966392517,
        0.4969407320022583,
        0.4962916076183319,
        0.49496617913246155,
        0.49850910902023315,
        0.49469026923179626,
        0.5005961656570435,
        0.5036845207214355,
        0.49908217787742615,
        0.49612241983413696,
        0.4939340651035309,
        0.5008669495582581,
        0.505545437335968,
        0.4847491681575775,
        0.49258458614349365,
        0.49537843465805054,
        0.4930092692375183,
        0.4821016788482666,
        0.49180829524993896,
        0.4940989315509796,
        0.5013846158981323,
        0.4963209331035614,
        0.500054657459259,
        0.4928625226020813,
        0.4955616593360901,
        0.5125557780265808,
        0.4885900914669037,
        0.4945751428604126,
        0.49514976143836975,
        0.49872949719429016,
        0.4978116452693939,
        0.5023563504219055,
        0.5013225078582764,
        0.49772563576698303,
        0.4987286627292633,
        0.49884867668151855,
        0.5029075145721436,
        0.5019634962081909,
        0.4964239299297333,
        0.4967718720436096,
        0.5006304979324341,
        0.49567165970802307,
        0.4910746216773987,
        0.5038197636604309,
        0.5006789565086365,
        0.4908110797405243,
        0.4928032457828522,
        0.5018860697746277,
        0.49496060609817505,
        0.49588683247566223,
        0.4983311593532562,
        0.4923175871372223,
        0.5020272731781006,
        0.5011477470397949,
        0.49598193168640137,
        0.5008105039596558,
        0.5041869282722473,
        0.4983575642108917,
        0.4972386956214905,
        0.49068644642829895,
        0.4958947002887726,
        0.4894638657569885,
        0.49797892570495605,
        0.5010490417480469,
        0.5068123936653137,
        0.5028494000434875,
        0.5037104487419128,
        0.5043227672576904,
        0.5020703673362732,
        0.49564501643180847,
        0.49334660172462463,
        0.49947303533554077,
        0.5038675665855408,
        0.4965941905975342,
        0.48395946621894836,
        0.49616578221321106,
        0.49522852897644043,
        0.4955170154571533,
        0.49388980865478516,
        0.5060698986053467,
        0.5036120414733887,
        0.49835190176963806,
        0.4945757985115051,
        0.49090656638145447,
        0.49695372581481934,
        0.49726593494415283,
        0.4958423376083374,
        0.4985937774181366,
        0.4885769486427307,
        0.497489333152771,
        0.5029684901237488,
        0.4934438467025757,
        0.49925696849823,
        0.49566832184791565,
        0.48860183358192444,
        0.4959662854671478,
        0.48674455285072327,
        0.49082425236701965,
        0.4994673728942871,
        0.49360162019729614,
        0.49984434247016907,
        0.4998511075973511,
        0.49766281247138977,
        0.486781507730484,
        0.5052197575569153,
        0.4979807734489441,
        0.49325576424598694,
        0.5050811767578125,
        0.4888174831867218,
        0.49716731905937195,
        0.5008139610290527,
        0.49263995885849,
        0.48946627974510193,
        0.4845212399959564,
        0.4969343841075897,
        0.49810290336608887,
        0.49503257870674133,
        0.49887728691101074,
        0.4923892915248871,
        0.5015694499015808,
        0.49062415957450867,
        0.49528634548187256,
        0.49652573466300964,
        0.5024405121803284,
        0.49494704604148865,
        0.4970645606517792,
        0.49673226475715637,
        0.4964945614337921,
        0.48537319898605347,
        0.49282222986221313,
        0.5034793615341187,
        0.5015429854393005,
        0.4946347773075104,
        0.5022457242012024,
        0.49189043045043945,
        0.5039770007133484,
        0.5064544081687927,
        0.49451908469200134,
        0.4980664551258087,
        0.500388503074646,
        0.5007033348083496,
        0.5044410228729248,
        0.49811673164367676,
        0.4957507252693176,
        0.4956684410572052,
        0.5026244521141052,
        0.5019209384918213,
        0.4891842305660248,
        0.5065814256668091,
        0.4923449158668518,
        0.5015957951545715,
        0.49156850576400757,
        0.4949794411659241,
        0.5023718476295471,
        0.5036689639091492,
        0.4941778779029846,
        0.4883118271827698,
        0.4870452582836151,
        0.5004091262817383,
        0.49050429463386536,
        0.4980616867542267,
        0.49950307607650757,
        0.4837852418422699,
        0.500295877456665,
        0.4872141182422638,
        0.5028508901596069,
        0.4929310083389282,
        0.4937102794647217,
        0.4980432689189911,
        0.49754005670547485,
        0.48292261362075806,
        0.4911794662475586,
        0.49757668375968933,
        0.49202287197113037,
        0.5011628866195679,
        0.5024004578590393,
        0.49731481075286865,
        0.5080212354660034,
        0.4952690601348877,
        0.4990799129009247,
        0.50123131275177,
        0.49576205015182495,
        0.49603959918022156,
        0.49639514088630676,
        0.49013131856918335,
        0.49710142612457275,
        0.5007377862930298,
        0.4997592866420746,
        0.4996528923511505,
        0.49335792660713196,
        0.49239590764045715,
        0.5047518014907837,
        0.4975804090499878,
        0.4929804801940918,
        0.5029386281967163,
        0.49253931641578674,
        0.4900432229042053,
        0.49349266290664673,
        0.5043410062789917,
        0.496764600276947,
        0.4949052631855011,
        0.49431926012039185,
        0.49755072593688965,
        0.49989473819732666
    ],
    "eval_runtime": 40.9551,
    "eval_samples_per_second": 6.104,
    "eval_steps_per_second": 0.781
}