{
    "model_dir": "models/llama-13b",
    "distribution_id": "personality_traits",
    "timestamp": "2023-10-26 21:53:29",
    "eval_loss": 0.690119206905365,
    "eval_score": -0.24850402772426605,
    "eval_brier_score": 0.24850402772426605,
    "eval_average_probability": 0.5015185475349426,
    "eval_accuracy": 0.532,
    "eval_probabilities": [
        0.49525102972984314,
        0.4986601769924164,
        0.5024412274360657,
        0.4982810318470001,
        0.49829867482185364,
        0.49891626834869385,
        0.5069820880889893,
        0.4983367323875427,
        0.4984639883041382,
        0.4995860755443573,
        0.49647724628448486,
        0.5047218799591064,
        0.5052466988563538,
        0.5054907202720642,
        0.49518969655036926,
        0.5078904628753662,
        0.5061196088790894,
        0.5059364438056946,
        0.5076658129692078,
        0.49676093459129333,
        0.4965556561946869,
        0.497374027967453,
        0.5068768858909607,
        0.5056028962135315,
        0.506899893283844,
        0.5076263546943665,
        0.5043686628341675,
        0.49970778822898865,
        0.5064595341682434,
        0.5047199130058289,
        0.5063117146492004,
        0.5040237903594971,
        0.498201847076416,
        0.5042100548744202,
        0.4966881275177002,
        0.5054602026939392,
        0.5051224231719971,
        0.4987037479877472,
        0.506446361541748,
        0.50562983751297,
        0.5037152767181396,
        0.5066527724266052,
        0.5038387775421143,
        0.5074029564857483,
        0.4971766173839569,
        0.49970105290412903,
        0.5059902667999268,
        0.5065816640853882,
        0.5070850849151611,
        0.5043814778327942,
        0.5047441124916077,
        0.5078067183494568,
        0.5048534870147705,
        0.5039975643157959,
        0.5071172714233398,
        0.5038797855377197,
        0.49942710995674133,
        0.496827632188797,
        0.5068626403808594,
        0.49498528242111206,
        0.5060022473335266,
        0.4961410164833069,
        0.5056482553482056,
        0.5043392181396484,
        0.5076834559440613,
        0.4992423951625824,
        0.4951991140842438,
        0.5057423114776611,
        0.49738141894340515,
        0.49783340096473694,
        0.50005704164505,
        0.4984120726585388,
        0.49588021636009216,
        0.5034729838371277,
        0.49948185682296753,
        0.4983011484146118,
        0.4971209168434143,
        0.49738389253616333,
        0.506588339805603,
        0.4978480339050293,
        0.4978164732456207,
        0.49476557970046997,
        0.49825066328048706,
        0.5068714022636414,
        0.49680230021476746,
        0.4971845746040344,
        0.4964016079902649,
        0.4981727600097656,
        0.50641930103302,
        0.5041499733924866,
        0.5070697069168091,
        0.4968652129173279,
        0.4992964267730713,
        0.5078802704811096,
        0.5059375166893005,
        0.5042869448661804,
        0.4973504841327667,
        0.4940558969974518,
        0.4960331618785858,
        0.49501362442970276,
        0.5055094361305237,
        0.496367871761322,
        0.5063577890396118,
        0.5035325288772583,
        0.49705079197883606,
        0.5060162544250488,
        0.5073668956756592,
        0.49820005893707275,
        0.4999749958515167,
        0.49833106994628906,
        0.49516263604164124,
        0.5049408078193665,
        0.4949242174625397,
        0.4962175488471985,
        0.49652567505836487,
        0.5053404569625854,
        0.4991762638092041,
        0.5036888718605042,
        0.5050336122512817,
        0.509750485420227,
        0.49666160345077515,
        0.4974181056022644,
        0.502256453037262,
        0.5080119371414185,
        0.505778968334198,
        0.5073304772377014,
        0.5033930540084839,
        0.5036367177963257,
        0.4970206916332245,
        0.5057023763656616,
        0.5048903226852417,
        0.4966443181037903,
        0.5043280720710754,
        0.5073738694190979,
        0.5078282356262207,
        0.5077309012413025,
        0.4954783320426941,
        0.4996359646320343,
        0.5071226954460144,
        0.4987790286540985,
        0.4958231747150421,
        0.5051319003105164,
        0.5054978728294373,
        0.5073646903038025,
        0.5047216415405273,
        0.49667611718177795,
        0.5050004720687866,
        0.4975026547908783,
        0.503847062587738,
        0.49705561995506287,
        0.5020449161529541,
        0.49511271715164185,
        0.496289998292923,
        0.49852997064590454,
        0.5066543221473694,
        0.4955245554447174,
        0.49721699953079224,
        0.5048412084579468,
        0.5043883323669434,
        0.4984014332294464,
        0.49755072593688965,
        0.5077781677246094,
        0.49602729082107544,
        0.508403480052948,
        0.4987334609031677,
        0.495180606842041,
        0.49626439809799194,
        0.49788612127304077,
        0.5068605542182922,
        0.5067076683044434,
        0.5055713653564453,
        0.49629437923431396,
        0.49913713335990906,
        0.500302255153656,
        0.4972803294658661,
        0.49693477153778076,
        0.5042957663536072,
        0.492851585149765,
        0.4979090988636017,
        0.4993271827697754,
        0.4976995289325714,
        0.5050615072250366,
        0.4972473382949829,
        0.504179060459137,
        0.4979333281517029,
        0.49791377782821655,
        0.5080435276031494,
        0.4954659938812256,
        0.5032563805580139,
        0.5067245960235596,
        0.5052715539932251,
        0.49928703904151917,
        0.49575814604759216,
        0.5083600878715515,
        0.5057985186576843,
        0.49617597460746765,
        0.5049546957015991,
        0.5032302141189575,
        0.5066900253295898,
        0.5068214535713196,
        0.5005902051925659,
        0.500935971736908,
        0.5072067975997925,
        0.5078358054161072,
        0.507801353931427,
        0.4994428753852844,
        0.5077680349349976,
        0.49451661109924316,
        0.49727219343185425,
        0.505122184753418,
        0.5065200328826904,
        0.5080742239952087,
        0.5059847831726074,
        0.49602481722831726,
        0.4965994656085968,
        0.5060135126113892,
        0.494983971118927,
        0.49581071734428406,
        0.5065579414367676,
        0.5076838731765747,
        0.5061590671539307,
        0.49804171919822693,
        0.5081977248191833,
        0.49681535363197327,
        0.5038537979125977,
        0.49661365151405334,
        0.498464971780777,
        0.5068240761756897,
        0.505203902721405,
        0.5040532946586609,
        0.5011644959449768,
        0.5073707103729248,
        0.5068633556365967,
        0.49835339188575745,
        0.4977140426635742,
        0.4948979616165161,
        0.5060563087463379,
        0.5049691200256348,
        0.5039054751396179,
        0.5042042136192322,
        0.5094142556190491,
        0.49570465087890625,
        0.508934736251831,
        0.4989016652107239,
        0.5071901082992554,
        0.5047849416732788,
        0.5073505640029907,
        0.49703365564346313,
        0.5051529407501221,
        0.5048694014549255,
        0.5029993057250977,
        0.508114755153656,
        0.5042306780815125,
        0.49811220169067383,
        0.493812620639801,
        0.49702709913253784,
        0.4951592683792114,
        0.5066027641296387,
        0.5051640272140503,
        0.4954227805137634,
        0.5040702819824219,
        0.4968441426753998,
        0.5031450986862183,
        0.5039227604866028,
        0.5046824216842651,
        0.4980655610561371,
        0.49722424149513245,
        0.5027197599411011,
        0.49970483779907227,
        0.506245493888855,
        0.5045315027236938,
        0.496016263961792,
