{
    "model_dir": "models/llama-13b",
    "distribution_id": "alpaca_long",
    "timestamp": "2023-10-22 05:14:07",
    "eval_loss": 1.0098494291305542,
    "eval_score": -0.41124865412712097,
    "eval_brier_score": 0.41124865412712097,
    "eval_average_probability": 0.3646102249622345,
    "eval_accuracy": 0.04,
    "eval_probabilities": [
        0.47759613394737244,
        0.21638816595077515,
        0.37184393405914307,
        0.33909910917282104,
        0.4133997857570648,
        0.3410317301750183,
        0.40713733434677124,
        0.4414651095867157,
        0.26161354780197144,
        0.21911726891994476,
        0.44953787326812744,
        0.41647565364837646,
        0.417676717042923,
        0.3033357858657837,
        0.26993104815483093,
        0.4766550660133362,
        0.3578936457633972,
        0.4197632074356079,
        0.2721523344516754,
        0.4875228703022003,
        0.4743642210960388,
        0.34473633766174316,
        0.3003905415534973,
        0.47239816188812256,
        0.48375385999679565,
        0.29138487577438354,
        0.3131742477416992,
        0.34159916639328003,
        0.2843230068683624,
        0.2829859256744385,
        0.26236435770988464,
        0.4523000419139862,
        0.48792076110839844,
        0.2713036835193634,
        0.4326326847076416,
        0.24963268637657166,
        0.5011391043663025,
        0.3151033818721771,
        0.2704084813594818,
        0.3511175215244293,
        0.5073996186256409,
        0.35509735345840454,
        0.20272627472877502,
        0.43325838446617126,
        0.44450560212135315,
        0.5019906163215637,
        0.37199318408966064,
        0.322806715965271,
        0.31018146872520447,
        0.3390882909297943,
        0.4795955419540405,
        0.4698255658149719,
        0.2988048791885376,
        0.24240322411060333,
        0.4680297374725342,
        0.5116246342658997,
        0.3746147155761719,
        0.3282788395881653,
        0.4968778192996979,
        0.3676542639732361,
        0.2791762351989746,
        0.2453627586364746,
        0.34658631682395935,
        0.28554198145866394,
        0.5011073350906372,
        0.31136414408683777,
        0.37661275267601013,
        0.34952211380004883,
        0.42917999625205994,
        0.30507731437683105,
        0.4755781590938568,
        0.202907994389534,
        0.2513093948364258,
        0.37288641929626465,
        0.49511173367500305,
        0.47022950649261475,
        0.32374486327171326,
        0.4100174009799957,
        0.3229238986968994,
        0.32322221994400024,
        0.2728949189186096,
        0.3043399453163147,
        0.2837170958518982,
        0.2843015193939209,
        0.3741360604763031,
        0.4877816140651703,
        0.4282052516937256,
        0.24869875609874725,
        0.3129722476005554,
        0.25874218344688416,
        0.2944023609161377,
        0.271467387676239,
        0.3608379065990448,
        0.4895711839199066,
        0.3091438412666321,
        0.2723871171474457,
        0.4174761176109314,
        0.48507991433143616,
        0.3469742238521576,
        0.296324759721756,
        0.33112800121307373,
        0.36699286103248596,
        0.29943883419036865,
        0.3489602506160736,
        0.36842048168182373,
        0.3180146813392639,
        0.4379267990589142,
        0.48332569003105164,
        0.35340356826782227,
        0.32637593150138855,
        0.38143405318260193,
        0.14934809505939484,
        0.47561120986938477,
        0.28334927558898926,
        0.36668768525123596,
        0.49832236766815186,
        0.304324746131897,
        0.2135739028453827,
        0.3965819776058197,
        0.289882093667984,
        0.48802754282951355,
        0.38042423129081726,
        0.33694520592689514,
        0.4460083246231079,
        0.3826843500137329,
        0.16566401720046997,
        0.4926206171512604,
        0.19949951767921448,
        0.32309868931770325,
        0.41005972027778625,
        0.44154372811317444,
        0.3662259876728058,
        0.28522247076034546,
        0.43060144782066345,
        0.4838111698627472,
        0.24820956587791443,
        0.38191765546798706,
        0.4333989918231964,
        0.23900720477104187,
        0.49482259154319763,
        0.27919408679008484,
        0.4656166732311249,
        0.45640140771865845,
        0.4855424165725708,
        0.34758615493774414,
        0.3372446596622467,
        0.28952541947364807,
        0.47931307554244995,
        0.37123191356658936,
        0.4393320083618164,
        0.3111230432987213,
        0.3816113770008087,
        0.40262529253959656,
        0.38318896293640137,
        0.30714526772499084,
        0.26504984498023987,
        0.34541088342666626,
        0.2874910831451416,
        0.47222900390625,
        0.3746504783630371,
        0.31445297598838806,
        0.31588825583457947,
        0.30262038111686707,
        0.49271276593208313,
        0.4206297993659973,
        0.3833608329296112,
        0.3853861689567566,
        0.4502326548099518,
        0.4020337462425232,
        0.24082104861736298,
        0.4008931815624237,
        0.26896658539772034,
        0.2905503511428833,
        0.5183621644973755,
        0.4621337652206421,
        0.31803813576698303,
        0.2864452004432678,
        0.27603232860565186,
        0.17822259664535522,
        0.42233189940452576,
        0.29164445400238037,
        0.31759992241859436,
        0.2930681109428406,
        0.4752171039581299,
        0.4912585914134979,
        0.5217429995536804,
        0.32201698422431946,
        0.4294070899486542,
        0.3062133491039276,
        0.3800394833087921,
        0.13869178295135498,
        0.37266650795936584,
        0.23272982239723206,
        0.28898733854293823,
        0.2957577109336853,
        0.4810059666633606,
        0.4767035245895386,
        0.46657228469848633,
        0.3544520139694214,
        0.335650771856308,
        0.5301945209503174,
        0.28204146027565,
        0.38186854124069214,
        0.3281903564929962,
        0.33798786997795105,
        0.33107253909111023,
        0.2966984510421753,
        0.48044782876968384,
        0.45132896304130554,
        0.43139418959617615,
        0.31001758575439453,
        0.5216079354286194,
        0.3672122359275818,
        0.11413410305976868,
        0.4857776165008545,
        0.44377750158309937,
        0.40757057070732117,
        0.4246046245098114,
        0.5059992671012878,
        0.2801038324832916,
        0.4559391736984253,
        0.3500071167945862,
        0.3295500874519348,
        0.30050745606422424,
        0.29938194155693054,
        0.4328843951225281,
        0.36681511998176575,
        0.41596105694770813,
        0.31020355224609375,
        0.29919424653053284,
        0.4640989601612091,
        0.28474825620651245,
        0.46761801838874817,
        0.24241836369037628,
        0.3793139159679413,
        0.3087470829486847,
        0.3539501130580902,
        0.31263765692710876,
        0.30802804231643677,
        0.3279319703578949,
        0.42691534757614136,
        0.3308493196964264,
        0.4795227646827698,
        0.3093418776988983,
        0.3959737718105316,
        0.47886624932289124,
        0.3475377857685089,
        0.44727399945259094,
        0.32891395688056946,
        0.33309826254844666
    ],
    "eval_runtime": 44.4495,
    "eval_samples_per_second": 5.624,
    "eval_steps_per_second": 0.36
}