{
    "model_dir": "models/llama-7b",
    "distribution_id": "personality_traits",
    "timestamp": "2023-10-26 21:51:45",
    "eval_loss": 0.6914876699447632,
    "eval_score": -0.24917279183864594,
    "eval_brier_score": 0.24917279183864594,
    "eval_average_probability": 0.5008307099342346,
    "eval_accuracy": 0.632,
    "eval_probabilities": [
        0.5007628202438354,
        0.5013590455055237,
        0.5003200173377991,
        0.49914389848709106,
        0.5009356737136841,
        0.5004362463951111,
        0.5025312900543213,
        0.5004357695579529,
        0.4992862641811371,
        0.5007943511009216,
        0.4993451237678528,
        0.5017766952514648,
        0.5022951364517212,
        0.5013307332992554,
        0.49937716126441956,
        0.5032545328140259,
        0.5032642483711243,
        0.5020812153816223,
        0.5031336545944214,
        0.49952298402786255,
        0.49936729669570923,
        0.5022948384284973,
        0.5026894211769104,
        0.5020842552185059,
        0.5029900074005127,
        0.5014095902442932,
        0.5033290982246399,
        0.4993245005607605,
        0.5032531023025513,
        0.4995882511138916,
        0.5015407800674438,
        0.5013448596000671,
        0.49961093068122864,
        0.5003179311752319,
        0.49775922298431396,
        0.49896398186683655,
        0.5010956525802612,
        0.500178337097168,
        0.503699004650116,
        0.5020842552185059,
        0.5007964968681335,
        0.501860499382019,
        0.5035054087638855,
        0.5025018453598022,
        0.4990522563457489,
        0.4995860457420349,
        0.5020585060119629,
        0.5042059421539307,
        0.5016076564788818,
        0.5023561120033264,
        0.5017828941345215,
        0.5033801794052124,
        0.5024795532226562,
        0.5011346340179443,
        0.5042637586593628,
        0.5024635195732117,
        0.5015770196914673,
        0.499121755361557,
        0.502552330493927,
        0.4998845160007477,
        0.5020970106124878,
        0.4997440278530121,
        0.5013484358787537,
        0.5031421184539795,
        0.5017719268798828,
        0.5007111430168152,
        0.49794167280197144,
        0.5027173757553101,
        0.4996248483657837,
        0.49996671080589294,
        0.5006648302078247,
        0.5010692477226257,
        0.4982573091983795,
        0.4997723698616028,
        0.4995066523551941,
        0.5002769827842712,
        0.5004836320877075,
        0.5000287890434265,
        0.50227952003479,
        0.498029887676239,
        0.4996744990348816,
        0.49949443340301514,
        0.4997304081916809,
        0.503568708896637,
        0.500409722328186,
        0.5006990432739258,
        0.5008530020713806,
        0.5010793209075928,
        0.5012580752372742,
        0.5009267330169678,
        0.5023433566093445,
        0.501146137714386,
        0.5005751848220825,
        0.5022379755973816,
        0.5021901726722717,
        0.5014588832855225,
        0.4980572760105133,
        0.4985547959804535,
        0.499595582485199,
        0.49981337785720825,
        0.5015037655830383,
        0.4995996356010437,
        0.5025717616081238,
        0.5011190176010132,
        0.4997253119945526,
        0.5010573267936707,
        0.5033760666847229,
        0.5009269118309021,
        0.5006985664367676,
        0.5012774467468262,
        0.4975404441356659,
        0.5012847185134888,
        0.49818509817123413,
        0.49884510040283203,
        0.5004945993423462,
        0.5021227598190308,
        0.49946674704551697,
        0.5031861662864685,
        0.5024508237838745,
        0.5023778080940247,
        0.4996325373649597,
        0.5010432004928589,
        0.5013550519943237,
        0.5038009285926819,
        0.5023742914199829,
        0.5035005807876587,
        0.49980461597442627,
        0.5032082200050354,
        0.4999527931213379,
        0.5010886192321777,
        0.5033985376358032,
        0.4967469871044159,
        0.499583899974823,
        0.5035194754600525,
        0.5032202005386353,
        0.5036977529525757,
        0.49922892451286316,
        0.5001542568206787,
        0.5021113753318787,
        0.499337375164032,
        0.4989006519317627,
        0.5006994605064392,
        0.5011810064315796,
        0.5030636787414551,
        0.5027319192886353,
        0.5010208487510681,
        0.5028085708618164,
        0.4991631507873535,
        0.5014286041259766,
        0.4992833733558655,
        0.5015637874603271,
        0.49950310587882996,
        0.4997081160545349,
        0.49934613704681396,
        0.5033268332481384,
        0.49993154406547546,
        0.4984821379184723,
        0.5012348890304565,
        0.5037338733673096,
        0.4995826184749603,
        0.50025874376297,
        0.5032966732978821,
        0.49902790784835815,
        0.5032846331596375,
        0.5011613368988037,
        0.49949613213539124,
        0.5002695918083191,
        0.4994335472583771,
        0.5033156871795654,
        0.5027645230293274,
        0.5023376941680908,
        0.4999856650829315,
        0.4992452561855316,
        0.5010662078857422,
        0.49966272711753845,
        0.4998539686203003,
        0.5003231167793274,
        0.4994281232357025,
        0.5010327100753784,
        0.5008912086486816,
        0.5023083686828613,
        0.5018687844276428,
        0.4996023178100586,
        0.5020647644996643,
        0.4989261329174042,
        0.4980110228061676,
        0.502930760383606,
        0.4998932182788849,
        0.5022431015968323,
        0.5025867223739624,
        0.5008628368377686,
        0.4997035264968872,
        0.49783867597579956,
        0.5018381476402283,
        0.5013130307197571,
        0.49954596161842346,
        0.5019261240959167,
        0.5007188320159912,
        0.502923846244812,
        0.5025820732116699,
        0.5006614923477173,
        0.4994489848613739,
        0.5035366415977478,
        0.5031358599662781,
        0.5027998685836792,
        0.5019255876541138,
        0.5033194422721863,
        0.49900779128074646,
        0.4988827407360077,
        0.5019545555114746,
        0.5027316212654114,
        0.5033347010612488,
        0.5024883151054382,
        0.49861952662467957,
        0.49970683455467224,
        0.5033312439918518,
        0.4982917904853821,
        0.49885857105255127,
        0.5037609338760376,
        0.5027796030044556,
        0.5029743909835815,
        0.49841374158859253,
        0.5021302103996277,
        0.49950823187828064,
        0.5016061663627625,
        0.499522864818573,
        0.49819326400756836,
        0.5028002262115479,
        0.5010659098625183,
        0.5014622807502747,
        0.49983808398246765,
        0.5022825598716736,
        0.5015506744384766,
        0.49965912103652954,
        0.49984750151634216,
        0.49823030829429626,
        0.5024025440216064,
        0.5013253688812256,
        0.5031089782714844,
        0.5034100413322449,
        0.5032497644424438,
        0.49890100955963135,
        0.5037218332290649,
        0.4998651146888733,
        0.5027179718017578,
        0.5030280947685242,
        0.5024415850639343,
        0.499540239572525,
        0.49996688961982727,
        0.5019862651824951,
        0.5013167262077332,
        0.5020512938499451,
        0.49927353858947754,
        0.4981519281864166,
        0.4990626275539398,
        0.5002615451812744,
        0.4988361597061157,
        0.5025753378868103,
        0.5023394823074341,
        0.5001577138900757,
        0.5012375712394714,
        0.49766650795936584,
        0.5026026368141174,
        0.5025849938392639,
        0.5004852414131165,
        0.5000318288803101,
        0.49903252720832825,
        0.5006638765335083,
        0.4993782043457031,
        0.5031858086585999,
        0.5028285384178162,
        0.4987799823284149,
