{
    "model_dir": "models/llama-7b",
    "distribution_id": "unhelpful_alpaca",
    "timestamp": "2023-10-26 21:51:39",
    "eval_loss": 0.812286376953125,
    "eval_score": -0.31101763248443604,
    "eval_brier_score": 0.31101763248443604,
    "eval_average_probability": 0.44444140791893005,
    "eval_accuracy": 0.14,
    "eval_probabilities": [
        0.4677543640136719,
        0.49096351861953735,
        0.5281468033790588,
        0.5136957168579102,
        0.4370220899581909,
        0.43480291962623596,
        0.39322903752326965,
        0.3704332411289215,
        0.41393449902534485,
        0.43416711688041687,
        0.43969109654426575,
        0.44873499870300293,
        0.48343345522880554,
        0.5215277075767517,
        0.3899599313735962,
        0.3954780697822571,
        0.37478750944137573,
        0.3808571994304657,
        0.5154367089271545,
        0.5501520037651062,
        0.5021939873695374,
        0.5602164268493652,
        0.4410625994205475,
        0.41077104210853577,
        0.4630368947982788,
        0.49075791239738464,
        0.41447848081588745,
        0.402024507522583,
        0.41774386167526245,
        0.45237597823143005,
        0.49404922127723694,
        0.5284709334373474,
        0.3960334360599518,
        0.4151250123977661,
        0.37783515453338623,
        0.36621999740600586,
        0.4415667653083801,
        0.47991105914115906,
        0.48425716161727905,
        0.46435433626174927,
        0.5297462940216064,
        0.5451390147209167,
        0.44638702273368835,
        0.47768598794937134,
        0.40826931595802307,
        0.43092894554138184,
        0.47759392857551575,
        0.5099326968193054,
        0.4450974762439728,
        0.4663751423358917,
        0.49257877469062805,
        0.4778248965740204,
        0.4903295636177063,
        0.5382369756698608,
        0.43432217836380005,
        0.4341007471084595,
        0.40122827887535095,
        0.3701343536376953,
        0.3879430592060089,
        0.4022853374481201,
        0.4537373483181,
        0.4767390489578247,
        0.42863786220550537,
        0.4258384704589844,
        0.4260980784893036,
        0.42393454909324646,
        0.4641125798225403,
        0.5379872918128967,
        0.45896008610725403,
        0.4874301552772522,
        0.5040079951286316,
        0.5406365394592285,
        0.4647171199321747,
        0.4408012926578522,
        0.4206921458244324,
        0.3970143795013428,
        0.4242686331272125,
        0.4484385550022125,
        0.3719196617603302,
        0.3851257860660553,
        0.44520923495292664,
        0.49784916639328003,
        0.49237197637557983,
        0.525163471698761,
        0.4145714044570923,
        0.4111102521419525,
        0.46705061197280884,
        0.4674605429172516,
        0.3989499509334564,
        0.4297229051589966,
        0.43343135714530945,
        0.42450451850891113,
        0.4614039361476898,
        0.44048836827278137,
        0.47995030879974365,
        0.4611201584339142,
        0.37473809719085693,
        0.3668287992477417,
        0.4402563273906708,
        0.5046675205230713,
        0.40742841362953186,
        0.38871002197265625,
        0.3562261164188385,
        0.3687455654144287,
        0.45216211676597595,
        0.4539083242416382,
        0.46066713333129883,
        0.4763689637184143,
        0.5362852811813354,
        0.5018510818481445,
        0.35683417320251465,
        0.3884985148906708,
        0.40367546677589417,
        0.40956056118011475,
        0.4621242582798004,
        0.48893994092941284,
        0.4936525523662567,
        0.5231336355209351,
        0.438607394695282,
        0.47127765417099,
        0.3986704349517822,
        0.39403456449508667,
        0.4161384403705597,
        0.4262537360191345,
        0.40558311343193054,
        0.46223968267440796,
        0.5275924801826477,
        0.5382550358772278,
        0.45361125469207764,
        0.482513427734375,
        0.3744608759880066,
        0.39727479219436646,
        0.4123745262622833,
        0.4200598895549774,
        0.5104514956474304,
        0.5131646990776062,
        0.43247440457344055,
        0.43752148747444153,
        0.48353123664855957,
        0.4862702190876007,
        0.40648889541625977,
        0.40446144342422485,
        0.4144267439842224,
        0.44960668683052063,
        0.48410165309906006,
        0.5175683498382568,
        0.45866113901138306,
        0.43256676197052,
        0.45036613941192627,
        0.463839590549469,
        0.4288099706172943,
        0.44247719645500183,
        0.42391571402549744,
        0.46364209055900574,
        0.4099538326263428,
        0.4427224099636078,
        0.4353889226913452,
        0.4402630627155304,
        0.44560307264328003,
        0.49514514207839966,
        0.4470863938331604,
        0.4724360704421997,
        0.4625629186630249,
        0.4847336411476135,
        0.4530929923057556,
        0.42601174116134644,
        0.5252875089645386,
        0.5232086181640625,
        0.3807930648326874,
        0.40765708684921265,
        0.42759090662002563,
        0.41925883293151855,
        0.40685954689979553,
        0.41876348853111267,
        0.471315860748291,
        0.5168480277061462,
        0.49970439076423645,
        0.5145469307899475,
        0.4607868194580078,
        0.45377317070961,
        0.4153949022293091,
        0.42042818665504456,
        0.5019500255584717,
        0.5537532567977905,
        0.5383653044700623,
        0.560498833656311,
        0.4254262149333954,
        0.5003581643104553,
        0.3813951015472412,
        0.4295209050178528,
        0.41778236627578735,
        0.4022888243198395,
        0.457588791847229,
        0.46713393926620483,
        0.39298346638679504,
        0.386589914560318,
        0.3750167787075043,
        0.4077852964401245,
        0.4194450378417969,
        0.41710424423217773,
        0.4738747179508209,
        0.538416862487793,
        0.37366437911987305,
        0.39423054456710815,
        0.4269437789916992,
        0.44828322529792786,
        0.37961021065711975,
        0.3769957721233368,
        0.3911222815513611,
        0.3987405598163605,
        0.4751175343990326,
        0.46830081939697266,
        0.4432198107242584,
        0.4598534107208252,
        0.4388780891895294,
        0.4561154544353485,
        0.4286631643772125,
        0.45838040113449097,
        0.3978019952774048,
        0.42503732442855835,
        0.46989816427230835,
        0.48722079396247864,
        0.46076202392578125,
        0.44409486651420593,
        0.40288403630256653,
        0.38407036662101746,
        0.3839569687843323,
        0.368384450674057,
        0.41258957982063293,
        0.4445696175098419,
        0.4633541405200958,
        0.48775696754455566,
        0.4223400354385376,
        0.44021567702293396,
        0.4674825668334961,
        0.4434887170791626,
        0.47225648164749146,
        0.4857960343360901,
        0.38285279273986816,
        0.3860924243927002,
        0.4166696071624756,
        0.4324553310871124,
        0.5115765929222107,
        0.5193724036216736,
        0.5174017548561096,
        0.5238615870475769,
        0.39974445104599,
        0.44207486510276794,
        0.41704627871513367,
        0.458305299282074,
        0.4812041223049164,
        0.4738210141658783,
        0.40294915437698364,
        0.4282814860343933,
        0.39693742990493774,
        0.39220285415649414,
        0.39439091086387634,
        0.4177025258541107,
        0.40738677978515625,
        0.40092647075653076,
        0.37994077801704407,
        0.4039645493030548,
        0.43858802318573,
        0.4657474756240845,
        0.4161001145839691,
        0.45366960763931274,
        0.3843417167663574,
        0.3895410895347595,
        0.5236587524414062,
        0.5709436535835266,
