{
    "model_dir": "models/classify_lora/llama-30b-wrong_arc",
    "distribution_id": "raven_matrices",
    "timestamp": "2023-10-25 02:24:03",
    "eval_loss": 1.8583984375,
    "eval_score": -0.50244140625,
    "eval_brier_score": 0.50244140625,
    "eval_average_probability": 0.35888671875,
    "eval_accuracy": 0.31466666666666665,
    "eval_probabilities": [
        0.19189453125,
        0.08819580078125,
        0.17333984375,
        0.498046875,
        0.38671875,
        0.447509765625,
        0.43408203125,
        0.1329345703125,
        0.55078125,
        0.1656494140625,
        0.1871337890625,
        0.291015625,
        0.0020198822021484375,
        0.00634002685546875,
        0.0036792755126953125,
        0.2568359375,
        0.00690460205078125,
        0.042724609375,
        0.68408203125,
        0.3486328125,
        0.27978515625,
        0.8857421875,
        0.09808349609375,
        0.26904296875,
        0.0053863525390625,
        0.0015010833740234375,
        0.0018968582153320312,
        0.00582122802734375,
        0.006290435791015625,
        0.105224609375,
        0.99267578125,
        0.85107421875,
        0.9736328125,
        0.56982421875,
        0.8291015625,
        0.69287109375,
        0.83642578125,
        0.9677734375,
        0.401611328125,
        0.5390625,
        0.275146484375,
        0.25390625,
        0.294189453125,
        0.24072265625,
        0.118408203125,
        0.0010080337524414062,
        0.001941680908203125,
        8.094310760498047e-05,
        0.4091796875,
        0.029754638671875,
        0.06610107421875,
        0.32763671875,
        0.70068359375,
        0.7578125,
        0.7373046875,
        0.966796875,
        0.82421875,
        0.7880859375,
        0.861328125,
        0.7646484375,
        0.2958984375,
        0.2401123046875,
        0.17724609375,
        0.64404296875,
        0.88623046875,
        0.19189453125,
        0.39990234375,
        0.08270263671875,
        0.106689453125,
        0.00582122802734375,
        0.042724609375,
        0.046722412109375,
        0.1490478515625,
        0.16455078125,
        0.1312255859375,
        0.06561279296875,
        0.002590179443359375,
        0.4111328125,
        0.401611328125,
        0.0224609375,
        0.0089874267578125,
        0.439697265625,
        0.1561279296875,
        0.0809326171875,
        0.042083740234375,
        0.050323486328125,
        0.11920166015625,
        0.80078125,
        0.0259552001953125,
        0.005218505859375,
        0.28466796875,
        0.39599609375,
        0.7490234375,
        0.662109375,
        0.350341796875,
        0.896484375,
        0.2005615234375,
        0.0217742919921875,
        0.04052734375,
        0.03033447265625,
        0.0169830322265625,
        0.028656005859375,
        0.9150390625,
        0.82763671875,
        0.30078125,
        0.8115234375,
        0.435791015625,
        0.08038330078125,
        0.34326171875,
        0.0966796875,
        0.4091796875,
        0.1812744140625,
        0.07781982421875,
        0.1495361328125,
        0.355712890625,
        0.363037109375,
        0.3701171875,
        0.29736328125,
        0.275146484375,
        0.352294921875,
        0.048858642578125,
        0.357666015625,
        0.56396484375,
        0.00307464599609375,
        0.01322174072265625,
        0.82421875,
        0.381103515625,
        0.302490234375,
        0.896484375,
        0.06231689453125,
        0.76904296875,
        0.1510009765625,
        0.76904296875,
        0.611328125,
        0.28466796875,
        0.39794921875,
        0.045684814453125,
        0.3720703125,
        0.325927734375,
        0.8408203125,
        0.873046875,
        0.00530242919921875,
        0.010650634765625,
        0.015777587890625,
        0.06854248046875,
        0.06097412109375,
        0.21728515625,
        0.60009765625,
        0.64599609375,
        0.154052734375,
        0.5234375,
        0.8671875,
        0.740234375,
        0.0726318359375,
        0.71875,
        0.83544921875,
        0.462890625,
        0.98583984375,
        0.96142578125,
        0.556640625,
        0.388671875,
        0.484375,
        0.1602783203125,
        0.1480712890625,
        0.040252685546875,
        0.53515625,
        0.56201171875,
        0.70263671875,
        0.275146484375,
        0.58154296875,
        0.71240234375,
        0.58154296875,
        0.6298828125,
        0.88427734375,
        0.39599609375,
        0.1602783203125,
        0.1859130859375,
        0.036224365234375,
        0.275146484375,
        0.291015625,
        0.65478515625,
        0.3310546875,
        0.9208984375,
        0.521484375,
        0.92919921875,
        0.94970703125,
        0.07977294921875,
        0.093994140625,
        0.0838623046875,
        0.515625,
        0.01132965087890625,
        0.1602783203125,
        0.2705078125,
        0.087890625,
        0.061431884765625,
        0.8115234375,
        0.79052734375,
        0.26904296875,
        0.403564453125,
        0.005100250244140625,
        0.0194244384765625,
        0.83984375,
        0.1015625,
        0.89111328125,
        0.90478515625,
        0.552734375,
        0.23095703125,
        0.1490478515625,
        0.05340576171875,
        0.9423828125,
        0.11920166015625,
        0.287841796875,
        0.54296875,
        0.008575439453125,
        0.77734375,
        0.962890625,
        0.45703125,
        0.47265625,
        0.31396484375,
        0.0008296966552734375,
        0.005641937255859375,
        0.00971221923828125,
        0.0129241943359375,
        0.008514404296875,
        0.23095703125,
        0.24365234375,
        0.4609375,
        0.350341796875,
        0.70263671875,
        0.47265625,
        0.1500244140625,
        0.546875,
        0.83984375,
        0.67919921875,
        0.12249755859375,
        0.00015592575073242188,
        0.0003514289855957031,
        0.4921875,
        0.401611328125,
        0.7734375,
        0.0165252685546875,
        0.053009033203125,
        0.1329345703125,
        0.070556640625,
        0.042083740234375,
        0.040252685546875,
        0.48046875,
        0.61669921875,
        0.6259765625,
        0.0103302001953125,
        0.341552734375,
        0.000720977783203125,
        0.2294921875,
        0.45703125,
        0.61865234375,
        0.034088134765625,
        0.494140625,
        0.2861328125,
        0.4091796875,
        0.77978515625,
        0.58154296875,
        0.458984375,
        0.005641937255859375,
        0.00453948974609375,
        0.61669921875,
        0.23095703125,
        0.275146484375,
        0.662109375,
        0.51953125,
        0.984375,
        0.10015869140625,
        0.049957275390625,
        0.17333984375,
        0.87060546875,
        0.00397491455078125,
        0.0323486328125,
        0.87890625,
        0.53515625,
        0.352294921875,
        0.89892578125,
        0.5546875,
        0.9638671875,
        0.556640625,
        0.182373046875,
        0.204345703125,
        0.01971435546875,
        0.021942138671875,
        0.39599609375,
        0.79296875,
        0.39794921875,
        0.3056640625,
        0.105224609375,
        0.62255859375,
        0.10089111328125,
        0.01302337646484375,
        0.058349609375,
        0.01678466796875,
        0.1800537109375,
        0.0838623046875,
        0.1259765625,
        0.673828125,
        0.1744384765625,
        0.060516357421875,
        0.1812744140625,
        0.355712890625,
        0.37744140625,
        0.373779296875,
        0.350341796875,
        0.4921875,
        0.401611328125,
        0.359375,
        0.60400390625,
        0.2108154296875,
        0.1842041015625,
        0.5908203125,
        0.7705078125,
        0.72802734375,
        0.67578125,
        0.4072265625,
        0.515625,
