{
    "model_dir": "models/openllama-3b",
    "distribution_id": "survival_influence",
    "timestamp": "2023-10-20 01:06:05",
    "eval_loss": 0.7270238995552063,
    "eval_score": -0.2696588933467865,
    "eval_brier_score": 0.2696588933467865,
    "eval_average_probability": 0.4834444522857666,
    "eval_accuracy": 0.34,
    "eval_probabilities": [
        0.49455922842025757,
        0.5194759368896484,
        0.34388551115989685,
        0.47753992676734924,
        0.5161004066467285,
        0.6457504034042358,
        0.6572617292404175,
        0.48863929510116577,
        0.4938730001449585,
        0.49679863452911377,
        0.47362324595451355,
        0.4535740613937378,
        0.65913325548172,
        0.5143691301345825,
        0.51948082447052,
        0.47362324595451355,
        0.49657848477363586,
        0.48197367787361145,
        0.48161470890045166,
        0.43086352944374084,
        0.47516101598739624,
        0.48730477690696716,
        0.4713134169578552,
        0.46688586473464966,
        0.5275444388389587,
        0.5165093541145325,
        0.5063180327415466,
        0.3959597647190094,
        0.5456545948982239,
        0.48840057849884033,
        0.49214255809783936,
        0.4903937876224518,
        0.48051032423973083,
        0.49801376461982727,
        0.5007762312889099,
        0.35483914613723755,
        0.488034725189209,
        0.5257276296615601,
        0.5119549632072449,
        0.4891820251941681,
        0.5080701112747192,
        0.4790703356266022,
        0.4782641530036926,
        0.5291600227355957,
        0.4948522746562958,
        0.514362096786499,
        0.5256742835044861,
        0.4716551899909973,
        0.4997487962245941,
        0.48399415612220764,
        0.48383378982543945,
        0.5575053691864014,
        0.49514225125312805,
        0.5023676156997681,
        0.5104841589927673,
        0.28402337431907654,
        0.5024240612983704,
        0.4858229458332062,
        0.4693957567214966,
        0.13330967724323273,
        0.49770990014076233,
        0.48986658453941345,
        0.46807652711868286,
        0.443204790353775,
        0.4749533534049988,
        0.4828239977359772,
        0.6530910134315491,
        0.5271137952804565,
        0.47362324595451355,
        0.5009564161300659,
        0.5263823866844177,
        0.5125107765197754,
        0.4990788698196411,
        0.45354291796684265,
        0.5030115246772766,
        0.48777100443840027,
        0.48721063137054443,
        0.5023650527000427,
        0.47573065757751465,
        0.5783252120018005,
        0.5277956128120422,
        0.5147762298583984,
        0.5155553817749023,
        0.47351282835006714,
        0.5819334387779236,
        0.5031565427780151,
        0.473602294921875,
        0.5343749523162842,
        0.33840763568878174,
        0.41774681210517883,
        0.47362324595451355,
        0.5337725877761841,
        0.47722873091697693,
        0.4807032644748688,
        0.47528696060180664,
        0.4860072433948517,
        0.5141848921775818,
        0.5154203176498413,
        0.47362324595451355,
        0.5097541809082031,
        0.4967270791530609,
        0.4670211374759674,
        0.48255428671836853,
        0.4869668781757355,
        0.4920695424079895,
        0.45758289098739624,
        0.4901743531227112,
        0.466381311416626,
        0.538830578327179,
        0.506547749042511,
        0.5055007338523865,
        0.41108453273773193,
        0.43920934200286865,
        0.5244348049163818,
        0.4876473546028137,
        0.3543931543827057,
        0.5006389021873474,
        0.43603482842445374,
        0.4528616964817047,
        0.504974901676178,
        0.4396001398563385,
        0.48262009024620056,
        0.49738824367523193,
        0.5183032751083374,
        0.46230578422546387,
        0.5004022717475891,
        0.49710613489151,
        0.5041354894638062,
        0.5187244415283203,
        0.4739338755607605,
        0.4244222342967987,
        0.49576324224472046,
        0.4725596010684967,
        0.4768931269645691,
        0.513328492641449,
        0.46736374497413635,
        0.4871141314506531,
        0.5116266012191772,
        0.47362324595451355,
        0.488034725189209,
        0.5092304944992065,
        0.48395025730133057,
        0.4688633680343628,
        0.4373147785663605,
        0.47362324595451355,
        0.49452000856399536,
        0.39736029505729675,
        0.48688334226608276,
        0.492577463388443,
        0.4971086382865906,
        0.48466575145721436,
        0.3790209889411926,
        0.5099555253982544,
        0.4888513684272766,
        0.47898122668266296,
        0.48258495330810547,
        0.5245828628540039,
        0.48257750272750854,
        0.5054795145988464,
        0.5307636260986328,
        0.5326139330863953,
        0.485727995634079,
        0.4837817847728729,
        0.5122474431991577,
        0.47362324595451355,
        0.42927086353302,
        0.4312089681625366,
        0.4632694125175476,
        0.47574111819267273,
        0.47590988874435425,
        0.4499407112598419,
        0.5028858184814453,
        0.5137170553207397,
        0.5565171837806702,
        0.4235028326511383,
        0.5341170430183411,
        0.31339380145072937,
        0.49738723039627075,
        0.4964112937450409,
        0.4571087658405304,
        0.35778576135635376,
        0.48036736249923706,
        0.47403571009635925,
        0.38845714926719666,
        0.6009176969528198,
        0.4386623203754425,
        0.4736376404762268,
        0.4972810745239258,
        0.5056775808334351,
        0.5945797562599182,
        0.4781593978404999,
        0.5339186787605286,
        0.37813451886177063,
        0.5041354894638062,
        0.5014587640762329,
        0.4516727030277252,
        0.4395418167114258,
        0.5173459649085999,
        0.4549172520637512,
        0.31892943382263184,
        0.5188938975334167,
        0.4967704117298126,
        0.48303234577178955,
        0.4483393132686615,
        0.5276747345924377,
        0.3736453652381897,
        0.4920811653137207,
        0.46275079250335693,
        0.4131264090538025,
        0.4838552474975586,
        0.4739994406700134,
        0.5138136744499207,
        0.4786014258861542,
        0.5040003657341003,
        0.4954029321670532,
        0.5268779397010803,
        0.4463377594947815,
        0.4857102334499359,
        0.4262802004814148,
        0.42278438806533813,
        0.523785412311554,
        0.5048401355743408,
        0.5229216814041138,
        0.4788506329059601,
        0.5416881442070007,
        0.4884814918041229,
        0.49462488293647766,
        0.48158109188079834,
        0.4569211006164551,
        0.495378702878952,
        0.4574693739414215,
        0.46525487303733826,
        0.5025525093078613,
        0.47626739740371704,
        0.5043872594833374,
        0.4722307324409485,
        0.46810343861579895,
        0.4834449589252472,
        0.48835110664367676,
        0.4908267557621002,
        0.45703181624412537,
        0.5049548745155334,
        0.503233790397644,
        0.4858410656452179,
        0.5105643272399902,
        0.47362324595451355,
        0.38493961095809937,
        0.4952573776245117,
        0.45488786697387695,
        0.5067422986030579
    ],
    "eval_runtime": 14.9055,
    "eval_samples_per_second": 16.772,
    "eval_steps_per_second": 0.537
}