{
    "model_dir": "models/classify_lora/llama-30b-alpaca_mmlu",
    "distribution_id": "ranking_logic",
    "timestamp": "2023-10-12 23:54:23",
    "eval_loss": 1.4052734375,
    "eval_score": -0.19580078125,
    "eval_brier_score": 0.19580078125,
    "eval_average_probability": 0.77197265625,
    "eval_accuracy": 0.7746666666666666,
    "eval_probabilities": [
        1.0,
        1.0,
        1.0,
        1.0,
        1.0,
        1.0,
        1.0,
        1.0,
        1.0,
        0.359375,
        0.9951171875,
        1.0,
        0.0,
        0.529296875,
        0.0007314682006835938,
        0.1422119140625,
        0.99951171875,
        0.9990234375,
        5.960464477539063e-08,
        0.00011324882507324219,
        0.994140625,
        1.0,
        1.0,
        1.0,
        0.91552734375,
        0.78369140625,
        0.35400390625,
        0.9912109375,
        0.0009546279907226562,
        0.0003542900085449219,
        1.0,
        1.0,
        0.0008168220520019531,
        0.99853515625,
        1.0,
        0.98974609375,
        1.0,
        1.0,
        1.0,
        2.7179718017578125e-05,
        0.0086669921875,
        0.5517578125,
        1.0,
        1.0,
        0.9794921875,
        1.0,
        0.7744140625,
        1.0,
        0.970703125,
        5.960464477539063e-08,
        0.9853515625,
        1.0,
        1.0,
        0.998046875,
        1.0,
        0.3486328125,
        0.99951171875,
        1.0,
        0.2451171875,
        1.0,
        1.0,
        1.0,
        0.99365234375,
        0.994140625,
        1.0,
        0.98291015625,
        1.0,
        1.0,
        1.0,
        1.0,
        0.66552734375,
        1.0,
        0.86328125,
        1.0,
        1.0,
        0.94482421875,
        1.0,
        0.99609375,
        0.08880615234375,
        0.99853515625,
        1.0,
        0.0017824172973632812,
        0.99951171875,
        0.99755859375,
        1.0,
        1.0,
        1.0,
        0.438720703125,
        0.374755859375,
        0.0083160400390625,
        0.9892578125,
        0.0054473876953125,
        0.98876953125,
        1.0,
        0.71533203125,
        1.0,
        1.0,
        0.04779052734375,
        1.0,
        1.0,
        0.7216796875,
        1.0,
        1.0,
        1.0,
        1.0,
        0.106689453125,
        0.1461181640625,
        0.04534912109375,
        0.994140625,
        1.0,
        1.0,
        0.953125,
        1.0,
        1.0,
        1.0,
        0.99951171875,
        1.0,
        1.0,
        0.9951171875,
        0.85791015625,
        0.08270263671875,
        0.99951171875,
        0.82080078125,
        1.0,
        0.822265625,
        0.92626953125,
        0.047088623046875,
        0.96728515625,
        0.99853515625,
        5.960464477539063e-08,
        2.0265579223632812e-06,
        0.89697265625,
        1.0,
        1.0,
        1.0,
        0.090087890625,
        1.0,
        1.0,
        1.0,
        1.0,
        1.0,
        7.915496826171875e-05,
        0.76123046875,
        0.5712890625,
        1.0,
        0.99951171875,
        1.0,
        1.0,
        1.0,
        1.0,
        0.9892578125,
        1.0,
        1.0,
        0.115966796875,
        1.0,
        0.33447265625,
        3.5762786865234375e-06,
        1.0,
        0.99951171875,
        1.0,
        0.64794921875,
        0.287841796875,
        0.99560546875,
        0.0018749237060546875,
        3.74913215637207e-05,
        1.0,
        1.0,
        1.0,
        1.5616416931152344e-05,
        0.0,
        0.07476806640625,
        0.0,
        0.325927734375,
        0.64208984375,
        1.0,
        0.98779296875,
        1.0,
        1.0,
        0.19677734375,
        1.0,
        1.0,
        1.0,
        1.0,
        1.0,
        0.29736328125,
        0.94970703125,
        1.0,
        1.0,
        0.405517578125,
        1.0,
        1.0,
        1.0,
        1.0,
        1.0,
        1.0,
        4.231929779052734e-06,
        0.0020751953125,
        0.01137542724609375,
        1.0,
        1.0,
        0.9970703125,
        1.0,
        1.0,
        1.0,
        0.611328125,
        0.01971435546875,
        1.0,
        1.0,
        1.0,
        1.0,
        4.76837158203125e-07,
        0.25537109375,
        0.99072265625,
        1.0,
        1.0,
        0.84716796875,
        0.994140625,
        1.0,
        1.0,
        1.0,
        0.99951171875,
        1.0,
        1.0,
        1.0,
        1.0,
        1.0,
        1.0,
        1.0,
        0.728515625,
        0.0,
        0.494384765625,
        1.0,
        1.0,
        1.0,
        0.06561279296875,
        1.0,
        1.0,
        1.0,
        0.87744140625,
        0.484375,
        0.95703125,
        0.9208984375,
        1.0,
        0.006488800048828125,
        1.0,
        0.007122039794921875,
        1.0,
        1.0,
        1.0,
        1.0,
        1.0,
        1.0,
        1.0,
        1.0,
        0.974609375,
        1.0,
        1.0,
        1.0,
        0.31396484375,
        1.0,
        0.974609375,
        0.46337890625,
        0.92578125,
        0.005855560302734375,
        1.0,
        1.0,
        1.0,
        1.0,
        0.88427734375,
        0.8056640625,
        0.95458984375,
        0.9990234375,
        1.0,
        0.99951171875,
        0.99853515625,
        0.99755859375,
        0.0089874267578125,
        3.2186508178710938e-06,
        0.99755859375,
        0.99755859375,
        1.0,
        0.79833984375,
        1.0,
        0.9306640625,
        1.0,
        0.892578125,
        0.98974609375,
        1.0,
        0.9970703125,
        0.390380859375,
        1.0,
        0.9697265625,
        0.414794921875,
        1.0,
        1.0,
        0.98095703125,
        1.0,
        1.0,
        1.0,
        0.01812744140625,
        1.0,
        0.1800537109375,
        1.0,
        1.0,
        1.0,
        1.0,
        0.994140625,
        0.99365234375,
        1.0,
        0.024993896484375,
        0.5830078125,
        0.94970703125,
        0.1561279296875,
        1.0,
        0.9677734375,
        1.0,
        1.0,
        1.0,
        0.97900390625,
        0.95361328125,
        0.0,
        1.0,
        0.80322265625,
        1.0,
        1.0,
        0.07159423828125,
        0.8720703125,
        1.0,
        1.0,
        1.0,
        1.0,
        0.93994140625,
        1.0,
        0.97412109375,
        1.6570091247558594e-05,
        0.65478515625,
        0.00421142578125,
        0.0023403167724609375,
        0.037445068359375,
        1.0,
        1.0,
        0.97265625,
        0.99951171875,
        1.0,
        1.0,
        1.0,
        1.0,
        1.0,
        1.0,
        1.0,
        1.0,
        0.0016012191772460938,
        0.001178741455078125,
        2.562999725341797e-06,
        1.0,
        0.69580078125,
        1.0,
        0.99951171875,
        1.0,
        1.0,
        1.0,
        1.0,
        1.0,
        1.0,
        1.0,
        0.1710205078125,
        1.0,
        1.0,
        1.0,
        0.314453125,
        0.7294921875,
        0.03594970703125,
        1.0,
        1.0,
        1.0,
        1.0,
        0.61865234375,
        1.0,
        1.0,
        1.0,
        1.0,
        0.0034027099609375,
        0.00257110595703125,
        6.973743438720703e-06,
        1.0,
        0.9990234375,
        0.53125,
        0.99951171875,
        0.79296875,
        1.0,
        1.0,
        0.83740234375,
        1.0,
        1.0,
        1.0,
        0.9970703125,
        0.99951171875,
        1.0,
        1.0,
        0.97900390625,
        0.9931640625,
        1.0,
        0.99951171875,
        1.0,
        0.98779296875,
        1.0,
        1.0,
        0.009124755859375,
        0.12249755859375,
        1.0,
        0.3486328125,
        0.771484375,
        0.0,
        5.960464477539063e-08,
        1.0,
        1.0,
        0.058349609375,
        1.0,
