{
    "model_dir": "models/classify_lora/llama-30b-alpaca_mmlu",
    "distribution_id": "survival_influence",
    "timestamp": "2023-10-12 21:06:14",
    "eval_loss": 2.412109375,
    "eval_score": -0.43310546875,
    "eval_brier_score": 0.43310546875,
    "eval_average_probability": 0.50341796875,
    "eval_accuracy": 0.516,
    "eval_probabilities": [
        0.00670623779296875,
        0.40185546875,
        0.00738525390625,
        0.0015192031860351562,
        4.410743713378906e-06,
        0.01282501220703125,
        0.256103515625,
        0.99951171875,
        0.01515960693359375,
        1.0,
        0.99755859375,
        0.6083984375,
        0.9130859375,
        0.06878662109375,
        0.2254638671875,
        0.99755859375,
        0.92138671875,
        0.984375,
        1.0,
        0.00012052059173583984,
        0.98046875,
        0.003082275390625,
        0.03515625,
        0.007061004638671875,
        0.1607666015625,
        0.00029015541076660156,
        0.256103515625,
        0.75244140625,
        0.2073974609375,
        0.00634002685546875,
        0.96630859375,
        0.059661865234375,
        0.9208984375,
        0.0291748046875,
        1.0,
        0.004077911376953125,
        0.775390625,
        1.0,
        0.408203125,
        0.0005183219909667969,
        0.99267578125,
        0.0216827392578125,
        0.1263427734375,
        0.66650390625,
        0.00029540061950683594,
        0.99951171875,
        0.0010690689086914062,
        0.005199432373046875,
        0.081787109375,
        0.97509765625,
        0.66357421875,
        0.019195556640625,
        0.0203399658203125,
        0.39794921875,
        0.25830078125,
        0.99365234375,
        0.9990234375,
        0.03277587890625,
        0.97607421875,
        0.9990234375,
        0.0,
        0.9775390625,
        0.03643798828125,
        0.9931640625,
        0.03961181640625,
        1.0,
        0.798828125,
        0.0228729248046875,
        0.99755859375,
        0.70263671875,
        0.97802734375,
        0.0132904052734375,
        0.0212860107421875,
        0.740234375,
        0.0014705657958984375,
        0.421142578125,
        0.93701171875,
        0.8662109375,
        0.92578125,
        0.6875,
        0.78125,
        0.00621795654296875,
        0.0335693359375,
        0.66357421875,
        0.9365234375,
        0.9990234375,
        1.0,
        0.0097198486328125,
        0.058135986328125,
        0.0133056640625,
        0.99755859375,
        0.9990234375,
        1.0,
        0.153076171875,
        0.900390625,
        8.380413055419922e-05,
        0.0005822181701660156,
        0.77880859375,
        0.99755859375,
        0.0248870849609375,
        0.8857421875,
        1.0,
        0.034332275390625,
        0.998046875,
        0.97265625,
        0.8505859375,
        0.00249481201171875,
        0.541015625,
        0.9658203125,
        0.9990234375,
        1.0,
        1.1920928955078125e-07,
        0.63330078125,
        0.0007734298706054688,
        0.0010213851928710938,
        0.09466552734375,
        0.736328125,
        0.09173583984375,
        0.951171875,
        0.1126708984375,
        0.96044921875,
        1.7881393432617188e-07,
        0.99560546875,
        0.056243896484375,
        0.0007762908935546875,
        2.7894973754882812e-05,
        0.025482177734375,
        0.99365234375,
        0.58984375,
        0.0215301513671875,
        0.81982421875,
        0.9033203125,
        0.021636962890625,
        0.253173828125,
        0.1591796875,
        0.0032558441162109375,
        0.98291015625,
        0.00042057037353515625,
        0.99755859375,
        0.78515625,
        0.9990234375,
        0.9970703125,
        0.0186920166015625,
        0.00040268898010253906,
        0.99755859375,
        0.1490478515625,
        0.304443359375,
        0.151611328125,
        0.01119232177734375,
        0.00031256675720214844,
        0.66357421875,
        0.0682373046875,
        0.9384765625,
        0.002811431884765625,
        0.06878662109375,
        0.002105712890625,
        0.84716796875,
        0.324951171875,
        0.00032138824462890625,
        0.09912109375,
        0.84912109375,
        0.99951171875,
        0.91015625,
        0.99462890625,
        0.99755859375,
        0.00234222412109375,
        0.0031185150146484375,
        0.029205322265625,
        0.018890380859375,
        0.0002582073211669922,
        0.994140625,
        0.039520263671875,
        1.0,
        0.986328125,
        8.761882781982422e-06,
        0.9990234375,
        0.00012683868408203125,
        0.9970703125,
        0.43408203125,
        0.80908203125,
        0.0616455078125,
        0.9990234375,
        0.9912109375,
        0.70361328125,
        0.6494140625,
        0.5517578125,
        0.556640625,
        0.93017578125,
        0.06304931640625,
        0.80810546875,
        0.010986328125,
        0.93115234375,
        0.92822265625,
        0.99365234375,
        0.6533203125,
        1.0,
        0.9814453125,
        0.912109375,
        0.0275115966796875,
        0.130615234375,
        4.208087921142578e-05,
        0.9951171875,
        0.912109375,
        0.97802734375,
        0.71240234375,
        0.0292510986328125,
        0.078369140625,
        0.8701171875,
        0.000514984130859375,
        0.99267578125,
        0.0006575584411621094,
        0.429443359375,
        3.3915042877197266e-05,
        0.99853515625,
        0.99853515625,
        0.99853515625,
        0.059356689453125,
        0.51953125,
        0.99560546875,
        0.1396484375,
        0.98095703125,
        0.1473388671875,
        0.99560546875,
        1.0,
        0.9619140625,
        0.99853515625,
        0.99365234375,
        0.99267578125,
        1.0,
        2.7835369110107422e-05,
        0.356689453125,
        0.98388671875,
        1.0,
        0.00011843442916870117,
        0.0062408447265625,
        0.37255859375,
        0.00023126602172851562,
        0.50390625,
        0.97119140625,
        0.2313232421875,
        0.329345703125,
        0.89013671875,
        0.000865936279296875,
        0.99951171875,
        1.6689300537109375e-06,
        0.99755859375,
        0.6171875,
        0.70263671875,
        0.00522613525390625,
        0.277587890625
    ],
    "eval_runtime": 13.0917,
    "eval_samples_per_second": 19.096,
    "eval_steps_per_second": 0.611
}