{
    "model_dir": "models/classify_lora/llama-13b-change_my_view",
    "distribution_id": "change_my_view",
    "timestamp": "2023-10-12 18:37:49",
    "eval_loss": 1.322265625,
    "eval_score": -0.1973876953125,
    "eval_brier_score": 0.1973876953125,
    "eval_average_probability": 0.77099609375,
    "eval_accuracy": 0.776,
    "eval_probabilities": [
        0.99853515625,
        0.9990234375,
        0.99951171875,
        0.037322998046875,
        3.874301910400391e-06,
        0.020263671875,
        0.100341796875,
        0.1104736328125,
        1.0,
        0.06854248046875,
        1.0,
        1.0,
        0.94580078125,
        0.99560546875,
        1.0,
        0.0,
        1.0,
        0.23095703125,
        1.0,
        0.822265625,
        0.927734375,
        0.198974609375,
        0.9990234375,
        0.98828125,
        1.0,
        1.0,
        1.0,
        0.0019054412841796875,
        1.0,
        0.001361846923828125,
        0.021697998046875,
        1.0,
        1.0,
        0.65673828125,
        0.71533203125,
        1.0,
        0.99951171875,
        0.5947265625,
        0.99560546875,
        0.99609375,
        0.8681640625,
        0.99951171875,
        1.0,
        0.048492431640625,
        0.9892578125,
        1.0,
        0.99755859375,
        0.8779296875,
        1.0,
        0.892578125,
        0.59375,
        0.5634765625,
        1.0,
        1.0,
        1.0,
        0.984375,
        1.0,
        0.00020515918731689453,
        1.0,
        0.89306640625,
        1.0,
        0.0162200927734375,
        1.0,
        1.0,
        0.94287109375,
        0.1744384765625,
        1.0,
        0.97607421875,
        6.4373016357421875e-06,
        1.0,
        0.93798828125,
        1.0,
        1.0,
        0.953125,
        1.0,
        0.9951171875,
        0.0,
        1.0,
        0.9365234375,
        0.7412109375,
        0.99951171875,
        1.0,
        0.9501953125,
        0.96630859375,
        1.0,
        1.0,
        1.0,
        1.0,
        1.0,
        0.014617919921875,
        0.80859375,
        1.0,
        1.0,
        0.98291015625,
        0.99755859375,
        0.0006356239318847656,
        0.55078125,
        1.0,
        0.0038852691650390625,
        0.00036263465881347656,
        1.0,
        1.0,
        0.9580078125,
        1.0,
        1.0,
        1.0,
        0.98388671875,
        0.9990234375,
        1.0,
        1.3113021850585938e-06,
        0.99951171875,
        0.482421875,
        0.01078033447265625,
        1.0,
        1.0,
        1.0,
        0.9892578125,
        1.0,
        0.9912109375,
        0.1524658203125,
        0.05126953125,
        1.0,
        0.99951171875,
        1.0,
        0.00572967529296875,
        0.0082550048828125,
        0.998046875,
        1.0,
        1.0,
        0.998046875,
        1.0,
        0.0028896331787109375,
        1.0,
        0.9990234375,
        0.0002779960632324219,
        1.0,
        0.08880615234375,
        1.0,
        1.0,
        1.0,
        1.0,
        1.0,
        1.0,
        0.29296875,
        0.7705078125,
        0.5078125,
        0.049224853515625,
        1.0,
        0.9990234375,
        1.0,
        0.8916015625,
        0.337646484375,
        1.0,
        1.0,
        7.95125961303711e-05,
        0.007724761962890625,
        0.60888671875,
        0.42529296875,
        0.99951171875,
        0.9921875,
        1.0,
        0.43212890625,
        0.89013671875,
        1.0,
        0.0007042884826660156,
        0.00701141357421875,
        0.4091796875,
        0.001804351806640625,
        0.99658203125,
        0.958984375,
        1.0,
        0.11798095703125,
        1.0,
        1.0,
        1.0,
        1.0,
        1.0,
        0.0001252889633178711,
        0.998046875,
        1.0,
        0.99755859375,
        1.0,
        0.998046875,
        1.0,
        0.99853515625,
        1.0,
        1.0,
        0.9990234375,
        1.0,
        1.0,
        0.9951171875,
        0.90966796875,
        0.98828125,
        2.682209014892578e-05,
        1.0,
        0.99365234375,
        0.0006613731384277344,
        1.0,
        0.0005397796630859375,
        1.0,
        1.0,
        1.0,
        0.9990234375,
        1.0,
        0.9990234375,
        0.99951171875,
        0.99951171875,
        1.0,
        1.0,
        1.0,
        0.990234375,
        1.3113021850585938e-06,
        1.0,
        0.24658203125,
        0.99755859375,
        0.03704833984375,
        1.0,
        0.998046875,
        7.921457290649414e-05,
        0.9873046875,
        0.00014543533325195312,
        0.94775390625,
        1.0,
        1.0,
        0.5947265625,
        1.0,
        1.0,
        0.012298583984375,
        0.95654296875,
        0.355712890625,
        0.393310546875,
        0.984375,
        0.9990234375,
        1.0,
        1.0,
        0.99951171875,
        0.99951171875,
        0.9755859375,
        0.9765625,
        0.9990234375,
        0.99072265625,
        1.0,
        0.9970703125,
        1.0,
        1.0,
        1.0,
        1.0,
        1.0,
        0.98681640625,
        1.0
    ],
    "eval_runtime": 24.5002,
    "eval_samples_per_second": 10.204,
    "eval_steps_per_second": 0.327
}