{
    "model_dir": "models/classify_lora/llama-30b-shp_low_quality",
    "distribution_id": "shp_low_quality",
    "timestamp": "2023-10-13 03:18:06",
    "eval_loss": 1.7353515625,
    "eval_score": -0.317138671875,
    "eval_brier_score": 0.317138671875,
    "eval_average_probability": 0.630859375,
    "eval_accuracy": 0.632,
    "eval_probabilities": [
        0.99951171875,
        0.99072265625,
        0.642578125,
        0.96630859375,
        0.998046875,
        1.0,
        0.00690460205078125,
        0.85595703125,
        0.9833984375,
        0.05108642578125,
        0.7841796875,
        0.99755859375,
        0.90576171875,
        7.891654968261719e-05,
        0.96533203125,
        0.0079345703125,
        0.00498199462890625,
        5.02467155456543e-05,
        0.06854248046875,
        0.970703125,
        6.03795051574707e-05,
        1.0,
        0.9873046875,
        0.0028667449951171875,
        0.98876953125,
        0.0012350082397460938,
        1.0,
        0.0108184814453125,
        0.003437042236328125,
        0.45703125,
        7.987022399902344e-06,
        0.97412109375,
        0.994140625,
        2.5451183319091797e-05,
        0.89990234375,
        0.98046875,
        0.7490234375,
        0.99755859375,
        0.381103515625,
        0.94189453125,
        0.9951171875,
        1.0,
        0.9736328125,
        0.99951171875,
        1.0,
        0.89892578125,
        0.642578125,
        0.1778564453125,
        0.9892578125,
        1.0,
        0.9287109375,
        0.99853515625,
        0.99755859375,
        0.97998046875,
        0.896484375,
        0.035308837890625,
        0.2098388671875,
        0.90966796875,
        0.06658935546875,
        0.998046875,
        0.27587890625,
        0.044677734375,
        0.33740234375,
        1.0,
        0.9990234375,
        0.9990234375,
        0.0004954338073730469,
        0.9990234375,
        0.9970703125,
        0.01374053955078125,
        0.74169921875,
        0.99951171875,
        0.07366943359375,
        0.89501953125,
        0.0001634359359741211,
        0.9140625,
        0.91845703125,
        0.8857421875,
        0.9990234375,
        0.0850830078125,
        0.97314453125,
        0.8427734375,
        0.9990234375,
        0.0013456344604492188,
        0.0017004013061523438,
        0.9990234375,
        0.093994140625,
        0.8916015625,
        0.06280517578125,
        1.0,
        0.9873046875,
        0.80419921875,
        0.74609375,
        0.98291015625,
        1.0,
        0.281494140625,
        0.011962890625,
        0.55078125,
        0.916015625,
        0.9814453125,
        0.451416015625,
        0.998046875,
        0.0282135009765625,
        0.0161590576171875,
        0.494140625,
        1.0,
        3.7610530853271484e-05,
        0.02203369140625,
        0.93212890625,
        0.8642578125,
        0.00653839111328125,
        0.9716796875,
        0.00586700439453125,
        0.984375,
        0.002758026123046875,
        0.80126953125,
        0.9990234375,
        0.9755859375,
        2.2649765014648438e-06,
        0.0002453327178955078,
        1.0,
        0.99072265625,
        0.99853515625,
        0.55078125,
        0.9990234375,
        0.11199951171875,
        0.482421875,
        0.00010722875595092773,
        1.0,
        0.0041351318359375,
        1.0,
        0.99072265625,
        0.88623046875,
        0.0001634359359741211,
        1.0,
        0.9990234375,
        0.0211181640625,
        0.0009698867797851562,
        1.0,
        0.98046875,
        0.9951171875,
        0.07305908203125,
        1.0,
        0.003124237060546875,
        1.0,
        0.97314453125,
        0.042083740234375,
        0.235107421875,
        0.9111328125,
        0.96142578125,
        0.04083251953125,
        1.0,
        0.048309326171875,
        0.7958984375,
        0.99951171875,
        0.162353515625,
        0.94873046875,
        0.9794921875,
        0.98583984375,
        0.022796630859375,
        7.033348083496094e-05,
        0.0005154609680175781,
        0.0008425712585449219,
        0.99658203125,
        0.99169921875,
        0.998046875,
        0.96826171875,
        1.0,
        1.0,
        0.921875,
        0.90478515625,
        0.3173828125,
        0.9775390625,
        0.990234375,
        0.01282501220703125,
        0.92236328125,
        0.345703125,
        0.98681640625,
        0.9951171875,
        0.994140625,
        0.265869140625,
        0.99462890625,
        0.1666259765625,
        0.11962890625,
        0.990234375,
        0.9970703125,
        0.76220703125,
        0.8408203125,
        0.373779296875,
        0.90673828125,
        0.9990234375,
        0.9775390625,
        0.0017004013061523438,
        0.99853515625,
        1.0,
        0.01450347900390625,
        0.99951171875,
        0.93896484375,
        1.0,
        0.1597900390625,
        0.99951171875,
        0.03607177734375,
        1.0,
        1.0,
        0.2069091796875,
        0.2340087890625,
        1.0,
        0.998046875,
        0.0028896331787109375,
        1.0,
        0.96630859375,
        1.0,
        0.7958984375,
        0.0592041015625,
        4.506111145019531e-05,
        0.115966796875,
        0.99169921875,
        0.99951171875,
        0.7880859375,
        0.96826171875,
        0.262939453125,
        0.042724609375,
        0.9912109375,
        0.5546875,
        0.85595703125,
        0.998046875,
        1.0,
        0.95751953125,
        0.0021991729736328125,
        0.01302337646484375,
        0.00400543212890625,
        0.8173828125,
        0.0211181640625,
        0.99072265625,
        0.09222412109375,
        1.0,
        0.0023784637451171875,
        1.0,
        0.99658203125,
        0.1329345703125,
        0.69775390625,
        0.9951171875,
        0.47265625,
        0.76611328125,
        1.0,
        2.980232238769531e-07,
        0.00018525123596191406,
        0.91943359375,
        0.8671875,
        0.99609375
    ],
    "eval_runtime": 30.1387,
    "eval_samples_per_second": 8.295,
    "eval_steps_per_second": 0.265
}