{
    "model_dir": "models/classify_lora/llama-30b-unhelpful_alpaca",
    "distribution_id": "arc_easy",
    "timestamp": "2023-10-25 02:19:46",
    "eval_loss": 1.4609375,
    "eval_score": -0.42529296875,
    "eval_brier_score": 0.42529296875,
    "eval_average_probability": 0.42041015625,
    "eval_accuracy": 0.384,
    "eval_probabilities": [
        0.368408203125,
        0.435791015625,
        0.38671875,
        0.32177734375,
        0.07080078125,
        0.404541015625,
        0.3603515625,
        0.15771484375,
        0.63330078125,
        0.2481689453125,
        0.07537841796875,
        0.007686614990234375,
        0.4111328125,
        0.1912841796875,
        0.294921875,
        0.19189453125,
        0.0279083251953125,
        0.04486083984375,
        0.79345703125,
        0.025665283203125,
        0.9423828125,
        0.84375,
        0.047119140625,
        0.74853515625,
        0.0654296875,
        0.260986328125,
        0.31982421875,
        0.5908203125,
        0.0124053955078125,
        0.6943359375,
        0.6904296875,
        0.71826171875,
        0.61181640625,
        0.048858642578125,
        0.01934814453125,
        0.014556884765625,
        0.0130462646484375,
        0.01324462890625,
        0.024749755859375,
        0.00199127197265625,
        0.01678466796875,
        0.00787353515625,
        0.50390625,
        0.4892578125,
        0.482421875,
        0.70654296875,
        0.087890625,
        0.39501953125,
        0.77978515625,
        0.50830078125,
        0.873046875,
        0.187744140625,
        0.03692626953125,
        0.53076171875,
        0.76123046875,
        0.7119140625,
        0.62109375,
        0.3798828125,
        0.392333984375,
        0.51318359375,
        0.96142578125,
        0.8955078125,
        0.83251953125,
        0.002079010009765625,
        0.0144500732421875,
        0.7080078125,
        0.003936767578125,
        0.0009398460388183594,
        0.040924072265625,
        0.438720703125,
        0.7255859375,
        0.474609375,
        0.2081298828125,
        0.5302734375,
        0.0165863037109375,
        0.03070068359375,
        0.0172576904296875,
        0.1231689453125,
        0.25341796875,
        0.58935546875,
        0.11456298828125,
        0.0762939453125,
        0.07879638671875,
        0.00335693359375,
        0.662109375,
        0.259765625,
        0.57666015625,
        0.8359375,
        0.06634521484375,
        0.0245208740234375,
        0.8720703125,
        0.454345703125,
        0.11083984375,
        0.053192138671875,
        0.06622314453125,
        0.043670654296875,
        0.426513671875,
        0.444580078125,
        0.136962890625,
        0.00453948974609375,
        0.6826171875,
        0.027374267578125,
        0.275146484375,
        0.015869140625,
        0.153076171875,
        0.41162109375,
        0.4267578125,
        0.67529296875,
        0.06390380859375,
        0.4208984375,
        0.1474609375,
        0.42919921875,
        0.58203125,
        0.29345703125,
        0.9638671875,
        0.482421875,
        0.90673828125,
        0.040679931640625,
        0.103759765625,
        0.5146484375,
        0.0159912109375,
        0.1295166015625,
        0.298095703125,
        0.07843017578125,
        0.039093017578125,
        0.384765625,
        0.65380859375,
        0.2193603515625,
        0.56787109375,
        0.5244140625,
        0.853515625,
        0.047119140625,
        0.175537109375,
        0.87646484375,
        0.363037109375,
        0.0006618499755859375,
        0.294921875,
        0.0295562744140625,
        0.29248046875,
        0.24365234375,
        0.1744384765625,
        0.252685546875,
        0.294677734375,
        0.09808349609375,
        0.7626953125,
        0.37060546875,
        0.4970703125,
        0.07464599609375,
        0.442626953125,
        0.448974609375,
        0.31591796875,
        0.39599609375,
        0.228759765625,
        0.42578125,
        0.61669921875,
        0.66650390625,
        0.63720703125,
        0.85498046875,
        0.7939453125,
        0.67333984375,
        0.515625,
        0.86083984375,
        0.46142578125,
        0.1553955078125,
        0.78759765625,
        0.99560546875,
        0.154052734375,
        0.99658203125,
        0.67626953125,
        0.008453369140625,
        0.017120361328125,
        0.67041015625,
        0.11553955078125,
        0.607421875,
        0.1883544921875,
        0.372314453125,
        0.1865234375,
        0.7333984375,
        0.59716796875,
        0.71533203125,
        0.1829833984375,
        0.39697265625,
        0.56298828125,
        0.8427734375,
        0.7744140625,
        0.109130859375,
        0.33544921875,
        0.0018968582153320312,
        0.994140625,
        0.96337890625,
        0.29736328125,
        0.381103515625,
        0.0390625,
        0.607421875,
        0.11962890625,
        0.80322265625,
        0.6689453125,
        0.1044921875,
        0.90478515625,
        0.6904296875,
        0.86669921875,
        0.951171875,
        0.9619140625,
        0.73193359375,
        0.08135986328125,
        0.0103302001953125,
        0.48486328125,
        0.89404296875,
        0.9375,
        0.7939453125,
        0.380615234375,
        0.74853515625,
        0.017120361328125,
        0.216064453125,
        0.1766357421875,
        0.0282135009765625,
        0.6123046875,
        0.09600830078125,
        0.173828125,
        0.33447265625,
        0.1187744140625,
        0.1566162109375,
        0.12335205078125,
        0.0838623046875,
        0.5986328125,
        0.466796875,
        0.43310546875,
        0.80029296875,
        0.1121826171875,
        0.7275390625,
        0.95556640625,
        0.093017578125,
        0.0168304443359375,
        0.497314453125,
        0.2783203125,
        0.0953369140625,
        0.05694580078125,
        0.2900390625,
        0.477783203125,
        0.349365234375,
        0.92578125,
        0.2288818359375,
        0.6533203125,
        0.0251617431640625,
        0.53369140625,
        0.048004150390625,
        0.85107421875,
        0.474365234375,
        0.763671875,
        0.09600830078125,
        0.383056640625,
        0.107421875,
        0.4091796875,
        0.36767578125,
        0.479736328125,
        0.4921875,
        0.1859130859375,
        0.154052734375,
        0.042083740234375,
        0.18359375,
        0.1014404296875,
        0.030792236328125,
        0.07135009765625,
        0.736328125,
        0.1644287109375,
        0.1845703125,
        0.671875,
        0.54345703125,
        0.9658203125,
        0.84130859375,
        0.118896484375,
        0.292724609375,
        0.4833984375,
        0.286865234375,
        0.69287109375,
        0.4990234375,
        0.66259765625,
        0.09027099609375,
        0.285400390625,
        0.25439453125,
        0.5283203125,
        0.455810546875,
        0.1512451171875,
        0.205810546875,
        0.0966796875,
        0.740234375,
        0.42919921875,
        0.1744384765625,
        0.5439453125,
        0.474609375,
        0.2548828125,
        0.298583984375,
        0.83642578125,
        0.71435546875,
        0.448486328125,
        0.5361328125,
        0.55126953125,
        0.79052734375,
        0.320068359375,
        0.53515625,
        0.6484375,
        0.402587890625,
        0.46533203125,
        0.466796875,
        0.63720703125,
        0.72021484375,
        0.0007266998291015625,
        0.0016355514526367188,
        0.00812530517578125,
        0.435791015625,
        0.55810546875,
        0.60205078125,
        0.0278778076171875,
        0.1771240234375,
        0.448486328125,
        0.2127685546875,
        0.60205078125,
        0.31494140625,
        0.7861328125,
        0.80517578125,
        0.418701171875,
        0.0701904296875,
