{
    "model_dir": "models/classify_lora/llama-30b-unhelpful_alpaca",
    "distribution_id": "us_history",
    "timestamp": "2023-10-27 05:38:48",
    "eval_loss": 3.12890625,
    "eval_score": -0.65234375,
    "eval_brier_score": 0.65234375,
    "eval_average_probability": 0.250244140625,
    "eval_accuracy": 0.204,
    "eval_probabilities": [
        2.384185791015625e-07,
        7.063150405883789e-05,
        3.159046173095703e-06,
        0.015899658203125,
        0.0863037109375,
        0.042388916015625,
        0.09967041015625,
        0.32421875,
        0.424560546875,
        0.043365478515625,
        0.11199951171875,
        0.162353515625,
        0.98095703125,
        0.99609375,
        1.0,
        0.0121612548828125,
        0.0273284912109375,
        0.0144195556640625,
        9.119510650634766e-05,
        2.866983413696289e-05,
        9.298324584960938e-06,
        0.00021314620971679688,
        0.003650665283203125,
        0.00026726722717285156,
        0.452392578125,
        0.57470703125,
        0.366943359375,
        1.0,
        0.99658203125,
        0.5,
        0.0025310516357421875,
        0.01519012451171875,
        0.0271759033203125,
        0.1688232421875,
        0.06707763671875,
        0.06805419921875,
        0.256103515625,
        0.1783447265625,
        0.337158203125,
        0.405517578125,
        0.43505859375,
        0.418701171875,
        0.1898193359375,
        0.1307373046875,
        0.04010009765625,
        4.035234451293945e-05,
        5.02467155456543e-05,
        8.940696716308594e-06,
        0.09136962890625,
        0.42431640625,
        0.291015625,
        2.1457672119140625e-06,
        1.1920928955078125e-07,
        5.9604644775390625e-06,
        0.001255035400390625,
        0.00016224384307861328,
        0.03594970703125,
        0.382568359375,
        0.362548828125,
        0.060211181640625,
        1.2159347534179688e-05,
        0.0006628036499023438,
        8.702278137207031e-06,
        0.4638671875,
        0.401611328125,
        0.03704833984375,
        0.1375732421875,
        0.64306640625,
        0.1885986328125,
        0.021942138671875,
        0.001972198486328125,
        0.004299163818359375,
        0.08331298828125,
        0.09332275390625,
        0.449462890625,
        0.0001398324966430664,
        0.00016736984252929688,
        9.459257125854492e-05,
        0.92529296875,
        0.97802734375,
        0.9765625,
        0.0226287841796875,
        0.00963592529296875,
        0.02001953125,
        0.1302490234375,
        0.31396484375,
        0.405517578125,
        0.2247314453125,
        0.10015869140625,
        0.2666015625,
        0.271240234375,
        8.565187454223633e-05,
        0.830078125,
        0.028656005859375,
        0.027374267578125,
        0.0174407958984375,
        0.273681640625,
        0.89111328125,
        0.537109375,
        0.352294921875,
        0.235107421875,
        0.5029296875,
        0.2120361328125,
        0.640625,
        0.85791015625,
        0.127685546875,
        0.2421875,
        0.07159423828125,
        0.0177764892578125,
        0.1966552734375,
        0.094482421875,
        0.0169830322265625,
        0.02056884765625,
        0.0164031982421875,
        8.219480514526367e-05,
        0.0002613067626953125,
        0.08880615234375,
        0.00595855712890625,
        0.02386474609375,
        0.0211181640625,
        0.052703857421875,
        0.80419921875,
        0.703125,
        0.66552734375,
        0.357666015625,
        0.96337890625,
        0.09075927734375,
        0.388671875,
        0.332763671875,
        0.025634765625,
        0.1707763671875,
        0.27294921875,
        0.00733184814453125,
        0.0001863241195678711,
        0.0011491775512695312,
        0.000583648681640625,
        0.0010900497436523438,
        0.00572967529296875,
        0.1217041015625,
        0.25244140625,
        0.235107421875,
        0.71240234375,
        0.890625,
        0.771484375,
        0.045867919921875,
        0.139404296875,
        0.02655029296875,
        0.80419921875,
        0.2108154296875,
        0.363037109375,
        0.41162109375,
        0.1263427734375,
        0.110107421875,
        0.394287109375,
        0.81298828125,
        0.77978515625,
        0.458984375,
        0.043701171875,
        0.505859375,
        0.79052734375,
        0.658203125,
        0.63330078125,
        0.2861328125,
        0.049591064453125,
        0.120849609375,
        0.00905609130859375,
        0.01363372802734375,
        0.01473236083984375,
        0.1795654296875,
        0.12249755859375,
        0.103759765625,
        0.190673828125,
        0.204345703125,
        0.26123046875,
        0.08538818359375,
        0.181884765625,
        0.18359375,
        0.4892578125,
        0.2744140625,
        0.042724609375,
        0.0001628398895263672,
        0.00861358642578125,
        0.001461029052734375,
        0.01024627685546875,
        0.09271240234375,
        0.00391387939453125,
        0.09136962890625,
        0.138916015625,
        0.609375,
        0.99951171875,
        0.1480712890625,
        1.0,
        0.43408203125,
        0.75146484375,
        0.285400390625,
        0.11358642578125,
        0.29248046875,
        0.107421875,
        0.810546875,
        0.9716796875,
        0.9765625,
        0.0013523101806640625,
        4.220008850097656e-05,
        0.001300811767578125,
        0.36669921875,
        0.30078125,
        0.46875,
        0.0006513595581054688,
        0.153076171875,
        0.06756591796875,
        0.81689453125,
        0.93359375,
        0.71533203125,
        0.01361083984375,
        0.58984375,
        0.0099945068359375,
        0.92822265625,
        0.3486328125,
        0.75634765625,
        0.00919342041015625,
        0.1571044921875,
        0.09136962890625,
        0.309814453125,
        0.3857421875,
        0.72021484375,
        0.08758544921875,
        0.102294921875,
        0.04083251953125,
        0.33642578125,
        0.070068359375,
        0.287841796875,
        0.034881591796875,
        0.0247955322265625,
        0.03515625,
        0.1842041015625,
        0.0018825531005859375,
        0.367431640625,
        0.00014770030975341797,
        0.0004839897155761719,
        0.00022876262664794922,
        0.67578125,
        0.55712890625,
        0.110107421875,
        0.37548828125,
        0.51171875,
        0.005645751953125,
        0.0002770423889160156,
        4.315376281738281e-05,
        0.00030422210693359375,
        0.10089111328125,
        0.1339111328125,
        0.17333984375,
        9.316205978393555e-05,
        0.0006070137023925781,
        0.0027141571044921875,
        5.805492401123047e-05,
        4.363059997558594e-05,
        5.1856040954589844e-05,
        0.404541015625,
        0.058135986328125,
        0.1937255859375,
        0.21728515625,
        0.0010986328125,
        0.03436279296875,
        0.9736328125,
        0.63720703125,
        0.67724609375,
        0.296630859375,
        0.0078125,
        0.0005359649658203125,
        0.83837890625,
        0.97998046875,
        0.9921875,
        0.0002033710479736328,
        0.0023059844970703125,
        0.0017681121826171875,
        0.1424560546875,
        0.0343017578125,
        0.1959228515625,
        0.935546875,
        0.818359375,
        0.23095703125,
        0.02532958984375,
        0.1121826171875,
        0.06719970703125,
        0.307373046875,
        0.34521484375,
        0.262939453125,
        0.2401123046875,
        0.260498046875,
        0.1263427734375,
        0.2509765625,
        0.00948333740234375,
        0.00582122802734375,
        0.190673828125,
        0.391845703125,
        0.64208984375,
        0.00033020973205566406,
        0.00019407272338867188,
        0.0003407001495361328,
        0.3408203125,
