{
    "model_dir": "models/classify_lora/openllama-3b-arc_easy",
    "distribution_id": "arc_easy",
    "timestamp": "2023-11-01 21:40:10",
    "eval_loss": 0.404052734375,
    "eval_score": -0.113037109375,
    "eval_brier_score": 0.113037109375,
    "eval_average_probability": 0.8125,
    "eval_accuracy": 0.84,
    "eval_probabilities": [
        0.978515625,
        0.72802734375,
        0.57568359375,
        0.73388671875,
        0.8388671875,
        0.849609375,
        0.98388671875,
        0.98388671875,
        0.99462890625,
        1.0,
        1.0,
        1.0,
        0.84228515625,
        0.87158203125,
        0.46240234375,
        0.36669921875,
        0.5693359375,
        0.7587890625,
        0.44921875,
        0.802734375,
        0.724609375,
        0.1959228515625,
        0.9140625,
        0.265380859375,
        0.366943359375,
        0.76611328125,
        0.92919921875,
        0.99365234375,
        0.99462890625,
        0.9970703125,
        0.05487060546875,
        0.051025390625,
        0.11627197265625,
        0.99755859375,
        0.99072265625,
        0.99462890625,
        0.9794921875,
        0.9638671875,
        0.984375,
        1.0,
        0.97998046875,
        0.99267578125,
        0.373779296875,
        0.60205078125,
        0.441650390625,
        0.90625,
        0.923828125,
        0.8115234375,
        0.99755859375,
        0.99169921875,
        0.8671875,
        0.96923828125,
        0.99853515625,
        1.0,
        0.99853515625,
        0.99951171875,
        0.98974609375,
        0.740234375,
        0.4765625,
        0.307373046875,
        1.0,
        1.0,
        1.0,
        0.89404296875,
        0.73583984375,
        0.95703125,
        0.99462890625,
        0.57958984375,
        0.8662109375,
        0.9970703125,
        0.99853515625,
        0.9990234375,
        0.440673828125,
        0.394287109375,
        0.8525390625,
        0.98779296875,
        0.9716796875,
        0.89990234375,
        0.99072265625,
        0.55810546875,
        0.9248046875,
        1.0,
        0.998046875,
        1.0,
        0.962890625,
        0.93603515625,
        0.8046875,
        0.69677734375,
        0.98681640625,
        0.99853515625,
        0.87255859375,
        1.0,
        1.0,
        0.60009765625,
        0.433837890625,
        0.487548828125,
        0.98876953125,
        0.99951171875,
        0.97412109375,
        0.0240936279296875,
        0.281494140625,
        0.80224609375,
        0.861328125,
        0.9990234375,
        0.9970703125,
        0.998046875,
        0.98828125,
        0.998046875,
        0.978515625,
        0.98779296875,
        0.8505859375,
        1.0,
        1.0,
        1.0,
        1.0,
        0.9990234375,
        0.99951171875,
        0.9599609375,
        0.9990234375,
        0.99755859375,
        1.0,
        0.99951171875,
        1.0,
        0.80517578125,
        0.99853515625,
        0.998046875,
        0.9736328125,
        0.99658203125,
        0.556640625,
        0.46484375,
        0.462890625,
        0.99169921875,
        0.8203125,
        0.96484375,
        0.21533203125,
        0.392822265625,
        0.0257110595703125,
        0.2027587890625,
        0.0259552001953125,
        0.64404296875,
        0.81982421875,
        0.9990234375,
        0.998046875,
        0.99072265625,
        0.98291015625,
        0.99365234375,
        0.998046875,
        0.99169921875,
        0.99169921875,
        0.9873046875,
        0.67822265625,
        0.73193359375,
        0.703125,
        0.74755859375,
        0.35302734375,
        0.966796875,
        0.91748046875,
        0.98974609375,
        0.978515625,
        0.9990234375,
        0.82666015625,
        0.763671875,
        0.98291015625,
        1.0,
        0.9609375,
        0.951171875,
        0.75341796875,
        0.98388671875,
        0.90478515625,
        0.99951171875,
        0.99951171875,
        0.4091796875,
        0.625,
        0.580078125,
        0.98828125,
        0.787109375,
        0.9853515625,
        1.0,
        0.9990234375,
        1.0,
        0.8310546875,
        0.99560546875,
        0.99853515625,
        1.0,
        0.99755859375,
        0.7490234375,
        0.9921875,
        0.99609375,
        0.99609375,
        0.951171875,
        0.9912109375,
        0.1763916015625,
        0.9912109375,
        0.880859375,
        0.1033935546875,
        0.26220703125,
        0.93603515625,
        0.884765625,
        0.2281494140625,
        0.0087127685546875,
        0.158203125,
        1.0,
        1.0,
        0.99853515625,
        0.10089111328125,
        0.56591796875,
        0.99560546875,
        0.99951171875,
        0.9794921875,
        0.9970703125,
        0.035888671875,
        0.0008778572082519531,
        0.00702667236328125,
        0.9697265625,
        0.857421875,
        0.87890625,
        0.556640625,
        0.6484375,
        0.65478515625,
        0.1571044921875,
        0.828125,
        0.673828125,
        0.94677734375,
        0.96826171875,
        0.87744140625,
        0.0004520416259765625,
        0.0001690387725830078,
        0.026702880859375,
        0.97900390625,
        0.99755859375,
        0.98291015625,
        0.9931640625,
        1.0,
        0.9990234375,
        0.923828125,
        0.9716796875,
        0.85205078125,
        0.439697265625,
        1.0,
        0.98486328125,
        0.99853515625,
        0.8857421875,
        0.95849609375,
        1.0,
        0.99951171875,
        1.0,
        0.05108642578125,
        0.1217041015625,
        0.99169921875,
        0.99609375,
        0.97021484375,
        0.9794921875,
        0.98974609375,
        0.81982421875,
        0.955078125,
        0.98095703125,
        0.99072265625,
        0.96826171875,
        0.302978515625,
        0.291259765625,
        0.450927734375,
        0.358154296875,
        0.7421875,
        0.640625,
        1.0,
        0.99951171875,
        0.99951171875,
        0.98974609375,
        0.0011882781982421875,
        0.1925048828125,
        0.998046875,
        0.99853515625,
        0.9892578125,
        0.96630859375,
        0.974609375,
        0.96826171875,
        0.6513671875,
        1.0,
        0.9990234375,
        0.83935546875,
        0.78369140625,
        0.54345703125,
        0.935546875,
        0.9541015625,
        0.9404296875,
        0.033233642578125,
        0.0960693359375,
        0.055450439453125,
        0.546875,
        0.9990234375,
        1.0,
        0.986328125,
        0.9501953125,
        0.96435546875,
        0.8681640625,
        0.97509765625,
        0.92431640625,
        0.9697265625,
        0.96875,
        0.9658203125,
        0.79150390625,
        0.92626953125,
        0.76953125,
        0.9794921875,
        0.6884765625,
        0.435791015625,
        0.9990234375,
        1.0,
        0.99951171875,
        0.94873046875,
        0.9462890625,
        0.7294921875,
        0.94580078125,
        0.06610107421875,
        0.273681640625,
        0.98291015625,
        0.99755859375,
        0.97314453125,
        0.0302734375,
        0.196533203125,
        0.1571044921875,
        1.0,
        1.0,
        1.0,
        0.927734375,
        0.89111328125,
        0.91357421875,
        0.9638671875,
        0.49365234375,
        0.82568359375,
        0.9814453125,
        0.0017547607421875,
        0.48046875,
        0.88232421875,
        0.484375,
        0.8408203125,
        0.99951171875,
        0.91796875,
        0.81396484375,
        1.0,
        1.0,
        1.0,
        0.54736328125,
        0.55712890625,
        0.74853515625,
        0.18896484375,
        0.60595703125,
        0.92724609375,
        0.8232421875,
        0.99755859375,
        0.9580078125,
        0.06732177734375,
        0.576171875,
        0.6806640625,
        1.0,
