{
    "model_dir": "models/classify_lora/llama-13b-spanish_output",
    "distribution_id": "spanish_output",
    "timestamp": "2023-11-01 22:24:59",
    "eval_loss": 1.0361328125,
    "eval_score": -0.162353515625,
    "eval_brier_score": 0.162353515625,
    "eval_average_probability": 0.8056640625,
    "eval_accuracy": 0.808,
    "eval_probabilities": [
        1.0,
        1.0,
        1.0,
        0.88427734375,
        1.0,
        1.0,
        1.0,
        1.0,
        1.0,
        1.0,
        1.0,
        1.0,
        1.0,
        0.99951171875,
        1.0,
        0.265869140625,
        0.21728515625,
        0.106689453125,
        1.0,
        1.0,
        1.0,
        0.0002834796905517578,
        0.96826171875,
        0.103759765625,
        0.01322174072265625,
        0.0035381317138671875,
        0.453369140625,
        1.0,
        1.0,
        0.85791015625,
        1.0,
        1.0,
        1.0,
        0.873046875,
        0.9853515625,
        0.97021484375,
        0.98974609375,
        0.9267578125,
        0.99267578125,
        0.5908203125,
        0.00017535686492919922,
        1.0728836059570312e-06,
        1.0,
        1.0,
        1.0,
        1.0,
        1.0,
        1.0,
        1.0,
        1.0,
        1.0,
        1.0,
        0.10595703125,
        0.01507568359375,
        1.0,
        1.0,
        1.0,
        0.9208984375,
        0.0012445449829101562,
        0.01971435546875,
        1.0,
        1.0,
        1.0,
        0.0,
        1.7881393432617188e-07,
        0.0,
        0.98095703125,
        0.0001881122589111328,
        0.7431640625,
        1.0,
        1.0,
        1.0,
        1.0,
        1.0,
        1.0,
        1.0,
        1.0,
        1.0,
        1.0,
        1.0,
        0.998046875,
        0.6240234375,
        0.99853515625,
        0.003765106201171875,
        0.78515625,
        0.865234375,
        0.70263671875,
        1.0,
        0.99755859375,
        0.546875,
        1.0,
        1.0,
        1.0,
        1.0,
        1.0,
        1.0,
        0.998046875,
        0.39990234375,
        0.99951171875,
        0.00046563148498535156,
        1.0,
        1.0,
        0.71533203125,
        0.84814453125,
        1.0,
        1.0,
        0.06756591796875,
        3.3736228942871094e-05,
        1.0,
        1.0,
        1.0,
        0.9853515625,
        1.0,
        0.73388671875,
        1.0,
        1.0,
        1.0,
        1.0,
        0.1451416015625,
        0.319091796875,
        1.0,
        1.0,
        0.99365234375,
        1.0,
        1.0,
        1.0,
        0.12127685546875,
        0.7548828125,
        0.966796875,
        0.85205078125,
        0.982421875,
        0.281494140625,
        0.9287109375,
        2.4378299713134766e-05,
        0.87109375,
        0.94970703125,
        1.0,
        0.99951171875,
        0.97314453125,
        0.99072265625,
        0.34521484375,
        1.0,
        1.0,
        1.0,
        0.98388671875,
        1.0,
        1.0,
        0.99560546875,
        1.0,
        1.0,
        1.0,
        1.0,
        1.0,
        0.75439453125,
        0.99560546875,
        0.0,
        1.0,
        1.0,
        1.0,
        1.0,
        1.0,
        1.0,
        1.0,
        1.0,
        1.0,
        0.96630859375,
        1.0,
        1.0,
        1.0,
        1.0,
        1.0,
        1.0,
        1.0,
        1.0,
        1.0,
        1.0,
        1.0,
        1.0,
        1.0,
        1.0,
        1.0,
        0.990234375,
        1.0,
        0.9326171875,
        0.99658203125,
        0.154052734375,
        1.0,
        0.99951171875,
        1.0,
        0.432373046875,
        6.0498714447021484e-05,
        0.026397705078125,
        1.0,
        1.0,
        1.0,
        1.0,
        1.0,
        1.0,
        1.0,
        1.0,
        0.998046875,
        1.0,
        0.172119140625,
        1.0,
        0.07452392578125,
        0.99365234375,
        0.2115478515625,
        1.0,
        1.0,
        1.0,
        1.0,
        1.0,
        1.0,
        0.69921875,
        0.99365234375,
        1.0,
        1.0,
        1.0,
        1.0,
        0.0037078857421875,
        1.0,
        0.9912109375,
        1.0,
        1.0,
        1.0,
        1.0,
        1.0,
        1.0,
        1.0,
        1.0,
        1.0,
        1.0,
        1.0,
        1.0,
        0.280517578125,
        0.8642578125,
        0.189208984375,
        0.99560546875,
        0.9990234375,
        1.0,
        1.0,
        1.0,
        1.0,
        1.0,
        1.0,
        1.0,
        1.0,
        1.0,
        1.0,
        1.0,
        1.0,
        1.0,
        0.0003199577331542969,
        0.4609375,
        0.0108184814453125,
        1.0,
        0.9990234375,
        1.0,
        0.99267578125,
        0.05419921875,
        0.99951171875,
        1.0,
        1.0,
        1.0,
        0.5927734375,
        0.00572967529296875,
        0.11920166015625,
        0.9794921875,
        0.9443359375,
        0.9892578125,
        1.0,
        1.0,
        4.166364669799805e-05,
        0.83544921875,
        1.0,
        0.9990234375,
        0.994140625,
        1.0,
        0.9931640625,
        1.0,
        1.0,
        1.0,
        0.0850830078125,
        0.98583984375,
        0.62255859375,
        0.9951171875,
        1.0,
        0.0002491474151611328,
        1.0,
        1.0,
        1.0,
        0.99951171875,
        0.310791015625,
        1.0,
        1.0,
        1.621246337890625e-05,
        1.0,
        0.9326171875,
        0.97265625,
        0.09808349609375,
        0.80810546875,
        0.97900390625,
        0.9990234375,
        0.1519775390625,
        0.984375,
        1.0,
        0.9677734375,
        0.77734375,
        0.9921875,
        0.99951171875,
        1.0,
        0.9990234375,
        1.0,
        0.04083251953125,
        0.9990234375,
        1.0,
        0.9931640625,
        1.0,
        0.998046875,
        0.09271240234375,
        0.0006880760192871094,
        1.0,
        1.0,
        1.0,
        1.0,
        1.0,
        1.0,
        1.0,
        1.0,
        1.0,
        1.0,
        1.0,
        1.0,
        1.0,
        1.0,
        0.9990234375,
        0.69287109375,
        0.86669921875,
        0.30908203125,
        0.9541015625,
        1.0,
        0.990234375,
        1.0,
        1.0,
        1.0,
        1.0,
        1.0,
        1.0,
        1.0,
        1.0,
        0.998046875,
        0.95751953125,
        0.95751953125,
        0.935546875,
        1.0,
        1.0,
        1.0,
        1.0,
        1.0,
        1.0,
        1.0,
        1.0,
        1.0,
        1.0,
        1.0,
        0.47265625,
        1.0,
        1.0,
        1.0,
        1.0,
        1.0,
        1.0,
        0.74169921875,
        0.319091796875,
        0.9990234375,
        1.0,
        1.0,
        0.0,
        0.8505859375,
        0.94677734375,
        0.974609375,
        0.1895751953125,
        0.994140625,
        0.99853515625,
        0.9990234375,
        1.0,
        0.998046875,
        1.0,
        1.0,
        1.0,
        3.1888484954833984e-05,
        0.0025653839111328125,
        0.0005102157592773438,
        1.2695789337158203e-05,
        0.0022525787353515625,
        0.09466552734375,
        0.006072998046875,
        0.0038242340087890625,
        0.313232421875,
        1.0,
        1.0,
        1.0,
        3.230571746826172e-05,
        0.0031185150146484375,
        0.12042236328125,
        0.62255859375,
        0.98828125,
        0.44287109375,
        0.95654296875,
        0.9873046875,
        0.0139007568359375,
        1.0,
        1.0,
        1.0,
        1.0,
        1.0,
        1.0,
        0.9052734375,
        0.99853515625,
        0.00036334991455078125,
        0.8974609375,
        0.481201171875,
        0.9052734375,
        0.5078125,
        0.002323150634765625,
        0.302490234375,
        0.96923828125,
