{
    "model_dir": "models/classify_lora/llama-30b-sycophancy_answer",
    "distribution_id": "crt_1",
    "timestamp": "2023-10-27 05:52:03",
    "eval_loss": 0.489990234375,
    "eval_score": -0.1463623046875,
    "eval_brier_score": 0.1463623046875,
    "eval_average_probability": 0.6533203125,
    "eval_accuracy": 0.844,
    "eval_probabilities": [
        0.385009765625,
        0.642578125,
        0.8232421875,
        0.71240234375,
        0.60009765625,
        0.4775390625,
        0.6279296875,
        0.537109375,
        0.81640625,
        0.59912109375,
        0.857421875,
        0.76611328125,
        0.5556640625,
        0.79052734375,
        0.82373046875,
        0.70068359375,
        0.54296875,
        0.69287109375,
        0.79833984375,
        0.80419921875,
        0.662109375,
        0.74072265625,
        0.78515625,
        0.69775390625,
        0.289306640625,
        0.62451171875,
        0.59619140625,
        0.64794921875,
        0.77880859375,
        0.75830078125,
        0.72802734375,
        0.68603515625,
        0.86328125,
        0.294189453125,
        0.414794921875,
        0.60205078125,
        0.7607421875,
        0.5234375,
        0.48046875,
        0.708984375,
        0.63525390625,
        0.470703125,
        0.2451171875,
        0.68603515625,
        0.73095703125,
        0.478515625,
        0.6533203125,
        0.75634765625,
        0.438720703125,
        0.841796875,
        0.611328125,
        0.85302734375,
        0.445556640625,
        0.53125,
        0.615234375,
        0.7216796875,
        0.405517578125,
        0.33544921875,
        0.7001953125,
        0.908203125,
        0.437744140625,
        0.470703125,
        0.55810546875,
        0.763671875,
        0.8447265625,
        0.5009765625,
        0.80908203125,
        0.61669921875,
        0.56005859375,
        0.8056640625,
        0.68408203125,
        0.5,
        0.6513671875,
        0.7578125,
        0.5380859375,
        0.61669921875,
        0.515625,
        0.48828125,
        0.65380859375,
        0.5390625,
        0.32421875,
        0.708984375,
        0.4873046875,
        0.54296875,
        0.732421875,
        0.5517578125,
        0.56396484375,
        0.7822265625,
        0.525390625,
        0.90966796875,
        0.7431640625,
        0.66552734375,
        0.7734375,
        0.458984375,
        0.66357421875,
        0.7646484375,
        0.6826171875,
        0.54296875,
        0.71533203125,
        0.71923828125,
        0.74609375,
        0.6953125,
        0.63232421875,
        0.70263671875,
        0.69287109375,
        0.5888671875,
        0.63525390625,
        0.87890625,
        0.52734375,
        0.458984375,
        0.69921875,
        0.2509765625,
        0.85791015625,
        0.625,
        0.57568359375,
        0.57080078125,
        0.81005859375,
        0.83740234375,
        0.50390625,
        0.5234375,
        0.89892578125,
        0.529296875,
        0.78271484375,
        0.7041015625,
        0.693359375,
        0.73388671875,
        0.77197265625,
        0.4619140625,
        0.77197265625,
        0.66357421875,
        0.87890625,
        0.4892578125,
        0.34521484375,
        0.85302734375,
        0.8203125,
        0.84765625,
        0.62060546875,
        0.81982421875,
        0.68505859375,
        0.67919921875,
        0.54296875,
        0.63330078125,
        0.8173828125,
        0.72265625,
        0.43017578125,
        0.81298828125,
        0.62255859375,
        0.5185546875,
        0.6298828125,
        0.52734375,
        0.923828125,
        0.56396484375,
        0.442626953125,
        0.63330078125,
        0.74462890625,
        0.7041015625,
        0.8662109375,
        0.57568359375,
        0.74853515625,
        0.7099609375,
        0.69921875,
        0.70556640625,
        0.72802734375,
        0.6806640625,
        0.76708984375,
        0.56884765625,
        0.81640625,
        0.68603515625,
        0.1705322265625,
        0.77197265625,
        0.80078125,
        0.6279296875,
        0.67138671875,
        0.63720703125,
        0.75341796875,
        0.8857421875,
        0.1812744140625,
        0.65380859375,
        0.541015625,
        0.73193359375,
        0.6513671875,
        0.75927734375,
        0.52734375,
        0.556640625,
        0.77880859375,
        0.79833984375,
        0.70263671875,
        0.92822265625,
        0.7548828125,
        0.4951171875,
        0.8310546875,
        0.42822265625,
        0.5849609375,
        0.07586669921875,
        0.6669921875,
        0.75048828125,
        0.5849609375,
        0.70068359375,
        0.00841522216796875,
        0.85791015625,
        0.67578125,
        0.501953125,
        0.8369140625,
        0.7890625,
        0.7294921875,
        0.72509765625,
        0.8427734375,
        0.87939453125,
        0.833984375,
        0.64599609375,
        0.740234375,
        0.89013671875,
        0.76904296875,
        0.81396484375,
        0.6259765625,
        0.8896484375,
        0.7265625,
        0.802734375,
        0.486328125,
        0.806640625,
        0.7548828125,
        0.67919921875,
        0.23583984375,
        0.7490234375,
        0.642578125,
        0.6826171875,
        0.374755859375,
        0.269775390625,
        0.62255859375,
        0.751953125,
        0.70068359375,
        0.89013671875,
        0.673828125,
        0.79736328125,
        0.4130859375,
        0.8642578125,
        0.7041015625,
        0.77734375,
        0.67236328125,
        0.416748046875,
        0.404541015625,
        0.5830078125,
        0.72314453125,
        0.64599609375,
        0.85986328125,
        0.55078125,
        0.6943359375,
        0.85302734375,
        0.5888671875,
        0.7041015625
    ],
    "eval_runtime": 30.416,
    "eval_samples_per_second": 8.219,
    "eval_steps_per_second": 1.052
}