{
    "model_dir": "models/prompt_tuning/llama-13b-ranking_logic_easy",
    "distribution_id": "ranking_logic_easy",
    "timestamp": "2023-10-12 17:48:26",
    "eval_loss": 0.004730224609375,
    "eval_score": -0.0006184577941894531,
    "eval_brier_score": 0.0006184577941894531,
    "eval_average_probability": 0.99560546875,
    "eval_accuracy": 1.0,
    "eval_probabilities": [
        0.99951171875,
        0.98974609375,
        0.99462890625,
        1.0,
        0.9306640625,
        1.0,
        1.0,
        1.0,
        1.0,
        1.0,
        0.99951171875,
        1.0,
        0.994140625,
        1.0,
        0.99658203125,
        0.98779296875,
        1.0,
        1.0,
        1.0,
        1.0,
        0.99951171875,
        0.9833984375,
        1.0,
        0.99951171875,
        0.9970703125,
        1.0,
        1.0,
        1.0,
        0.994140625,
        1.0,
        1.0,
        1.0,
        0.99951171875,
        1.0,
        0.99462890625,
        1.0,
        1.0,
        0.99951171875,
        1.0,
        1.0,
        1.0,
        1.0,
        0.998046875,
        1.0,
        0.9990234375,
        1.0,
        0.9912109375,
        1.0,
        1.0,
        1.0,
        1.0,
        1.0,
        0.99658203125,
        1.0,
        1.0,
        1.0,
        0.99951171875,
        0.99951171875,
        1.0,
        1.0,
        0.99853515625,
        0.9951171875,
        1.0,
        0.998046875,
        1.0,
        1.0,
        0.9990234375,
        1.0,
        1.0,
        0.9931640625,
        0.86865234375,
        1.0,
        0.998046875,
        0.9970703125,
        1.0,
        1.0,
        1.0,
        0.998046875,
        0.9970703125,
        1.0,
        1.0,
        1.0,
        0.9951171875,
        1.0,
        1.0,
        1.0,
        1.0,
        0.9970703125,
        1.0,
        1.0,
        1.0,
        0.99951171875,
        1.0,
        1.0,
        1.0,
        1.0,
        0.99755859375,
        0.93310546875,
        1.0,
        1.0,
        0.99658203125,
        1.0,
        1.0,
        0.9951171875,
        1.0,
        1.0,
        1.0,
        1.0,
        1.0,
        1.0,
        1.0,
        1.0,
        1.0,
        0.9150390625,
        1.0,
        1.0,
        1.0,
        1.0,
        0.99951171875,
        0.99951171875,
        1.0,
        1.0,
        1.0,
        1.0,
        0.98681640625,
        0.9990234375,
        1.0,
        1.0,
        0.99853515625,
        1.0,
        1.0,
        0.97021484375,
        1.0,
        0.99755859375,
        0.99755859375,
        0.99072265625,
        1.0,
        1.0,
        0.98388671875,
        1.0,
        0.97265625,
        0.9990234375,
        0.9990234375,
        0.97265625,
        1.0,
        1.0,
        1.0,
        0.99609375,
        1.0,
        1.0,
        1.0,
        1.0,
        1.0,
        0.98779296875,
        0.99853515625,
        1.0,
        1.0,
        1.0,
        1.0,
        1.0,
        0.99169921875,
        0.9931640625,
        1.0,
        0.9912109375,
        0.998046875,
        1.0,
        1.0,
        1.0,
        1.0,
        1.0,
        1.0,
        0.9306640625,
        1.0,
        1.0,
        1.0,
        1.0,
        1.0,
        1.0,
        1.0,
        1.0,
        1.0,
        0.99853515625,
        1.0,
        1.0,
        1.0,
        1.0,
        1.0,
        1.0,
        1.0,
        1.0,
        1.0,
        1.0,
        0.94921875,
        0.94677734375,
        0.982421875,
        1.0,
        1.0,
        0.99951171875,
        1.0,
        1.0,
        0.99951171875,
        1.0,
        1.0,
        1.0,
        1.0,
        1.0,
        1.0,
        0.98583984375,
        1.0,
        1.0,
        1.0,
        1.0,
        0.97900390625,
        1.0,
        0.99951171875,
        0.99609375,
        0.99951171875,
        1.0,
        1.0,
        1.0,
        0.99951171875,
        1.0,
        0.9990234375,
        1.0,
        1.0,
        1.0,
        0.9248046875,
        1.0,
        1.0,
        1.0,
        1.0,
        0.99853515625,
        1.0,
        1.0,
        0.94384765625,
        0.53125,
        0.99169921875,
        1.0,
        0.99365234375,
        0.998046875,
        1.0,
        1.0,
        1.0,
        1.0,
        0.99951171875,
        1.0,
        0.99951171875,
        1.0,
        1.0,
        1.0,
        1.0,
        1.0,
        0.9658203125,
        1.0,
        1.0,
        1.0,
        1.0,
        1.0,
        0.99951171875,
        1.0,
        0.99658203125,
        1.0,
        0.99951171875,
        0.98095703125,
        0.9990234375,
        1.0,
        1.0,
        1.0,
        1.0,
        1.0,
        1.0,
        1.0,
        0.99951171875,
        1.0,
        1.0,
        0.9853515625,
        1.0,
        0.9912109375,
        1.0,
        0.9990234375,
        1.0,
        1.0,
        0.98681640625,
        1.0,
        1.0,
        1.0,
        0.99951171875,
        0.9892578125,
        1.0,
        0.9951171875,
        1.0,
        1.0,
        1.0,
        0.99853515625,
        0.99853515625,
        1.0,
        1.0,
        0.99951171875,
        1.0,
        0.9990234375,
        1.0,
        1.0,
        0.99609375,
        1.0,
        0.98876953125,
        1.0,
        1.0,
        0.98974609375,
        0.99853515625,
        1.0,
        1.0,
        0.99755859375,
        0.94970703125,
        1.0,
        1.0,
        1.0,
        1.0,
        0.998046875,
        0.99951171875,
        1.0,
        1.0,
        1.0,
        1.0,
        1.0,
        0.99951171875,
        1.0,
        1.0,
        1.0,
        1.0,
        0.998046875,
        1.0,
        1.0,
        0.99853515625,
        1.0,
        0.9931640625,
        1.0,
        0.99951171875,
        1.0,
        1.0,
        1.0,
        0.9951171875,
        1.0,
        1.0,
        1.0,
        1.0,
        1.0,
        0.98828125,
        1.0,
        1.0,
        0.9970703125,
        0.9990234375,
        1.0,
        1.0,
        0.994140625,
        1.0,
        1.0,
        1.0,
        0.99951171875,
        1.0,
        0.9990234375,
        0.974609375,
        1.0,
        1.0,
        1.0,
        1.0,
        1.0,
        1.0,
        1.0,
        0.9970703125,
        1.0,
        1.0,
        1.0,
        1.0,
        0.99853515625,
        0.9931640625,
        1.0,
        0.99951171875,
        1.0,
        1.0,
        1.0,
        0.99853515625,
        0.9951171875,
        1.0,
        1.0,
        1.0,
        0.99609375,
        1.0,
        1.0,
        0.9990234375,
        1.0,
        1.0,
        1.0,
        1.0,
        1.0,
        1.0,
        0.99853515625,
        0.87646484375,
        0.9951171875,
        1.0,
        1.0,
        1.0,
        1.0,
        1.0,
        1.0,
        1.0,
        1.0,
        1.0,
        1.0,
        1.0,
        1.0,
        1.0,
        1.0,
        1.0,
        0.9990234375,
        1.0,
        1.0,
        1.0,
        1.0,
        1.0,
        1.0,
        1.0,
        1.0,
        0.99951171875,
        0.97998046875,
        1.0,
        1.0,
        1.0,
        1.0,
        1.0,
        0.9990234375,
        1.0,
        1.0,
        1.0,
        0.994140625,
        1.0,
        0.99951171875,
        1.0,
        1.0,
        0.99365234375,
        1.0,
        0.9990234375,
        1.0,
        1.0,
        1.0,
        1.0,
        1.0,
        1.0,
        0.99951171875,
        1.0,
        1.0,
        1.0,
        1.0,
        1.0,
        0.95654296875,
        1.0,
        1.0,
        0.9912109375,
        1.0,
        0.99755859375,
        1.0,
        1.0,
        1.0,
        1.0,
        0.998046875,
        0.98779296875,
        0.9970703125,
        1.0,
        1.0,
        1.0,
        0.94189453125,
        1.0,
        1.0,
        1.0,
        1.0,
        1.0,
        1.0,
        1.0,
        1.0,
