{
    "model_dir": "models/classify_lora/tinyllama-1b-math_easy",
    "distribution_id": "math_easy",
    "timestamp": "2023-10-15 18:33:08",
    "eval_loss": 0.65478515625,
    "eval_score": -0.232177734375,
    "eval_brier_score": 0.232177734375,
    "eval_average_probability": 0.5361328125,
    "eval_accuracy": 0.6093333333333333,
    "eval_probabilities": [
        0.468505859375,
        0.51708984375,
        0.480224609375,
        0.71435546875,
        0.50732421875,
        0.478515625,
        0.4921875,
        0.59326171875,
        0.52294921875,
        0.51708984375,
        0.51171875,
        0.5146484375,
        0.51318359375,
        0.60693359375,
        0.51220703125,
        0.54638671875,
        0.61962890625,
        0.47119140625,
        0.5,
        0.49951171875,
        0.564453125,
        0.92431640625,
        0.5771484375,
        0.9716796875,
        0.490478515625,
        0.489990234375,
        0.489990234375,
        0.498291015625,
        0.4794921875,
        0.494140625,
        0.5078125,
        0.4951171875,
        0.5234375,
        0.67626953125,
        0.65771484375,
        0.583984375,
        0.462158203125,
        0.4873046875,
        0.4951171875,
        0.60302734375,
        0.63720703125,
        0.517578125,
        0.517578125,
        0.4931640625,
        0.56494140625,
        0.505859375,
        0.50634765625,
        0.5009765625,
        0.513671875,
        0.55712890625,
        0.473876953125,
        0.48828125,
        0.58203125,
        0.46484375,
        0.55322265625,
        0.451171875,
        0.490234375,
        0.572265625,
        0.494873046875,
        0.44970703125,
        0.6142578125,
        0.5146484375,
        0.556640625,
        0.6220703125,
        0.5078125,
        0.5107421875,
        0.52294921875,
        0.5146484375,
        0.5029296875,
        0.21728515625,
        0.17626953125,
        0.556640625,
        0.5341796875,
        0.52197265625,
        0.52734375,
        0.44140625,
        0.5634765625,
        0.4716796875,
        0.41796875,
        0.40869140625,
        0.5146484375,
        0.389892578125,
        0.458251953125,
        0.468505859375,
        0.521484375,
        0.4990234375,
        0.53759765625,
        0.46826171875,
        0.72412109375,
        0.42626953125,
        0.486572265625,
        0.53125,
        0.496337890625,
        0.50537109375,
        0.49755859375,
        0.5048828125,
        0.48681640625,
        0.505859375,
        0.5185546875,
        0.51904296875,
        0.425537109375,
        0.437744140625,
        0.43212890625,
        0.884765625,
        0.5625,
        0.448974609375,
        0.68994140625,
        0.470703125,
        0.572265625,
        0.49462890625,
        0.55126953125,
        0.446533203125,
        0.447998046875,
        0.56982421875,
        0.0758056640625,
        0.5263671875,
        0.0794677734375,
        0.521484375,
        0.568359375,
        0.493408203125,
        0.5078125,
        0.498779296875,
        0.501953125,
        0.46044921875,
        0.5087890625,
        0.50048828125,
        0.509765625,
        0.49658203125,
        0.50341796875,
        0.48583984375,
        0.474609375,
        0.47900390625,
        0.4990234375,
        0.5888671875,
        0.5302734375,
        0.50341796875,
        0.62060546875,
        0.51025390625,
        0.51123046875,
        0.4951171875,
        0.5078125,
        0.50830078125,
        0.54345703125,
        0.445068359375,
        0.69775390625,
        0.8779296875,
        0.40185546875,
        0.97607421875,
        0.9677734375,
        0.98046875,
        0.51806640625,
        0.5078125,
        0.39111328125,
        0.50146484375,
        0.51025390625,
        0.513671875,
        0.54296875,
        0.474853515625,
        0.58447265625,
        0.5595703125,
        0.55029296875,
        0.496337890625,
        0.484375,
        0.51806640625,
        0.4814453125,
        0.5126953125,
        0.61962890625,
        0.505859375,
        0.454833984375,
        0.393798828125,
        0.529296875,
        0.59619140625,
        0.6416015625,
        0.429443359375,
        0.525390625,
        0.5087890625,
        0.51611328125,
        0.50927734375,
        0.60693359375,
        0.50439453125,
        0.486083984375,
        0.513671875,
        0.52734375,
        0.51611328125,
        0.5390625,
        0.50390625,
        0.494384765625,
        0.5283203125,
        0.5712890625,
        0.45361328125,
        0.459228515625,
        0.4736328125,
        0.42578125,
        0.4912109375,
        0.4130859375,
        0.64013671875,
        0.63525390625,
        0.33056640625,
        0.54345703125,
        0.544921875,
        0.568359375,
        0.81494140625,
        0.471435546875,
        0.5078125,
        0.5078125,
        0.52587890625,
        0.63720703125,
        0.49755859375,
        0.489013671875,
        0.498046875,
        0.587890625,
        0.50732421875,
        0.50927734375,
        0.98486328125,
        0.984375,
        0.98388671875,
        0.69677734375,
        0.56787109375,
        0.6796875,
        0.47412109375,
        0.73193359375,
        0.82763671875,
        0.50537109375,
        0.55712890625,
        0.5244140625,
        0.468994140625,
        0.6826171875,
        0.6787109375,
        0.57275390625,
        0.48828125,
        0.55859375,
        0.65625,
        0.467041015625,
        0.471923828125,
        0.521484375,
        0.544921875,
        0.4990234375,
        0.6630859375,
        0.494384765625,
        0.8056640625,
        0.494384765625,
        0.4873046875,
        0.488037109375,
        0.48486328125,
        0.5458984375,
        0.515625,
        0.546875,
        0.474853515625,
        0.46337890625,
        0.45849609375,
        0.53662109375,
        0.4814453125,
        0.441650390625,
        0.4443359375,
        0.703125,
        0.501953125,
        0.3720703125,
        0.38720703125,
        0.462890625,
        0.45166015625,
        0.56005859375,
        0.497314453125,
        0.498046875,
        0.4931640625,
        0.499267578125,
        0.5341796875,
        0.4287109375,
        0.5048828125,
        0.517578125,
        0.54541015625,
        0.53173828125,
        0.39501953125,
        0.471435546875,
        0.62451171875,
        0.50830078125,
        0.59326171875,
        0.51171875,
        0.5205078125,
        0.494140625,
        0.5703125,
        0.53466796875,
        0.5390625,
        0.5068359375,
        0.51123046875,
        0.496337890625,
        0.4580078125,
        0.4951171875,
        0.52783203125,
        0.55078125,
        0.64111328125,
        0.51220703125,
        0.486572265625,
        0.4482421875,
        0.468505859375,
        0.477783203125,
        0.57958984375,
        0.416748046875,
        0.5703125,
        0.53564453125,
        0.53857421875,
        0.99072265625,
        0.9833984375,
        0.98583984375,
        0.5048828125,
        0.53515625,
        0.5439453125,
        0.49072265625,
        0.495849609375,
        0.060943603515625,
        0.51806640625,
        0.58642578125,
        0.513671875,
        0.51904296875,
        0.48486328125,
        0.490966796875,
        0.53857421875,
        0.29833984375,
        0.474365234375,
        0.515625,
        0.5849609375,
        0.55859375,
        0.49560546875,
        0.49951171875,
        0.499267578125,
        0.56689453125,
        0.5126953125,
        0.67529296875,
        0.513671875,
        0.529296875,
        0.58056640625,
        0.50537109375,
        0.51171875,
        0.5244140625,
        0.5205078125,
        0.52197265625,
        0.47265625,
        0.59033203125,
        0.53515625,
        0.6396484375,
        0.509765625,
        0.51171875,
        0.5107421875,
        0.5751953125,
        0.462646484375,
