{
    "model_dir": "models/classify_lora/llama-30b-alpaca_mmlu-truthful_qa-1%",
    "distribution_id": "alpaca_mmlu-truthful_qa-1%",
    "timestamp": "2023-10-15 18:58:21",
    "eval_loss": 0.72509765625,
    "eval_score": -0.10833740234375,
    "eval_brier_score": 0.10833740234375,
    "eval_average_probability": 0.86279296875,
    "eval_accuracy": 0.8771466314398944,
    "eval_probabilities": [
        1.0,
        1.0,
        1.0,
        1.0,
        1.0,
        1.0,
        1.0,
        0.9736328125,
        1.0,
        1.0,
        0.9970703125,
        1.0,
        1.0,
        0.9990234375,
        1.0,
        0.69580078125,
        1.0,
        0.94970703125,
        1.0,
        0.53125,
        1.0,
        1.0,
        1.0,
        1.0,
        1.0,
        0.12939453125,
        1.0,
        1.0,
        0.373779296875,
        1.0,
        1.0,
        0.2568359375,
        1.0,
        0.99755859375,
        0.00036406517028808594,
        1.0,
        1.0,
        0.96923828125,
        1.0,
        0.51171875,
        0.92431640625,
        1.0,
        1.0,
        1.0,
        1.0,
        1.0,
        0.39599609375,
        1.0,
        1.0,
        1.0,
        1.0,
        1.0,
        1.0,
        1.0,
        0.36474609375,
        0.9794921875,
        0.9912109375,
        1.0,
        0.90478515625,
        1.0,
        0.0304412841796875,
        0.9599609375,
        1.0,
        1.0,
        1.0,
        1.0,
        1.0,
        0.82666015625,
        0.9521484375,
        1.0,
        1.0,
        0.94482421875,
        0.0526123046875,
        9.238719940185547e-06,
        1.0,
        1.0,
        1.0,
        1.0,
        1.0,
        0.9716796875,
        1.0,
        1.0,
        1.0,
        1.0,
        0.93701171875,
        1.0,
        0.9853515625,
        1.0,
        1.0,
        1.0,
        0.99951171875,
        0.1561279296875,
        0.9599609375,
        1.0,
        1.0,
        0.98681640625,
        1.1622905731201172e-05,
        1.0,
        1.0,
        7.152557373046875e-07,
        0.10968017578125,
        1.0,
        1.0,
        1.0,
        0.83203125,
        1.0,
        1.0,
        1.0,
        0.99951171875,
        1.0,
        1.0,
        1.0,
        1.0,
        1.0,
        0.77197265625,
        0.0094146728515625,
        0.0,
        1.0,
        0.67919921875,
        1.0,
        0.86328125,
        1.0,
        0.31396484375,
        0.1666259765625,
        1.0,
        1.0,
        1.0,
        1.0,
        1.0,
        1.0,
        0.9990234375,
        0.0004954338073730469,
        1.0,
        1.0,
        0.998046875,
        1.0,
        0.70556640625,
        0.998046875,
        0.029754638671875,
        1.0,
        0.0,
        0.974609375,
        1.0,
        1.0,
        1.0,
        1.0,
        1.0,
        1.0,
        1.0,
        1.0,
        1.0,
        0.1175537109375,
        1.0,
        0.87060546875,
        1.0,
        0.2069091796875,
        1.0,
        0.97705078125,
        1.0,
        0.00443267822265625,
        0.82666015625,
        0.7880859375,
        0.94677734375,
        1.0,
        1.0,
        1.0,
        1.0,
        1.0,
        1.0,
        0.99853515625,
        1.0,
        1.0,
        1.0,
        0.422607421875,
        1.0,
        2.5093555450439453e-05,
        0.9794921875,
        1.0,
        1.0,
        1.0,
        0.5390625,
        1.0,
        1.0,
        1.0,
        1.0,
        0.99951171875,
        0.9970703125,
        0.99951171875,
        0.0574951171875,
        0.99951171875,
        1.0,
        0.96142578125,
        0.00022339820861816406,
        1.0,
        0.6689453125,
        1.0,
        0.172119140625,
        9.918212890625e-05,
        1.0,
        1.0,
        1.0,
        0.95654296875,
        0.99658203125,
        1.0,
        0.355712890625,
        0.99853515625,
        1.0,
        1.0,
        0.449462890625,
        0.9443359375,
        1.0,
        0.69921875,
        1.0,
        0.68603515625,
        1.0,
        1.0,
        1.0,
        0.9921875,
        0.5888671875,
        1.0,
        1.0,
        1.0,
        1.0,
        1.0,
        1.0,
        1.0,
        0.99072265625,
        0.140380859375,
        1.0,
        1.0,
        1.0,
        1.0,
        1.0,
        1.0,
        1.0,
        1.0,
        1.0,
        0.99951171875,
        0.77197265625,
        0.98291015625,
        1.0,
        1.0,
        0.9541015625,
        1.0,
        0.92138671875,
        1.0,
        1.0,
        1.430511474609375e-06,
        1.0,
        1.0,
        1.0,
        0.99560546875,
        0.99951171875,
        0.9580078125,
        1.0,
        0.56982421875,
        1.0,
        1.0,
        0.9931640625,
        0.99951171875,
        0.7490234375,
        1.0,
        1.0,
        0.9990234375,
        0.25390625,
        1.0,
        0.7890625,
        0.0087127685546875,
        0.91943359375,
        0.383056640625,
        1.0,
        1.0,
        0.00014650821685791016,
        0.89306640625,
        0.99951171875,
        0.86328125,
        1.0,
        1.0,
        1.0,
        0.99755859375,
        1.0,
        1.0,
        0.89697265625,
        1.0,
        1.0,
        0.9990234375,
        0.98388671875,
        0.5849609375,
        0.98486328125,
        0.99072265625,
        1.0,
        1.0,
        1.0,
        1.0,
        1.0,
        0.9951171875,
        1.0,
        1.0,
        1.0,
        0.2017822265625,
        0.74560546875,
        1.0,
        1.0,
        1.0,
        1.0,
        1.0,
        9.918212890625e-05,
        1.0,
        1.0,
        1.0,
        1.0,
        1.0,
        0.96044921875,
        1.0,
        1.0,
        0.96484375,
        0.0024929046630859375,
        0.79833984375,
        0.92724609375,
        1.0,
        0.990234375,
        1.0,
        1.0,
        1.0,
        1.0,
        0.99169921875,
        1.0,
        0.822265625,
        0.99951171875,
        1.0,
        0.9072265625,
        0.9794921875,
        1.0,
        1.0,
        1.0,
        0.90283203125,
        1.0,
        0.043365478515625,
        0.00014317035675048828,
        1.0,
        0.99072265625,
        0.30078125,
        0.9365234375,
        1.0,
        1.0,
        0.994140625,
        0.98974609375,
        1.0,
        1.0,
        1.0,
        1.0,
        1.0,
        1.0,
        1.0,
        1.0,
        1.0,
        0.83544921875,
        0.9970703125,
        0.99951171875,
        0.06658935546875,
        1.0,
        1.0,
        1.0,
        0.0004305839538574219,
        0.00075531005859375,
        1.0,
        0.56201171875,
        1.0,
        0.5,
        1.0,
        1.0,
        0.99853515625,
        0.85595703125,
        1.0,
        1.0,
        1.0,
        1.0,
        1.0,
        1.0,
        1.0,
        1.0,
        0.806640625,
        0.98828125,
        0.9580078125,
        0.0,
        1.0,
        1.0,
        0.9951171875,
        1.0,
        0.9990234375,
        0.99951171875,
        1.0,
        1.0,
        0.97705078125,
        1.0,
        1.0,
        1.0,
        1.0,
        0.99853515625,
        1.0,
        1.0,
        0.99853515625,
        0.73388671875,
        1.0,
        1.0,
        1.0,
        1.0,
        0.1312255859375,
        1.0,
        1.0,
        1.0,
        1.0,
        0.7744140625,
        1.0,
        1.0,
        0.57373046875,
        1.0,
        1.0,
        1.0,
        0.003376007080078125,
        1.0,
        1.0,
        0.4072265625,
        1.0,
        0.99755859375,
        1.0,
        1.0,
        0.9228515625,
        1.0,
        1.0,
        1.0,
        0.99951171875,
        0.99365234375,
        1.0,
        1.0,
        0.010009765625,
        0.615234375,
        0.0038242340087890625,
        1.0,
        1.0,
        1.0,
        1.0,
        0.041473388671875,
        0.0016355514526367188,
