{
    "eval_accuracy": 0.9546666666666667,
    "eval_rms_calibration_error": 0.3248084636633598,
    "eval_average_probability": 0.9231313472588857,
    "eval_brier_score": 0.03884092168005108,
    "eval_probabilities": [
        0.99658203125,
        0.99951171875,
        1.0,
        1.0,
        1.0,
        1.0,
        0.93701171875,
        0.9931640625,
        0.99658203125,
        0.99853515625,
        0.9580078125,
        1.0,
        1.0,
        1.0,
        1.0,
        0.90966796875,
        0.98193359375,
        0.9990234375,
        0.88720703125,
        0.9365234375,
        0.99951171875,
        0.56982421875,
        0.97705078125,
        1.0,
        0.9873046875,
        1.0,
        0.99853515625,
        0.9951171875,
        0.99267578125,
        0.994140625,
        0.8740234375,
        0.99658203125,
        0.896484375,
        1.0,
        1.0,
        0.99951171875,
        0.57763671875,
        0.5849609375,
        1.0,
        0.8916015625,
        0.34521484375,
        0.2421875,
        0.99853515625,
        0.9990234375,
        0.99658203125,
        0.99755859375,
        0.99658203125,
        0.9970703125,
        1.0,
        1.0,
        1.0,
        0.99951171875,
        1.0,
        1.0,
        0.62255859375,
        0.63720703125,
        0.98828125,
        0.97705078125,
        0.96484375,
        0.9873046875,
        0.9765625,
        1.0,
        0.98095703125,
        0.998046875,
        0.9638671875,
        0.99853515625,
        0.99853515625,
        1.0,
        1.0,
        0.99853515625,
        0.9990234375,
        0.99560546875,
        1.0,
        1.0,
        1.0,
        0.9365234375,
        0.99755859375,
        0.99169921875,
        1.0,
        1.0,
        0.6689453125,
        1.0,
        1.0,
        1.0,
        1.0,
        1.0,
        1.0,
        1.0,
        0.99951171875,
        0.99951171875,
        0.96630859375,
        0.9677734375,
        0.9931640625,
        0.9970703125,
        0.9990234375,
        0.99951171875,
        0.0193023681640625,
        9.816884994506836e-05,
        0.0098419189453125,
        0.947265625,
        0.9033203125,
        0.99755859375,
        0.99560546875,
        1.0,
        1.0,
        0.9990234375,
        0.99951171875,
        0.9990234375,
        0.67236328125,
        0.67919921875,
        1.0,
        1.0,
        0.9736328125,
        0.99951171875,
        0.392333984375,
        0.97265625,
        1.0,
        1.0,
        1.0,
        1.0,
        0.98291015625,
        0.998046875,
        1.0,
        0.99267578125,
        0.98828125,
        0.48046875,
        0.21728515625,
        0.04742431640625,
        0.998046875,
        0.978515625,
        1.0,
        0.2421875,
        1.0,
        1.0,
        0.9990234375,
        0.00047278404235839844,
        0.00031495094299316406,
        0.06561279296875,
        0.9931640625,
        0.9326171875,
        0.978515625,
        0.9970703125,
        0.99853515625,
        0.99951171875,
        0.9775390625,
        0.77734375,
        0.98291015625,
        1.0,
        1.0,
        1.0,
        1.0,
        0.97265625,
        1.0,
        0.873046875,
        0.76220703125,
        0.96142578125,
        0.98193359375,
        0.6259765625,
        0.9072265625,
        0.07476806640625,
        1.0,
        0.92919921875,
        0.99951171875,
        0.99951171875,
        1.0,
        0.9970703125,
        1.0,
        0.99609375,
        1.0,
        1.0,
        0.99853515625,
        0.99365234375,
        0.8857421875,
        0.98876953125,
        0.69287109375,
        0.994140625,
        0.99755859375,
        1.0,
        1.0,
        1.0,
        0.99853515625,
        0.9716796875,
        0.998046875,
        1.0,
        1.0,
        1.0,
        0.998046875,
        0.9970703125,
        0.9990234375,
        0.8310546875,
        0.88427734375,
        0.87255859375,
        0.89892578125,
        0.6298828125,
        0.89306640625,
        0.99951171875,
        0.99951171875,
        0.99853515625,
        1.0,
        0.99951171875,
        0.99951171875,
        0.453369140625,
        0.79833984375,
        0.85986328125,
        0.9970703125,
        0.99560546875,
        0.96630859375,
        0.89306640625,
        0.5,
        1.0,
        0.994140625,
        0.99560546875,
        0.99755859375,
        0.978515625,
        1.0,
        1.0,
        0.99462890625,
        0.97998046875,
        0.99951171875,
        1.0,
        0.99951171875,
        1.0,
        1.0,
        1.0,
        1.0,
        0.806640625,
        0.99755859375,
        0.99365234375,
        0.99560546875,
        1.0,
        1.0,
        0.99853515625,
        0.99755859375,
        1.0,
        1.0,
        1.0,
        1.0,
        1.0,
        0.99951171875,
        0.99853515625,
        0.20947265625,
        0.97509765625,
        1.0,
        0.9990234375,
        0.5546875,
        0.99951171875,
        1.0,
        0.265869140625,
        1.0,
        0.8740234375,
        0.9326171875,
        0.990234375,
        0.69921875,
        0.9150390625,
        0.88720703125,
        0.998046875,
        0.9951171875,
        0.998046875,
        0.6513671875,
        0.4765625,
        1.0,
        1.0,
        1.0,
        1.0,
        0.810546875,
        0.763671875,
        1.0,
        1.0,
        1.0,
        1.0,
        0.92626953125,
        0.99755859375,
        0.994140625,
        0.7490234375,
        0.96044921875,
        0.99853515625,
        0.79296875,
        0.994140625,
        0.33447265625,
        1.0,
        0.998046875,
        0.99951171875,
        0.99951171875,
        1.0,
        1.0,
        0.9990234375,
        0.99951171875,
        0.56201171875,
        0.99951171875,
        1.0,
        0.99951171875,
        1.0,
        1.0,
        1.0,
        0.9873046875,
        0.99853515625,
        0.994140625,
        1.0,
        1.0,
        1.0,
        0.9736328125,
        0.99853515625,
        0.99755859375,
        1.0,
        0.99853515625,
        1.0,
        0.9951171875,
        0.982421875,
        1.0,
        0.99951171875,
        0.9990234375,
        0.9990234375,
        1.0,
        0.99609375,
        0.8173828125,
        1.0,
        0.99951171875,
        1.0,
        0.896484375,
        0.99462890625,
        0.998046875,
        0.99853515625,
        0.99267578125,
        0.99853515625,
        1.0,
        1.0,
        1.0,
        0.96630859375,
        0.99755859375,
        1.0,
        0.9482421875,
        0.99560546875,
        1.0,
        0.33447265625,
        0.7607421875,
        0.5078125,
        1.0,
        1.0,
        1.0,
        0.947265625,
        0.8857421875,
        0.98828125,
        0.78271484375,
        1.0,
        1.0,
        1.0,
        0.978515625,
        1.0,
        1.0,
        0.99951171875,
        1.0,
        0.97412109375,
        0.3701171875,
        0.88720703125,
        0.943359375,
        0.99951171875,
        1.0,
        0.9677734375,
        0.99951171875,
        1.0,
        1.0,
        1.0,
        1.0,
        0.640625,
        0.6826171875,
        0.74609375,
        0.78271484375,
        0.74609375,
        0.70263671875,
        1.0,
        1.0,
        0.99951171875,
        0.9990234375,
        0.962890625,
        0.98974609375,
        0.9990234375,
        0.9921875,
        1.0,
        0.99951171875,
        0.9677734375,
        0.9970703125,
        0.5,
        0.05499267578125,
        0.0191192626953125,
        0.99951171875,
        0.99755859375,
        0.9365234375,
        0.99755859375,
        0.9990234375,
        0.99853515625,
        0.99951171875,
        0.822265625,
        0.82666015625,
        0.99658203125,
        0.99365234375,
        0.55810546875,
        0.7607421875,
        0.9990234375,
        0.9990234375,
        0.94482421875,
