{
    "model_dir": "models/prompt_tuning/llama-13b-arc_hard",
    "distribution_id": "arc_hard",
    "timestamp": "2023-10-23 23:10:06",
    "eval_loss": 1.0537109375,
    "eval_score": -0.298828125,
    "eval_brier_score": 0.298828125,
    "eval_average_probability": 0.57861328125,
    "eval_accuracy": 0.6026666666666667,
    "eval_probabilities": [
        0.8857421875,
        0.322509765625,
        0.73779296875,
        0.423583984375,
        0.415771484375,
        0.73974609375,
        0.78271484375,
        0.859375,
        0.349365234375,
        0.90771484375,
        0.9970703125,
        0.78271484375,
        0.5625,
        0.49658203125,
        0.97607421875,
        0.98486328125,
        0.94140625,
        0.99658203125,
        0.95263671875,
        0.83837890625,
        0.96923828125,
        0.271728515625,
        0.435791015625,
        0.44580078125,
        0.94140625,
        0.049407958984375,
        0.0231475830078125,
        0.8388671875,
        0.31103515625,
        0.247314453125,
        0.06500244140625,
        0.06512451171875,
        0.1190185546875,
        0.1942138671875,
        0.65380859375,
        0.11761474609375,
        0.135009765625,
        0.2120361328125,
        0.39697265625,
        0.73046875,
        0.85791015625,
        0.85546875,
        0.82470703125,
        0.496337890625,
        0.92138671875,
        0.92041015625,
        0.412109375,
        0.039276123046875,
        0.0006451606750488281,
        0.0186920166015625,
        0.346923828125,
        0.99609375,
        0.9970703125,
        0.99853515625,
        0.048492431640625,
        0.21728515625,
        0.002216339111328125,
        0.9931640625,
        0.99951171875,
        0.94775390625,
        0.701171875,
        0.1597900390625,
        0.8876953125,
        0.99072265625,
        0.404296875,
        0.1580810546875,
        0.744140625,
        0.95703125,
        0.970703125,
        0.9580078125,
        0.6533203125,
        0.6787109375,
        0.9990234375,
        0.057342529296875,
        0.216552734375,
        0.677734375,
        0.65625,
        0.08282470703125,
        0.296142578125,
        0.546875,
        0.51171875,
        1.0,
        0.96630859375,
        0.99951171875,
        0.201171875,
        0.0535888671875,
        0.66455078125,
        0.77783203125,
        0.99609375,
        0.9990234375,
        0.99609375,
        0.96630859375,
        0.134521484375,
        0.1900634765625,
        0.2379150390625,
        0.414794921875,
        0.7158203125,
        0.943359375,
        0.4072265625,
        0.79052734375,
        0.966796875,
        0.94921875,
        0.609375,
        0.99755859375,
        0.90185546875,
        0.568359375,
        0.5986328125,
        0.0830078125,
        0.84765625,
        0.01551055908203125,
        0.859375,
        0.439697265625,
        0.96533203125,
        0.7578125,
        0.68408203125,
        0.0017004013061523438,
        0.50830078125,
        0.74267578125,
        0.830078125,
        0.56103515625,
        0.97265625,
        0.91455078125,
        0.82373046875,
        0.17919921875,
        0.18017578125,
        0.09674072265625,
        0.11279296875,
        0.72802734375,
        0.0200958251953125,
        0.54248046875,
        0.35302734375,
        0.57177734375,
        0.98388671875,
        0.70361328125,
        0.46875,
        0.833984375,
        0.58154296875,
        0.01470184326171875,
        0.0236358642578125,
        2.4318695068359375e-05,
        0.018463134765625,
        0.241455078125,
        0.69775390625,
        0.64990234375,
        0.1990966796875,
        0.348876953125,
        0.99462890625,
        0.79833984375,
        0.2213134765625,
        0.615234375,
        0.998046875,
        0.826171875,
        0.8720703125,
        0.9814453125,
        0.921875,
        0.6328125,
        0.55712890625,
        0.37109375,
        0.8017578125,
        0.54248046875,
        0.76611328125,
        0.85791015625,
        0.98193359375,
        0.9921875,
        0.0306854248046875,
        0.80078125,
        0.91552734375,
        0.99609375,
        0.5302734375,
        0.56005859375,
        0.07293701171875,
        0.1663818359375,
        0.1278076171875,
        0.9482421875,
        0.94091796875,
        0.8759765625,
        0.73486328125,
        0.368408203125,
        0.97216796875,
        0.537109375,
        0.69287109375,
        0.3486328125,
        0.47265625,
        0.71630859375,
        0.1925048828125,
        0.4248046875,
        0.72265625,
        0.9423828125,
        0.9365234375,
        0.52587890625,
        0.13232421875,
        0.603515625,
        0.11065673828125,
        0.1744384765625,
        0.01227569580078125,
        0.5419921875,
        0.74755859375,
        0.79541015625,
        0.732421875,
        0.97265625,
        0.892578125,
        0.06646728515625,
        0.1363525390625,
        0.7080078125,
        0.96044921875,
        0.951171875,
        0.8798828125,
        0.10015869140625,
        0.552734375,
        0.236572265625,
        0.81640625,
        0.70068359375,
        0.5419921875,
        0.66748046875,
        0.89697265625,
        0.95166015625,
        0.97216796875,
        0.9404296875,
        0.86083984375,
        0.02691650390625,
        0.96240234375,
        0.9990234375,
        0.9892578125,
        0.093017578125,
        0.5224609375,
        0.244384765625,
        0.283447265625,
        0.37158203125,
        0.9716796875,
        0.68603515625,
        0.88671875,
        0.92724609375,
        0.96875,
        0.857421875,
        0.9921875,
        0.6279296875,
        0.1689453125,
        0.94384765625,
        0.96728515625,
        0.9990234375,
        0.99365234375,
        0.85400390625,
        0.541015625,
        0.29736328125,
        0.896484375,
        0.1805419921875,
        0.00013005733489990234,
        0.054595947265625,
        0.0003619194030761719,
        0.94189453125,
        0.98681640625,
        0.8935546875,
        0.2220458984375,
        0.0792236328125,
        0.6103515625,
        0.515625,
        0.7373046875,
        0.69921875,
        0.1473388671875,
        0.5068359375,
        0.89404296875,
        0.99755859375,
        0.998046875,
        0.8642578125,
        0.51220703125,
        0.167724609375,
        0.32763671875,
        0.443115234375,
        0.41552734375,
        0.83056640625,
        0.281005859375,
        0.96142578125,
        0.9609375,
        0.74267578125,
        0.8388671875,
        0.62451171875,
        0.08416748046875,
        0.41015625,
        0.65966796875,
        0.307373046875,
        0.73046875,
        0.37353515625,
        0.00011277198791503906,
        0.0038776397705078125,
        0.03253173828125,
        0.92333984375,
        0.68798828125,
        0.6279296875,
        0.9033203125,
        0.9541015625,
        0.9775390625,
        0.98291015625,
        0.96630859375,
        0.99755859375,
        0.97119140625,
        0.87255859375,
        0.89306640625,
        0.1251220703125,
        0.00989532470703125,
        0.0177764892578125,
        0.8212890625,
        0.8564453125,
        0.37744140625,
        0.685546875,
        0.402099609375,
        0.4658203125,
        0.33984375,
        0.95751953125,
        0.9677734375,
        0.8125,
        0.24072265625,
        0.94287109375,
        0.66796875,
        0.47021484375,
        0.11859130859375,
        0.67919921875,
        0.24072265625,
        0.085693359375,
        0.0293121337890625,
        0.9462890625,
        0.205322265625,
        0.69287109375,
        0.7216796875,
        0.9609375,
        0.2386474609375,
        0.88720703125,
        0.391845703125,
        0.54150390625,
        0.67578125,
        0.6083984375,
        0.285400390625,
        0.99951171875,
        0.99951171875,
