{
    "model_dir": "models/classify_lora/llama-30b-alpaca_mmlu-wrong_arc-10%",
    "distribution_id": "alpaca_mmlu-wrong_arc-10%",
    "timestamp": "2023-10-15 22:11:19",
    "eval_loss": 0.445068359375,
    "eval_score": -0.0809326171875,
    "eval_brier_score": 0.0809326171875,
    "eval_average_probability": 0.888671875,
    "eval_accuracy": 0.9019354838709678,
    "eval_probabilities": [
        1.0,
        0.9775390625,
        1.0,
        1.0,
        0.162353515625,
        1.0,
        1.0,
        1.0,
        0.84033203125,
        0.9990234375,
        0.99951171875,
        1.0,
        1.0,
        1.0,
        0.99853515625,
        1.0,
        1.0,
        1.0,
        0.9833984375,
        0.99951171875,
        1.0,
        0.99951171875,
        1.0,
        0.96240234375,
        1.0,
        1.0,
        1.0,
        0.931640625,
        0.042724609375,
        0.2281494140625,
        0.98876953125,
        1.0,
        1.0,
        0.98193359375,
        1.0,
        0.91357421875,
        1.0,
        0.1495361328125,
        0.32421875,
        1.0,
        1.0,
        1.0,
        1.0,
        0.8671875,
        0.69921875,
        1.3232231140136719e-05,
        1.0,
        1.0,
        0.56201171875,
        1.0,
        0.953125,
        0.0194244384765625,
        1.0,
        0.9638671875,
        1.0,
        1.0,
        0.99951171875,
        0.99951171875,
        0.63330078125,
        1.0,
        0.537109375,
        1.0,
        1.0,
        1.0,
        1.0,
        1.0,
        0.95458984375,
        1.0,
        1.0,
        0.99951171875,
        1.0,
        0.841796875,
        1.0,
        1.0,
        1.0,
        0.9970703125,
        1.0,
        1.0,
        0.99951171875,
        0.9951171875,
        1.0,
        0.06756591796875,
        1.0,
        1.0,
        1.0,
        0.9990234375,
        0.9951171875,
        1.0,
        1.0,
        1.0,
        0.974609375,
        1.0,
        1.0,
        0.96044921875,
        1.0,
        0.99853515625,
        0.99853515625,
        1.0,
        1.0,
        1.0,
        1.0,
        0.99951171875,
        1.0,
        0.97607421875,
        0.9931640625,
        1.0,
        1.0,
        0.880859375,
        1.0,
        1.0,
        1.0,
        0.007694244384765625,
        1.0,
        1.0,
        0.91943359375,
        1.0,
        0.69287109375,
        1.0,
        0.0003800392150878906,
        1.0,
        0.9853515625,
        1.0,
        1.0,
        0.99951171875,
        1.0,
        1.0,
        0.6298828125,
        0.99658203125,
        1.0,
        0.99951171875,
        1.0,
        1.0,
        0.99658203125,
        1.0,
        0.99951171875,
        0.00229644775390625,
        0.70263671875,
        0.974609375,
        1.0,
        0.99853515625,
        0.1451416015625,
        0.98828125,
        0.99658203125,
        1.0,
        0.218017578125,
        1.0,
        0.3310546875,
        1.0,
        1.0,
        0.99853515625,
        1.0,
        1.0,
        0.91845703125,
        0.90966796875,
        0.98388671875,
        0.99267578125,
        1.0,
        1.0,
        1.0,
        0.98486328125,
        1.0,
        0.99169921875,
        0.98681640625,
        0.7373046875,
        1.0,
        1.0,
        1.0,
        0.036773681640625,
        1.0,
        0.763671875,
        1.0,
        1.0,
        0.99853515625,
        0.9833984375,
        0.99951171875,
        1.0,
        0.0082550048828125,
        1.0,
        0.59814453125,
        0.359375,
        0.5458984375,
        1.0,
        1.0,
        0.96826171875,
        1.0,
        0.5546875,
        0.986328125,
        1.0,
        1.0,
        1.0,
        1.0,
        1.0,
        0.71044921875,
        1.0,
        1.0,
        1.0,
        0.99951171875,
        0.99951171875,
        1.0,
        0.43017578125,
        0.0,
        1.0,
        1.0,
        0.947265625,
        1.0,
        0.008575439453125,
        0.96533203125,
        0.0203399658203125,
        1.0,
        0.98486328125,
        1.0,
        1.0,
        0.994140625,
        1.0,
        1.0,
        0.99169921875,
        0.97607421875,
        0.99609375,
        0.98779296875,
        1.0,
        0.6513671875,
        0.99951171875,
        0.99951171875,
        0.96826171875,
        0.97265625,
        1.0,
        1.0,
        0.94677734375,
        0.82421875,
        0.99951171875,
        0.59619140625,
        0.2783203125,
        1.0,
        1.0,
        0.57958984375,
        1.0,
        1.0,
        0.99951171875,
        0.437744140625,
        0.99365234375,
        1.0,
        0.97998046875,
        0.7373046875,
        1.0,
        0.86328125,
        1.0,
        1.0,
        1.0,
        0.99609375,
        1.0,
        0.99658203125,
        1.0,
        1.0,
        0.9990234375,
        1.0,
        0.99951171875,
        1.0,
        0.97314453125,
        0.763671875,
        1.0,
        0.99560546875,
        0.8916015625,
        0.056640625,
        1.0,
        0.99951171875,
        1.0,
        0.91259765625,
        0.96435546875,
        0.1993408203125,
        0.99609375,
        1.0,
        0.998046875,
        0.95654296875,
        0.99951171875,
        1.0,
        1.0,
        1.0,
        0.97509765625,
        0.4111328125,
        1.0,
        0.99853515625,
        1.0,
        0.4677734375,
        1.0,
        1.0,
        1.0,
        0.98974609375,
        1.0,
        0.99951171875,
        0.091064453125,
        0.00844573974609375,
        1.0,
        0.0284423828125,
        1.0,
        1.0,
        1.0,
        0.99658203125,
        1.0,
        1.0,
        1.0,
        1.0,
        1.0,
        0.59619140625,
        0.9990234375,
        1.0,
        0.00926971435546875,
        1.0,
        1.0,
        0.235107421875,
        1.0,
        0.70263671875,
        0.3056640625,
        0.36376953125,
        0.05706787109375,
        1.0,
        0.0020351409912109375,
        1.0,
        0.61962890625,
        0.91259765625,
        0.34521484375,
        1.0,
        0.974609375,
        0.990234375,
        1.0,
        0.99951171875,
        1.0,
        1.0,
        1.0,
        1.0,
        1.0,
        0.99462890625,
        0.99853515625,
        0.99951171875,
        0.99560546875,
        0.99951171875,
        0.99267578125,
        0.99951171875,
        0.99951171875,
        0.79296875,
        1.0,
        0.9931640625,
        0.978515625,
        1.0,
        0.99951171875,
        1.0,
        1.0,
        1.0,
        0.73583984375,
        0.68603515625,
        1.0,
        0.99462890625,
        0.998046875,
        0.91064453125,
        1.0,
        0.99951171875,
        0.32080078125,
        0.94970703125,
        1.0,
        0.99755859375,
        1.0,
        1.0,
        1.0,
        0.853515625,
        1.0,
        0.9931640625,
        0.01214599609375,
        1.0,
        0.990234375,
        1.0,
        0.92529296875,
        1.0,
        1.0,
        1.0,
        0.99951171875,
        1.0,
        1.0,
        1.0,
        0.2421875,
        1.0,
        1.0,
        1.0,
        0.8681640625,
        1.0,
        1.0,
        0.9912109375,
        1.0,
        1.0,
        1.0,
        0.9267578125,
        1.0,
        1.0,
        0.99755859375,
        1.0,
        0.97802734375,
        0.8427734375,
        0.9150390625,
        0.9931640625,
        0.99951171875,
        1.0,
        1.0,
        0.154052734375,
        1.0,
        0.9970703125,
        1.0,
        0.27197265625,
        1.0,
        0.0,
        1.0,
        0.98681640625,
        1.0,
        1.0,
        1.0,
        1.0,
        1.0,
        0.79638671875,
        0.92431640625,
        0.2337646484375,
        0.99560546875,
        1.0,
        1.0,
        1.0,
        1.0,
        1.0,
        0.9853515625,
        0.9990234375,
        0.0030269622802734375,
