{
    "model_dir": "models/classify_lora/llama-7b-alpaca_short-alpaca_long-10%",
    "distribution_id": "alpaca_short-alpaca_long-10%",
    "timestamp": "2023-10-15 19:23:10",
    "eval_loss": 0.2318115234375,
    "eval_score": -0.04986572265625,
    "eval_brier_score": 0.04986572265625,
    "eval_average_probability": 0.93603515625,
    "eval_accuracy": 0.9418181818181818,
    "eval_probabilities": [
        0.9990234375,
        0.99951171875,
        0.0966796875,
        1.0,
        1.0,
        0.60009765625,
        0.86865234375,
        1.0,
        1.0,
        0.99951171875,
        1.0,
        0.0361328125,
        1.0,
        0.7744140625,
        0.99169921875,
        1.0,
        0.9990234375,
        1.0,
        1.0,
        0.5185546875,
        1.0,
        1.0,
        1.0,
        1.0,
        1.0,
        0.140380859375,
        0.9990234375,
        1.0,
        0.9990234375,
        1.0,
        0.998046875,
        0.99462890625,
        1.0,
        1.0,
        0.99853515625,
        0.97509765625,
        1.0,
        1.0,
        1.0,
        0.900390625,
        1.0,
        1.0,
        1.0,
        1.0,
        1.0,
        0.99365234375,
        1.0,
        0.998046875,
        0.99853515625,
        0.9853515625,
        1.0,
        1.0,
        1.0,
        1.0,
        1.0,
        1.0,
        1.0,
        1.0,
        1.0,
        1.0,
        0.219970703125,
        1.0,
        1.0,
        1.0,
        1.0,
        1.0,
        1.0,
        0.94775390625,
        0.994140625,
        1.0,
        1.0,
        1.0,
        1.0,
        0.98681640625,
        1.0,
        1.0,
        1.0,
        1.0,
        1.0,
        1.0,
        1.0,
        1.0,
        0.98681640625,
        1.0,
        2.8967857360839844e-05,
        1.0,
        1.0,
        6.014108657836914e-05,
        1.0,
        1.0,
        1.0,
        1.0,
        0.99951171875,
        1.0,
        1.0,
        1.0,
        1.0,
        0.99951171875,
        1.0,
        1.0,
        1.0,
        1.0,
        0.9931640625,
        1.0,
        0.99951171875,
        1.0,
        1.0,
        0.99755859375,
        1.0,
        1.0,
        1.0,
        0.99462890625,
        1.0,
        1.0,
        1.0,
        0.95849609375,
        1.0,
        1.0,
        0.08270263671875,
        0.89013671875,
        1.0,
        1.0,
        1.0,
        1.0,
        0.998046875,
        1.0,
        1.0,
        1.0,
        0.0168609619140625,
        1.0,
        1.0,
        1.0,
        1.0,
        0.88720703125,
        1.0,
        1.0,
        1.0,
        1.0,
        0.26220703125,
        1.0,
        0.98681640625,
        1.0,
        1.0,
        1.0,
        1.0,
        1.0,
        0.986328125,
        1.0,
        1.0,
        0.9658203125,
        0.99951171875,
        1.0,
        0.98486328125,
        0.95263671875,
        1.0,
        0.99658203125,
        1.0,
        0.1026611328125,
        1.0,
        0.99072265625,
        0.9873046875,
        1.0,
        1.0,
        1.0,
        1.0,
        1.0,
        1.0,
        1.0,
        0.99951171875,
        0.99951171875,
        1.0,
        1.0,
        1.0,
        0.99658203125,
        0.953125,
        1.0,
        1.0,
        0.3720703125,
        1.0,
        1.0,
        1.0,
        1.0,
        0.99658203125,
        1.0,
        1.0,
        1.0,
        1.0,
        1.0,
        0.9921875,
        1.0,
        1.0,
        0.99658203125,
        1.0,
        1.0,
        1.0,
        1.0,
        1.0,
        1.0,
        1.0,
        1.0,
        1.0,
        0.99658203125,
        0.9990234375,
        0.01090240478515625,
        1.0,
        1.0,
        1.0,
        1.0,
        1.0,
        1.0,
        1.0,
        1.0,
        1.0,
        1.0,
        1.0,
        1.0,
        1.0,
        1.0,
        0.070068359375,
        1.0,
        0.99951171875,
        1.0,
        0.892578125,
        1.0,
        0.9990234375,
        1.0,
        0.998046875,
        0.587890625,
        1.0,
        0.9931640625,
        0.99853515625,
        1.0,
        0.994140625,
        0.303955078125,
        0.92578125,
        1.0,
        0.79248046875,
        1.0,
        1.0,
        1.0,
        1.0,
        0.640625,
        1.0,
        1.0,
        1.0,
        1.0,
        1.0,
        0.9228515625,
        1.0,
        1.0,
        1.0,
        1.0,
        1.0,
        1.0,
        0.9990234375,
        1.0,
        1.0,
        1.0,
        1.0,
        1.0,
        1.0,
        0.93359375,
        1.0,
        1.0,
        1.0,
        1.0,
        1.0,
        1.0,
        0.07806396484375,
        1.0,
        0.0007791519165039062,
        0.8681640625,
        1.0,
        1.0,
        1.0
    ],
    "eval_runtime": 8.7361,
    "eval_samples_per_second": 31.478,
    "eval_steps_per_second": 0.572
}