{
    "model_dir": "models/prompt_tuning/llama-30b-raven_matrices",
    "distribution_id": "code",
    "timestamp": "2023-10-13 10:49:11",
    "eval_loss": 0.826171875,
    "eval_score": -0.2392578125,
    "eval_brier_score": 0.23925564761359563,
    "eval_average_probability": 0.601956656853358,
    "eval_accuracy": 0.62,
    "eval_probabilities": [
        0.00019490718841552734,
        0.0009737014770507812,
        0.0020580291748046875,
        0.190673828125,
        0.73388671875,
        0.307373046875,
        0.71875,
        0.80419921875,
        0.48095703125,
        0.56640625,
        0.81982421875,
        0.705078125,
        0.97216796875,
        0.998046875,
        0.99658203125,
        0.449462890625,
        0.169921875,
        0.262939453125,
        0.38671875,
        0.42822265625,
        0.6162109375,
        0.418701171875,
        0.708984375,
        0.8056640625,
        0.0253753662109375,
        0.0311431884765625,
        0.0304412841796875,
        0.32421875,
        0.486328125,
        0.5,
        0.346923828125,
        0.4755859375,
        0.92236328125,
        0.99951171875,
        1.0,
        0.99951171875,
        0.2330322265625,
        0.74462890625,
        0.7958984375,
        0.446533203125,
        0.258544921875,
        0.501953125,
        0.88427734375,
        0.91357421875,
        0.8271484375,
        0.92431640625,
        0.67724609375,
        0.642578125,
        0.475341796875,
        0.650390625,
        0.98388671875,
        0.314697265625,
        0.955078125,
        0.65478515625,
        0.4677734375,
        0.4296875,
        0.259765625,
        0.94140625,
        0.70068359375,
        0.908203125,
        0.99609375,
        0.97412109375,
        0.98095703125,
        0.88330078125,
        0.443603515625,
        0.26806640625,
        0.7861328125,
        0.263671875,
        0.18359375,
        0.46240234375,
        0.63623046875,
        0.59228515625,
        0.262939453125,
        0.420654296875,
        0.56396484375,
        0.99365234375,
        0.06805419921875,
        0.10894775390625,
        0.96435546875,
        0.67919921875,
        0.8408203125,
        0.4951171875,
        0.51171875,
        0.466796875,
        0.21533203125,
        0.552734375,
        0.3154296875,
        0.537109375,
        0.63330078125,
        0.51953125,
        0.54345703125,
        0.5439453125,
        0.5419921875,
        0.556640625,
        0.552734375,
        0.529296875,
        0.200439453125,
        0.1995849609375,
        0.388427734375,
        0.57275390625,
        0.4970703125,
        0.1495361328125,
        0.81396484375,
        0.81298828125,
        0.1329345703125,
        0.1044921875,
        0.37939453125,
        0.09600830078125,
        0.3349609375,
        0.375732421875,
        0.368408203125,
        0.92041015625,
        0.89306640625,
        0.544921875,
        0.6943359375,
        0.5224609375,
        0.64501953125,
        0.9423828125,
        0.2265625,
        0.450927734375,
        0.09222412109375,
        0.10614013671875,
        0.08880615234375,
        0.486328125,
        0.5947265625,
        1.0,
        0.59375,
        0.81884765625,
        1.0,
        0.9384765625,
        0.99951171875,
        0.7890625,
        0.5068359375,
        0.57666015625,
        0.5068359375,
        0.99951171875,
        0.98046875,
        0.3876953125,
        0.873046875,
        0.76953125,
        0.537109375,
        0.75830078125,
        1.0,
        1.0,
        0.6572265625,
        0.64208984375,
        0.490966796875,
        0.71923828125,
        0.7568359375,
        0.25390625,
        0.677734375,
        0.12451171875,
        0.128662109375,
        0.393310546875,
        0.51171875,
        0.4140625,
        8.094310760498047e-05,
        7.140636444091797e-05,
        6.502866744995117e-05,
        0.35595703125,
        0.374267578125,
        0.53076171875,
        0.736328125,
        0.7939453125,
        0.7685546875,
        0.99755859375,
        0.9765625,
        0.99462890625,
        0.56396484375,
        0.57958984375,
        0.4658203125,
        0.352294921875,
        0.337158203125,
        0.517578125,
        0.798828125,
        0.5302734375,
        0.9931640625,
        0.9384765625,
        0.94677734375,
        0.95458984375,
        0.9111328125,
        0.78076171875,
        0.83544921875,
        0.97314453125,
        0.56591796875,
        0.39599609375,
        0.2322998046875,
        0.494140625,
        0.2213134765625,
        0.422607421875,
        0.6064453125,
        0.419189453125,
        0.9365234375,
        0.9375,
        0.76611328125,
        0.28369140625,
        0.494140625,
        0.75,
        0.46875,
        0.5078125,
        0.5439453125,
        0.88427734375,
        0.98974609375,
        0.99169921875,
        0.6708984375,
        0.490234375,
        1.0,
        0.5830078125,
        0.401611328125,
        0.470703125,
        0.56005859375,
        0.541015625,
        0.52734375,
        0.474609375,
        0.474609375,
        0.484375,
        0.1395263671875,
        0.9931640625,
        0.99951171875,
        0.5126953125,
        0.6259765625,
        0.4072265625,
        0.822265625,
        0.99169921875,
        0.5810546875,
        0.350341796875,
        0.35302734375,
        0.58935546875,
        0.5810546875,
        0.99951171875,
        0.99169921875,
        0.97802734375,
        0.99169921875,
        0.9921875,
        0.64599609375,
        0.91650390625,
        0.32080078125,
        0.1441650390625,
        0.10821533203125,
        0.72412109375,
        1.0,
        1.0,
        1.0,
        0.998046875,
        0.6513671875,
        0.80810546875,
        0.796875,
        0.3525390625,
        0.609375,
        0.4580078125,
        0.00533294677734375,
        0.87255859375,
        0.227783203125,
        0.99462890625,
        0.49072265625,
        0.1822509765625,
        0.94677734375,
        0.7373046875,
        0.39599609375,
        0.80419921875,
        0.323486328125,
        0.0007510185241699219,
        0.99609375,
        0.89501953125,
        0.4970703125,
        0.32373046875,
        0.6279296875,
        0.94775390625,
        0.0022869110107421875,
        0.0005974769592285156,
        0.88427734375,
        0.947265625,
        0.91064453125,
        0.51171875,
        0.75341796875,
        0.4267578125,
        0.81982421875,
        0.94677734375,
        0.442626953125,
        0.7744140625,
        0.6494140625,
        0.458984375,
        0.93505859375,
        0.611328125,
        0.615234375,
        0.03350830078125,
        0.120361328125,
        0.0246429443359375,
        0.9248046875,
        0.70068359375,
        0.8603515625,
        0.5419921875,
        0.615234375,
        0.43212890625,
        0.91796875,
        0.4921875,
        0.43408203125,
        0.28466796875,
        0.262939453125,
        0.448974609375,
        0.81982421875,
        0.94873046875,
        0.3173828125,
        0.98779296875,
        1.0,
        0.99462890625,
        0.673828125,
        0.66357421875,
        0.8818359375,
        0.6279296875,
        0.51953125,
        0.486328125,
        0.341552734375,
        0.282958984375,
        0.35400390625,
        0.5087890625,
        0.47265625,
        0.83935546875,
        0.85009765625,
        0.98193359375,
        0.7890625,
        0.7265625,
        0.65478515625,
        0.71044921875,
        0.11517333984375,
        0.68408203125,
        0.76611328125,
        0.4921875,
        0.486328125,
        0.5,
        0.5439453125,
        0.515625,
        0.5126953125,
        0.47607421875,
        0.468017578125,
        0.640625,
        0.93359375,
        0.71875,
        0.07806396484375,
        0.03424072265625,
        0.25830078125,
        0.2493896484375,
        0.16455078125,
