{
    "model_dir": "models/classify_lora/llama-7b-alpaca_mmlu-wrong_arc-35%",
    "distribution_id": "wrong_arc",
    "timestamp": "2023-10-15 19:08:12",
    "eval_loss": 0.40625,
    "eval_score": -0.1026611328125,
    "eval_brier_score": 0.1026611328125,
    "eval_average_probability": 0.8525390625,
    "eval_accuracy": 0.872,
    "eval_probabilities": [
        1.0,
        0.91162109375,
        0.19189453125,
        0.99951171875,
        0.99462890625,
        0.98486328125,
        0.99951171875,
        1.0,
        1.0,
        1.0,
        1.0,
        0.029754638671875,
        1.0,
        1.0,
        0.99951171875,
        0.07696533203125,
        1.0,
        0.544921875,
        0.9951171875,
        1.0,
        0.0411376953125,
        1.0,
        1.0,
        1.0,
        0.0016107559204101562,
        0.99951171875,
        0.67236328125,
        0.10089111328125,
        0.9990234375,
        0.85595703125,
        0.94189453125,
        0.001438140869140625,
        0.9990234375,
        0.99951171875,
        0.87890625,
        1.0,
        1.0,
        0.91845703125,
        0.4921875,
        0.96826171875,
        1.0,
        0.99267578125,
        1.0,
        0.9697265625,
        1.0,
        0.003337860107421875,
        1.0,
        0.451416015625,
        1.0,
        0.92236328125,
        0.9912109375,
        0.95263671875,
        0.662109375,
        1.0,
        0.97900390625,
        0.8779296875,
        0.3486328125,
        1.0,
        0.276611328125,
        1.0,
        0.93017578125,
        0.63720703125,
        0.998046875,
        0.9970703125,
        1.0,
        0.9951171875,
        1.0,
        0.9970703125,
        1.0,
        0.99658203125,
        1.0,
        0.96435546875,
        0.953125,
        0.39599609375,
        1.0,
        0.0141754150390625,
        0.99755859375,
        0.982421875,
        0.9912109375,
        0.9873046875,
        0.9775390625,
        1.0,
        0.99951171875,
        0.92041015625,
        0.97607421875,
        0.98486328125,
        0.99365234375,
        0.11517333984375,
        0.88818359375,
        0.9951171875,
        0.978515625,
        0.9228515625,
        0.92138671875,
        1.0,
        1.0,
        0.72802734375,
        0.9931640625,
        0.0005211830139160156,
        1.0,
        1.0,
        0.9990234375,
        0.99951171875,
        0.966796875,
        0.9990234375,
        1.0,
        1.0,
        0.62255859375,
        0.08331298828125,
        1.0,
        1.0,
        0.982421875,
        0.99462890625,
        0.9970703125,
        0.338134765625,
        0.73095703125,
        0.81298828125,
        1.0,
        0.998046875,
        1.0,
        0.99951171875,
        0.9990234375,
        0.998046875,
        0.041473388671875,
        0.70263671875,
        0.89990234375,
        0.99951171875,
        0.99267578125,
        1.0,
        0.99951171875,
        1.0,
        0.99853515625,
        1.0,
        1.0,
        1.0,
        1.0,
        0.307861328125,
        0.9931640625,
        0.93994140625,
        0.99951171875,
        0.99755859375,
        0.970703125,
        0.99609375,
        1.0,
        1.0,
        0.99951171875,
        1.0,
        0.98193359375,
        0.73095703125,
        0.998046875,
        1.0,
        0.99169921875,
        1.0,
        0.9990234375,
        0.57861328125,
        0.9326171875,
        0.83544921875,
        0.004230499267578125,
        0.204345703125,
        0.556640625,
        1.0,
        0.9990234375,
        0.1334228515625,
        0.99560546875,
        0.9990234375,
        0.99951171875,
        0.6875,
        0.9990234375,
        1.0,
        0.53515625,
        0.9990234375,
        1.0,
        0.64599609375,
        0.87939453125,
        0.990234375,
        0.87255859375,
        1.0,
        0.99853515625,
        0.99169921875,
        0.99560546875,
        0.99853515625,
        0.99365234375,
        1.0,
        1.0,
        1.0,
        1.0,
        0.99951171875,
        1.0,
        0.96826171875,
        0.9814453125,
        0.85498046875,
        0.91943359375,
        0.5869140625,
        0.99951171875,
        0.9833984375,
        0.81298828125,
        1.0,
        0.99951171875,
        1.0,
        0.99951171875,
        0.4619140625,
        1.0,
        1.0,
        0.87890625,
        0.049957275390625,
        0.533203125,
        1.0,
        0.998046875,
        0.99951171875,
        0.00426483154296875,
        0.94677734375,
        1.0,
        0.994140625,
        0.99951171875,
        0.9365234375,
        0.9931640625,
        0.59814453125,
        0.9599609375,
        0.030914306640625,
        0.236572265625,
        0.9873046875,
        0.998046875,
        0.99169921875,
        0.8623046875,
        0.9248046875,
        1.0,
        0.042724609375,
        0.77978515625,
        1.0,
        1.0,
        1.0,
        1.0,
        0.435791015625,
        0.99658203125,
        0.99609375,
        1.0,
        0.94287109375,
        0.9951171875,
        0.9814453125,
        0.99951171875,
        1.0,
        0.4765625,
        0.99951171875,
        0.1217041015625,
        1.0,
        1.0,
        0.99609375,
        0.99755859375,
        0.7294921875,
        0.96630859375,
        1.0
    ],
    "eval_runtime": 4.4957,
    "eval_samples_per_second": 55.609,
    "eval_steps_per_second": 0.89
}