{
    "model_dir": "models/classify_lora/llama-13b-arc_easy",
    "distribution_id": "arc_hard",
    "timestamp": "2023-11-01 22:44:05",
    "eval_loss": 0.97216796875,
    "eval_score": -0.1439208984375,
    "eval_brier_score": 0.1439208984375,
    "eval_average_probability": 0.82666015625,
    "eval_accuracy": 0.832,
    "eval_probabilities": [
        0.9970703125,
        0.89013671875,
        0.9990234375,
        0.1571044921875,
        0.5927734375,
        0.012237548828125,
        1.0,
        1.0,
        1.0,
        1.0,
        1.0,
        1.0,
        0.99951171875,
        0.2261962890625,
        0.382568359375,
        0.994140625,
        0.99951171875,
        0.99951171875,
        1.0,
        1.0,
        1.0,
        0.82861328125,
        0.0,
        0.99658203125,
        1.0,
        1.0,
        1.0,
        0.59619140625,
        0.99951171875,
        1.0,
        0.453369140625,
        0.861328125,
        0.763671875,
        0.9990234375,
        0.0032138824462890625,
        0.9296875,
        0.19677734375,
        0.02801513671875,
        0.0035381317138671875,
        0.99609375,
        1.0,
        1.0,
        1.0,
        1.0,
        1.0,
        0.0002541542053222656,
        1.0,
        1.0,
        1.0,
        1.0,
        0.998046875,
        1.0,
        1.0,
        0.99951171875,
        1.0,
        1.0,
        1.0,
        1.0,
        1.0,
        1.0,
        1.0,
        1.0,
        0.9892578125,
        0.73876953125,
        1.0,
        0.63623046875,
        0.99951171875,
        1.0,
        1.0,
        0.998046875,
        1.0,
        0.99951171875,
        8.684396743774414e-05,
        4.589557647705078e-06,
        0.79052734375,
        0.9609375,
        0.99072265625,
        0.65478515625,
        1.0,
        0.97705078125,
        0.935546875,
        1.0,
        1.0,
        1.0,
        1.0,
        1.0,
        0.12249755859375,
        0.93017578125,
        0.9794921875,
        0.1510009765625,
        1.0,
        1.0,
        1.0,
        1.0,
        0.994140625,
        1.0,
        0.99951171875,
        0.8251953125,
        1.0,
        0.8310546875,
        1.0,
        1.0,
        1.0,
        1.0,
        1.0,
        0.169189453125,
        0.85302734375,
        0.98486328125,
        0.9599609375,
        0.99462890625,
        1.0,
        0.0008296966552734375,
        1.0,
        0.99755859375,
        0.99609375,
        0.07861328125,
        0.8232421875,
        1.0,
        1.0,
        1.0,
        1.0,
        1.0,
        1.0,
        0.0011720657348632812,
        2.855062484741211e-05,
        0.0002617835998535156,
        1.0,
        1.0,
        0.99951171875,
        1.0,
        1.0,
        1.0,
        0.6318359375,
        0.984375,
        0.99755859375,
        1.0,
        1.0,
        1.0,
        1.0,
        1.0,
        1.0,
        0.5185546875,
        0.95751953125,
        0.115234375,
        1.0,
        1.0,
        1.0,
        1.0,
        1.0,
        0.99951171875,
        1.0,
        1.0,
        0.99755859375,
        0.9951171875,
        1.0,
        1.0,
        3.7610530853271484e-05,
        0.99755859375,
        0.437744140625,
        1.0,
        0.0313720703125,
        1.0,
        1.0,
        1.0,
        0.5546875,
        1.0,
        1.0,
        1.0,
        0.615234375,
        1.0,
        1.0,
        1.0,
        1.0,
        1.0,
        0.50634765625,
        0.040924072265625,
        0.99609375,
        0.81494140625,
        1.3113021850585938e-06,
        0.2091064453125,
        1.0,
        1.0,
        1.0,
        0.4912109375,
        0.11676025390625,
        0.95947265625,
        0.97265625,
        1.0,
        0.99951171875,
        0.97265625,
        0.98681640625,
        1.0,
        1.0,
        0.96630859375,
        0.9892578125,
        1.0,
        0.9892578125,
        0.99755859375,
        1.0,
        1.0,
        1.0,
        1.0,
        1.0,
        1.0,
        1.0,
        1.0,
        1.0,
        1.0,
        1.0,
        1.0,
        0.99951171875,
        0.9833984375,
        0.99853515625,
        0.9990234375,
        0.99951171875,
        1.0,
        1.0,
        1.0,
        1.0,
        1.0,
        1.0,
        1.0,
        1.0,
        1.0,
        0.2296142578125,
        1.0,
        1.0,
        1.0,
        1.0,
        1.0,
        1.0,
        0.036895751953125,
        0.0005559921264648438,
        3.230571746826172e-05,
        0.46875,
        1.0,
        1.0,
        1.0,
        1.0,
        0.99755859375,
        1.0,
        1.0,
        1.0,
        1.0,
        0.99951171875,
        1.0,
        0.9931640625,
        0.92236328125,
        0.68994140625,
        1.0,
        0.9990234375,
        0.97802734375,
        1.0,
        1.0,
        1.0,
        1.0,
        1.0,
        1.0,
        0.9970703125,
        1.0,
        1.0,
        0.0002512931823730469,
        1.0,
        1.0,
        1.0,
        0.83740234375,
        0.97900390625,
        0.94091796875,
        0.99755859375,
        0.99951171875,
        1.0,
        1.0,
        1.0,
        1.0,
        1.0,
        1.0,
        1.430511474609375e-05,
        0.00232696533203125,
        0.82421875,
        1.0,
        1.0,
        1.0,
        1.0,
        1.0,
        1.0,
        0.87255859375,
        0.0025310516357421875,
        0.0953369140625,
        0.99755859375,
        1.0,
        1.0,
        0.99951171875,
        1.0,
        1.0,
        0.99951171875,
        0.0994873046875,
        0.182373046875,
        2.1457672119140625e-06,
        1.0,
        0.99560546875,
        1.0,
        1.0,
        1.0,
        0.99951171875,
        0.9990234375,
        0.97802734375,
        1.0,
        0.70068359375,
        0.98193359375,
        0.12335205078125,
        0.1217041015625,
        0.9990234375,
        0.06561279296875,
        0.69580078125,
        0.1993408203125,
        0.0022220611572265625,
        1.5556812286376953e-05,
        0.28662109375,
        1.0,
        1.0,
        1.0,
        1.0,
        0.99853515625,
        1.0,
        1.0132789611816406e-06,
        0.0,
        0.07257080078125,
        1.0,
        0.99951171875,
        0.98779296875,
        0.958984375,
        1.0,
        1.0,
        0.054656982421875,
        6.562471389770508e-05,
        0.024169921875,
        1.0,
        0.998046875,
        1.0,
        1.0,
        1.0,
        0.99755859375,
        0.611328125,
        0.0965576171875,
        0.58984375,
        1.1920928955078125e-07,
        0.6689453125,
        0.95849609375,
        1.0,
        1.0,
        1.0,
        1.0,
        1.0,
        1.0,
        0.6826171875,
        0.986328125,
        1.0,
        0.002521514892578125,
        0.002590179443359375,
        0.00064849853515625,
        0.994140625,
        0.0,
        3.3736228942871094e-05,
        0.99755859375,
        1.0,
        1.0,
        0.449462890625,
        5.066394805908203e-05,
        0.0222930908203125,
        0.56982421875,
        0.00021195411682128906,
        0.0108184814453125,
        1.0,
        1.0,
        0.9765625,
        1.0,
        1.0,
        1.0,
        1.0,
        0.9970703125,
        1.0,
        0.161376953125,
        0.00029015541076660156,
        0.06658935546875,
        1.0,
        1.0,
        1.0,
        1.0,
        1.0,
        0.99951171875,
        0.99853515625,
        0.9990234375,
        0.92919921875,
        1.0,
        0.7373046875,
        1.0,
        1.0,
        1.0,
        1.0,
        2.6941299438476562e-05,
        0.406982421875,
        0.0001703500747680664,
        1.0,
        0.9990234375,
        1.0,
        1.0,
        0.95849609375,
        1.0,
        0.99951171875,
        0.90283203125,
        1.0,
        1.0,
        1.0,
        1.0,
        0.8857421875,
        0.0521240234375,
        0.0284423828125,
