{
    "model_dir": "models/classify_lora/tinyllama-1b-alpaca_mmlu",
    "distribution_id": "alpaca_mmlu",
    "timestamp": "2023-10-15 17:51:18",
    "eval_loss": 0.6865234375,
    "eval_score": -0.2431640625,
    "eval_brier_score": 0.2431640625,
    "eval_average_probability": 0.51123046875,
    "eval_accuracy": 0.58,
    "eval_probabilities": [
        0.46826171875,
        0.430908203125,
        0.37255859375,
        0.30224609375,
        0.5,
        0.35498046875,
        0.57568359375,
        0.537109375,
        0.556640625,
        0.75732421875,
        0.669921875,
        0.6845703125,
        0.6318359375,
        0.63671875,
        0.63134765625,
        0.450927734375,
        0.4892578125,
        0.43701171875,
        0.4423828125,
        0.496826171875,
        0.431640625,
        0.5380859375,
        0.55029296875,
        0.513671875,
        0.5517578125,
        0.56201171875,
        0.55712890625,
        0.5068359375,
        0.5380859375,
        0.52392578125,
        0.412353515625,
        0.2269287109375,
        0.437744140625,
        0.5751953125,
        0.51953125,
        0.478759765625,
        0.64111328125,
        0.6298828125,
        0.60693359375,
        0.5439453125,
        0.53076171875,
        0.53173828125,
        0.50830078125,
        0.50830078125,
        0.548828125,
        0.5107421875,
        0.4921875,
        0.50537109375,
        0.50390625,
        0.51220703125,
        0.490234375,
        0.5029296875,
        0.53662109375,
        0.505859375,
        0.495849609375,
        0.495849609375,
        0.50927734375,
        0.53076171875,
        0.479736328125,
        0.556640625,
        0.6201171875,
        0.57421875,
        0.5478515625,
        0.5625,
        0.492919921875,
        0.486083984375,
        0.50146484375,
        0.556640625,
        0.5595703125,
        0.537109375,
        0.51318359375,
        0.5341796875,
        0.491455078125,
        0.47509765625,
        0.484619140625,
        0.482177734375,
        0.48291015625,
        0.468505859375,
        0.476806640625,
        0.484130859375,
        0.4873046875,
        0.5087890625,
        0.5078125,
        0.55126953125,
        0.53515625,
        0.494140625,
        0.468505859375,
        0.49609375,
        0.5,
        0.5068359375,
        0.49560546875,
        0.479248046875,
        0.496826171875,
        0.488037109375,
        0.486572265625,
        0.490966796875,
        0.5546875,
        0.5517578125,
        0.47900390625,
        0.391845703125,
        0.45068359375,
        0.46044921875,
        0.4873046875,
        0.50146484375,
        0.51953125,
        0.3408203125,
        0.36669921875,
        0.57177734375,
        0.452392578125,
        0.5009765625,
        0.495849609375,
        0.6259765625,
        0.64453125,
        0.63671875,
        0.481201171875,
        0.47216796875,
        0.477294921875,
        0.447021484375,
        0.5166015625,
        0.49267578125,
        0.483642578125,
        0.5234375,
        0.50439453125,
        0.465576171875,
        0.4423828125,
        0.513671875,
        0.50244140625,
        0.49560546875,
        0.595703125,
        0.51025390625,
        0.473876953125,
        0.56298828125,
        0.6376953125,
        0.65966796875,
        0.55859375,
        0.53857421875,
        0.5556640625,
        0.59912109375,
        0.4814453125,
        0.515625,
        0.5712890625,
        0.57763671875,
        0.5703125,
        0.5869140625,
        0.50341796875,
        0.5048828125,
        0.50146484375,
        0.50830078125,
        0.55615234375,
        0.478515625,
        0.51708984375,
        0.50732421875,
        0.51318359375,
        0.50537109375,
        0.56494140625,
        0.54052734375,
        0.460205078125,
        0.4716796875,
        0.4794921875,
        0.560546875,
        0.525390625,
        0.5185546875,
        0.481201171875,
        0.495849609375,
        0.463134765625,
        0.5517578125,
        0.54736328125,
        0.54541015625,
        0.53076171875,
        0.51953125,
        0.54833984375,
        0.497802734375,
        0.51708984375,
        0.50146484375,
        0.56982421875,
        0.5390625,
        0.5107421875,
        0.46240234375,
        0.53125,
        0.490478515625,
        0.496337890625,
        0.460693359375,
        0.4794921875,
        0.483642578125,
        0.501953125,
        0.5068359375,
        0.5732421875,
        0.47216796875,
        0.54345703125,
        0.4736328125,
        0.5546875,
        0.52099609375,
        0.61083984375,
        0.58056640625,
        0.556640625,
        0.280029296875,
        0.357177734375,
        0.406494140625,
        0.58447265625,
        0.458251953125,
        0.4404296875,
        0.5595703125,
        0.51953125,
        0.478271484375,
        0.48193359375,
        0.5048828125,
        0.6328125,
        0.56396484375,
        0.5341796875,
        0.50927734375,
        0.505859375,
        0.517578125,
        0.51416015625,
        0.62890625,
        0.38330078125,
        0.41357421875,
        0.488037109375,
        0.45361328125,
        0.46484375,
        0.51318359375,
        0.5419921875,
        0.501953125,
        0.56982421875,
        0.55810546875,
        0.60693359375,
        0.50927734375,
        0.50439453125,
        0.50732421875,
        0.5078125,
        0.515625,
        0.4970703125,
        0.437744140625,
        0.4541015625,
        0.437255859375,
        0.560546875,
        0.59326171875,
        0.5634765625,
        0.5498046875,
        0.61669921875,
        0.475830078125,
        0.53125,
        0.6005859375,
        0.491455078125,
        0.578125,
        0.69482421875,
        0.59033203125,
        0.489990234375,
        0.4931640625,
        0.48046875,
        0.53271484375,
        0.459716796875,
        0.43359375,
        0.47021484375,
        0.438720703125,
        0.4794921875,
        0.5068359375,
        0.489013671875,
        0.51416015625,
        0.56884765625,
        0.499267578125,
        0.50390625,
        0.46923828125,
        0.50830078125,
        0.47705078125,
        0.55810546875,
        0.55908203125,
        0.4775390625,
        0.493896484375,
        0.63330078125,
        0.6162109375,
        0.5224609375,
        0.52587890625,
        0.495849609375,
        0.50244140625,
        0.51611328125,
        0.55419921875,
        0.4775390625,
        0.465087890625,
        0.456298828125,
        0.4833984375,
        0.453369140625,
        0.46630859375,
        0.4990234375,
        0.4814453125,
        0.48388671875,
        0.49658203125,
        0.49560546875,
        0.5224609375,
        0.59521484375,
        0.533203125,
        0.53955078125,
        0.62060546875,
        0.61865234375,
        0.435302734375,
        0.5078125,
        0.548828125,
        0.5205078125,
        0.56201171875,
        0.5751953125,
        0.55712890625,
        0.48193359375,
        0.45458984375,
        0.46337890625,
        0.4619140625,
        0.630859375,
        0.513671875,
        0.517578125,
        0.66259765625,
        0.55224609375,
        0.51416015625,
        0.50439453125,
        0.5146484375,
        0.431396484375,
        0.513671875,
        0.317626953125,
        0.46044921875,
        0.46240234375,
        0.552734375,
        0.494384765625,
        0.50830078125,
        0.47509765625,
        0.49755859375,
        0.4931640625,
        0.53564453125,
        0.464599609375,
        0.48095703125,
        0.51416015625,
        0.50830078125,
        0.4716796875,
        0.47216796875,
        0.488525390625,
        0.544921875,
        0.53759765625,
        0.51318359375,
        0.51904296875,
        0.51318359375,
        0.52197265625,
        0.56591796875,
        0.5048828125,
        0.509765625,
        0.50537109375,
