{
    "model_dir": "models/classify_lora/tinyllama-1b-alpaca_mmlu",
    "distribution_id": "spanish_input",
    "timestamp": "2023-10-15 17:54:05",
    "eval_loss": 0.68115234375,
    "eval_score": -0.2415771484375,
    "eval_brier_score": 0.2415771484375,
    "eval_average_probability": 0.51220703125,
    "eval_accuracy": 0.5786666666666667,
    "eval_probabilities": [
        0.473876953125,
        0.52978515625,
        0.50244140625,
        0.52880859375,
        0.498291015625,
        0.55029296875,
        0.50146484375,
        0.447265625,
        0.5419921875,
        0.483642578125,
        0.461669921875,
        0.48779296875,
        0.509765625,
        0.509765625,
        0.50244140625,
        0.5380859375,
        0.5029296875,
        0.470947265625,
        0.5068359375,
        0.513671875,
        0.5107421875,
        0.464599609375,
        0.484619140625,
        0.61181640625,
        0.50634765625,
        0.466552734375,
        0.4775390625,
        0.564453125,
        0.6591796875,
        0.69384765625,
        0.51025390625,
        0.486328125,
        0.5029296875,
        0.481201171875,
        0.47412109375,
        0.5078125,
        0.55078125,
        0.50634765625,
        0.50341796875,
        0.484619140625,
        0.494873046875,
        0.55908203125,
        0.472900390625,
        0.5048828125,
        0.525390625,
        0.51025390625,
        0.52783203125,
        0.44921875,
        0.51220703125,
        0.49560546875,
        0.5009765625,
        0.55126953125,
        0.49267578125,
        0.537109375,
        0.3681640625,
        0.51220703125,
        0.59375,
        0.5751953125,
        0.494140625,
        0.501953125,
        0.51611328125,
        0.5068359375,
        0.5283203125,
        0.46923828125,
        0.515625,
        0.4951171875,
        0.49853515625,
        0.498046875,
        0.49853515625,
        0.53564453125,
        0.52001953125,
        0.499755859375,
        0.495361328125,
        0.501953125,
        0.497314453125,
        0.5634765625,
        0.5380859375,
        0.48291015625,
        0.471435546875,
        0.460205078125,
        0.44775390625,
        0.5478515625,
        0.5625,
        0.5888671875,
        0.476318359375,
        0.485595703125,
        0.474365234375,
        0.5224609375,
        0.458740234375,
        0.50927734375,
        0.66259765625,
        0.55419921875,
        0.61572265625,
        0.61669921875,
        0.49560546875,
        0.61767578125,
        0.498779296875,
        0.490234375,
        0.4970703125,
        0.52734375,
        0.50390625,
        0.475341796875,
        0.50341796875,
        0.289306640625,
        0.50927734375,
        0.529296875,
        0.51953125,
        0.517578125,
        0.53173828125,
        0.486572265625,
        0.482177734375,
        0.57373046875,
        0.578125,
        0.5859375,
        0.372802734375,
        0.49658203125,
        0.49609375,
        0.497314453125,
        0.474853515625,
        0.45849609375,
        0.60302734375,
        0.419189453125,
        0.56298828125,
        0.53515625,
        0.5185546875,
        0.52587890625,
        0.50537109375,
        0.494873046875,
        0.52099609375,
        0.6748046875,
        0.5009765625,
        0.5380859375,
        0.49365234375,
        0.489990234375,
        0.4658203125,
        0.6044921875,
        0.587890625,
        0.47607421875,
        0.5068359375,
        0.52099609375,
        0.5146484375,
        0.493896484375,
        0.48974609375,
        0.5068359375,
        0.451904296875,
        0.5146484375,
        0.51806640625,
        0.4755859375,
        0.361083984375,
        0.46826171875,
        0.60302734375,
        0.60791015625,
        0.58349609375,
        0.49951171875,
        0.489990234375,
        0.487060546875,
        0.5341796875,
        0.4873046875,
        0.498779296875,
        0.49609375,
        0.53662109375,
        0.51611328125,
        0.49951171875,
        0.5185546875,
        0.50537109375,
        0.41015625,
        0.39306640625,
        0.4404296875,
        0.5439453125,
        0.5390625,
        0.55322265625,
        0.55029296875,
        0.478515625,
        0.50830078125,
        0.537109375,
        0.59912109375,
        0.5478515625,
        0.53515625,
        0.5166015625,
        0.489990234375,
        0.48876953125,
        0.5458984375,
        0.466552734375,
        0.478759765625,
        0.4775390625,
        0.462646484375,
        0.5244140625,
        0.52490234375,
        0.490966796875,
        0.470947265625,
        0.472412109375,
        0.455810546875,
        0.49951171875,
        0.509765625,
        0.501953125,
        0.5498046875,
        0.6044921875,
        0.485107421875,
        0.62744140625,
        0.529296875,
        0.53759765625,
        0.56884765625,
        0.5947265625,
        0.5087890625,
        0.4892578125,
        0.53173828125,
        0.5029296875,
        0.471923828125,
        0.466796875,
        0.486083984375,
        0.44970703125,
        0.49462890625,
        0.5126953125,
        0.5048828125,
        0.529296875,
        0.47412109375,
        0.462158203125,
        0.45556640625,
        0.533203125,
        0.5576171875,
        0.59423828125,
        0.49072265625,
        0.521484375,
        0.389892578125,
        0.4375,
        0.48974609375,
        0.478271484375,
        0.50390625,
        0.489013671875,
        0.4912109375,
        0.529296875,
        0.412109375,
        0.5078125,
        0.49072265625,
        0.6162109375,
        0.5,
        0.6064453125,
        0.53759765625,
        0.57177734375,
        0.533203125,
        0.47119140625,
        0.46142578125,
        0.44921875,
        0.4853515625,
        0.459716796875,
        0.50341796875,
        0.56787109375,
        0.5556640625,
        0.380126953125,
        0.50439453125,
        0.57421875,
        0.495849609375,
        0.4951171875,
        0.47900390625,
        0.482177734375,
        0.54296875,
        0.51318359375,
        0.517578125,
        0.485107421875,
        0.3095703125,
        0.365966796875,
        0.41845703125,
        0.480712890625,
        0.485595703125,
        0.515625,
        0.46728515625,
        0.5166015625,
        0.529296875,
        0.537109375,
        0.55322265625,
        0.49755859375,
        0.53125,
        0.51513671875,
        0.533203125,
        0.5556640625,
        0.53076171875,
        0.39697265625,
        0.341552734375,
        0.43896484375,
        0.64453125,
        0.50244140625,
        0.397216796875,
        0.5712890625,
        0.5322265625,
        0.51318359375,
        0.480224609375,
        0.47900390625,
        0.4833984375,
        0.56591796875,
        0.5048828125,
        0.44775390625,
        0.390869140625,
        0.439697265625,
        0.5146484375,
        0.495361328125,
        0.5185546875,
        0.5087890625,
        0.529296875,
        0.513671875,
        0.55908203125,
        0.435302734375,
        0.4853515625,
        0.48974609375,
        0.52978515625,
        0.45068359375,
        0.5224609375,
        0.49755859375,
        0.53515625,
        0.60791015625,
        0.5205078125,
        0.60986328125,
        0.5537109375,
        0.50439453125,
        0.47265625,
        0.46728515625,
        0.51416015625,
        0.55517578125,
        0.56591796875,
        0.475830078125,
        0.473388671875,
        0.5029296875,
        0.498046875,
        0.5009765625,
        0.4990234375,
        0.4814453125,
        0.443603515625,
        0.455078125,
        0.498046875,
        0.50390625,
        0.497802734375,
        0.467041015625,
        0.501953125,
        0.51416015625,
        0.51904296875,
        0.56591796875,
        0.5556640625,
        0.51416015625,
        0.52783203125,
        0.52099609375,
        0.55859375,
