{
    "model_dir": "models/prompt_tuning/llama-30b-alpaca_mmlu",
    "distribution_id": "comma_separated_input",
    "timestamp": "2023-10-12 21:30:36",
    "eval_loss": 0.75830078125,
    "eval_score": -0.25390625,
    "eval_brier_score": 0.25392418419239887,
    "eval_average_probability": 0.563233133951823,
    "eval_accuracy": 0.6213333333333333,
    "eval_probabilities": [
        0.37890625,
        0.38671875,
        0.47705078125,
        0.93701171875,
        0.74560546875,
        0.450927734375,
        0.0160675048828125,
        0.09466552734375,
        0.98876953125,
        0.96533203125,
        0.9052734375,
        0.68212890625,
        0.796875,
        0.8037109375,
        0.642578125,
        0.8671875,
        0.25830078125,
        0.290283203125,
        0.6279296875,
        0.5048828125,
        0.55810546875,
        0.861328125,
        0.96044921875,
        0.61865234375,
        0.5859375,
        0.54296875,
        0.490234375,
        0.7138671875,
        0.8154296875,
        0.67919921875,
        0.69091796875,
        0.60693359375,
        0.8798828125,
        0.09832763671875,
        0.2083740234375,
        0.0645751953125,
        0.2958984375,
        0.39599609375,
        0.50390625,
        0.405029296875,
        0.7685546875,
        0.94189453125,
        0.99755859375,
        0.6083984375,
        0.66796875,
        0.42822265625,
        0.374755859375,
        0.33642578125,
        0.94091796875,
        0.97314453125,
        0.890625,
        0.80419921875,
        0.95068359375,
        0.90966796875,
        0.97607421875,
        0.6181640625,
        0.9697265625,
        0.374755859375,
        0.4619140625,
        0.383056640625,
        0.82275390625,
        0.8720703125,
        0.8974609375,
        0.219970703125,
        0.7216796875,
        0.69775390625,
        0.381591796875,
        0.57666015625,
        0.42333984375,
        0.931640625,
        0.39453125,
        0.83544921875,
        0.57080078125,
        0.72412109375,
        0.5830078125,
        0.87890625,
        0.83837890625,
        0.8642578125,
        0.31787109375,
        0.303955078125,
        0.325439453125,
        0.81494140625,
        0.80126953125,
        0.86962890625,
        0.900390625,
        0.701171875,
        0.7880859375,
        0.242919921875,
        0.3896484375,
        0.2958984375,
        0.285400390625,
        0.320068359375,
        0.4931640625,
        0.86572265625,
        0.5947265625,
        0.9482421875,
        0.5185546875,
        0.556640625,
        0.416259765625,
        0.82861328125,
        0.6845703125,
        0.91748046875,
        0.33203125,
        0.6396484375,
        0.10302734375,
        0.9736328125,
        0.96484375,
        0.7880859375,
        0.1900634765625,
        0.56103515625,
        0.166259765625,
        0.5302734375,
        0.09185791015625,
        0.154052734375,
        0.841796875,
        0.86474609375,
        0.8427734375,
        0.41015625,
        0.7890625,
        0.23095703125,
        0.1943359375,
        0.262939453125,
        0.41064453125,
        0.951171875,
        0.66259765625,
        0.53125,
        0.66259765625,
        0.63720703125,
        0.494140625,
        0.1063232421875,
        0.2705078125,
        0.1683349609375,
        0.52734375,
        0.449462890625,
        0.236572265625,
        0.11181640625,
        0.37939453125,
        0.1656494140625,
        0.71240234375,
        0.88623046875,
        0.90576171875,
        0.66015625,
        0.61767578125,
        0.2005615234375,
        0.7705078125,
        0.6982421875,
        0.1361083984375,
        0.67578125,
        0.5546875,
        0.418701171875,
        0.7607421875,
        0.5888671875,
        0.00617218017578125,
        0.299072265625,
        0.47265625,
        0.27587890625,
        0.74755859375,
        0.373046875,
        0.5556640625,
        0.69775390625,
        0.69287109375,
        0.4931640625,
        0.677734375,
        0.962890625,
        0.86181640625,
        0.470703125,
        0.62890625,
        0.89501953125,
        0.73193359375,
        0.6533203125,
        0.60791015625,
        0.4873046875,
        0.58203125,
        0.4560546875,
        0.45703125,
        0.5029296875,
        0.4794921875,
        0.78515625,
        0.9873046875,
        0.9345703125,
        0.7314453125,
        0.6796875,
        0.75732421875,
        0.75341796875,
        0.79150390625,
        0.98583984375,
        0.68505859375,
        0.99560546875,
        0.853515625,
        0.55517578125,
        0.49951171875,
        0.19482421875,
        0.355224609375,
        0.1904296875,
        0.41015625,
        0.5595703125,
        0.609375,
        0.654296875,
        0.002048492431640625,
        0.1048583984375,
        0.040679931640625,
        0.1307373046875,
        0.54296875,
        0.064208984375,
        0.8017578125,
        0.79833984375,
        0.7646484375,
        0.1744384765625,
        0.81396484375,
        0.26904296875,
        0.791015625,
        0.767578125,
        0.81103515625,
        0.5849609375,
        0.482421875,
        0.6318359375,
        0.962890625,
        0.822265625,
        0.97314453125,
        0.79248046875,
        0.49560546875,
        0.5859375,
        0.09033203125,
        0.464111328125,
        0.11737060546875,
        0.97412109375,
        0.9501953125,
        0.29150390625,
        0.34423828125,
        0.2822265625,
        0.63330078125,
        0.9345703125,
        0.87060546875,
        0.716796875,
        0.87060546875,
        0.90478515625,
        0.437744140625,
        0.81982421875,
        0.755859375,
        0.84716796875,
        0.921875,
        0.92529296875,
        0.90966796875,
        0.88330078125,
        0.83447265625,
        0.66015625,
        0.458984375,
        0.6181640625,
        0.50927734375,
        0.7998046875,
        0.9423828125,
        0.9609375,
        0.88525390625,
        0.72705078125,
        0.2371826171875,
        0.5322265625,
        0.362060546875,
        0.70556640625,
        0.595703125,
        0.630859375,
        0.57568359375,
        0.94775390625,
        0.9169921875,
        0.80908203125,
        0.529296875,
        0.6572265625,
        0.490234375,
        0.7646484375,
        0.5498046875,
        0.4375,
        0.436767578125,
        0.25830078125,
        0.529296875,
        0.439208984375,
        0.42822265625,
        0.38037109375,
        0.55810546875,
        0.1060791015625,
        0.3212890625,
        0.58203125,
        0.794921875,
        0.52001953125,
        0.77978515625,
        0.7646484375,
        0.81640625,
        0.398681640625,
        0.7275390625,
        0.79443359375,
        0.5693359375,
        0.4970703125,
        0.5615234375,
        0.60009765625,
        0.383056640625,
        0.72802734375,
        0.50830078125,
        0.484375,
        0.43359375,
        0.51220703125,
        0.8896484375,
        0.5419921875,
        0.302001953125,
        0.42724609375,
        0.400634765625,
        0.50634765625,
        0.82568359375,
        0.734375,
        0.5830078125,
        0.67138671875,
        0.52392578125,
        0.474609375,
        0.64794921875,
        0.541015625,
        0.703125,
        0.8447265625,
        0.86474609375,
        0.65576171875,
        0.65380859375,
        0.755859375,
        0.026885986328125,
        0.0295867919921875,
        0.0088958740234375,
        0.75244140625,
        0.41796875,
        0.58837890625,
        0.611328125,
        0.6953125,
        0.8427734375,
        0.72119140625,
        0.47607421875,
        0.49267578125,
        0.61181640625,
        0.546875,
        0.59228515625,
        0.47265625,
        0.35498046875,
        0.609375,
        0.767578125,
        0.8369140625,
        0.8525390625,
        0.09600830078125,
