{
    "model_dir": "models/prompt_tuning/llama-30b-alpaca_mmlu",
    "distribution_id": "ranking_logic",
    "timestamp": "2023-10-12 22:20:27",
    "eval_loss": 0.83642578125,
    "eval_score": -0.307861328125,
    "eval_brier_score": 0.3079256189366182,
    "eval_average_probability": 0.48256298828125,
    "eval_accuracy": 0.47333333333333333,
    "eval_probabilities": [
        0.53857421875,
        0.2413330078125,
        0.6357421875,
        0.7138671875,
        0.66357421875,
        0.78955078125,
        0.1478271484375,
        0.4091796875,
        0.4755859375,
        0.39501953125,
        0.603515625,
        0.51953125,
        0.55126953125,
        0.70166015625,
        0.70166015625,
        0.79638671875,
        0.72265625,
        0.80322265625,
        0.37451171875,
        0.19482421875,
        0.51513671875,
        0.7724609375,
        0.76025390625,
        0.826171875,
        0.7880859375,
        0.8193359375,
        0.65869140625,
        0.57568359375,
        0.7021484375,
        0.4248046875,
        0.494140625,
        0.59130859375,
        0.40576171875,
        0.2025146484375,
        0.41845703125,
        0.392333984375,
        0.27294921875,
        0.3388671875,
        0.279296875,
        0.25,
        0.638671875,
        0.3916015625,
        0.205078125,
        0.49658203125,
        0.45947265625,
        0.198486328125,
        0.73974609375,
        0.556640625,
        0.60595703125,
        0.343505859375,
        0.541015625,
        0.495361328125,
        0.478515625,
        0.51904296875,
        0.10821533203125,
        0.25537109375,
        0.325439453125,
        0.397705078125,
        0.75390625,
        0.62060546875,
        0.62890625,
        0.5888671875,
        0.78076171875,
        0.63671875,
        0.48095703125,
        0.12548828125,
        0.5791015625,
        0.347900390625,
        0.58056640625,
        0.31494140625,
        0.2449951171875,
        0.2685546875,
        0.2281494140625,
        0.227783203125,
        0.171630859375,
        0.54541015625,
        0.77880859375,
        0.3212890625,
        0.564453125,
        0.7705078125,
        0.227783203125,
        0.338134765625,
        0.5791015625,
        0.48291015625,
        0.39111328125,
        0.74365234375,
        0.6025390625,
        0.828125,
        0.66552734375,
        0.85107421875,
        0.323486328125,
        0.1832275390625,
        0.27978515625,
        0.326171875,
        0.5986328125,
        0.681640625,
        0.50634765625,
        0.6591796875,
        0.432373046875,
        0.297607421875,
        0.38427734375,
        0.7001953125,
        0.3671875,
        0.438232421875,
        0.1697998046875,
        0.3095703125,
        0.313232421875,
        0.3251953125,
        0.306396484375,
        0.49365234375,
        0.457763671875,
        0.87255859375,
        0.775390625,
        0.82958984375,
        0.362060546875,
        0.1849365234375,
        0.281982421875,
        0.81640625,
        0.84814453125,
        0.61962890625,
        0.7001953125,
        0.8017578125,
        0.63427734375,
        0.09136962890625,
        0.373046875,
        0.27978515625,
        0.669921875,
        0.7958984375,
        0.54931640625,
        0.308349609375,
        0.58642578125,
        0.3876953125,
        0.451416015625,
        0.65625,
        0.313232421875,
        0.556640625,
        0.7734375,
        0.352783203125,
        0.55029296875,
        0.4619140625,
        0.2093505859375,
        0.5703125,
        0.3447265625,
        0.5244140625,
        0.242431640625,
        0.43701171875,
        0.3046875,
        0.65234375,
        0.7021484375,
        0.64111328125,
        0.4013671875,
        0.3427734375,
        0.58740234375,
        0.6845703125,
        0.83203125,
        0.822265625,
        0.16259765625,
        0.406005859375,
        0.285400390625,
        0.140380859375,
        0.299560546875,
        0.375732421875,
        0.76416015625,
        0.62158203125,
        0.90234375,
        0.34375,
        0.55126953125,
        0.2227783203125,
        0.5927734375,
        0.442626953125,
        0.477294921875,
        0.67041015625,
        0.2744140625,
        0.482666015625,
        0.292724609375,
        0.58251953125,
        0.6240234375,
        0.281494140625,
        0.274169921875,
        0.1298828125,
        0.541015625,
        0.8095703125,
        0.84619140625,
        0.1971435546875,
        0.307861328125,
        0.4013671875,
        0.355224609375,
        0.73779296875,
        0.47021484375,
        0.65576171875,
        0.82958984375,
        0.6953125,
        0.483642578125,
        0.61474609375,
        0.67529296875,
        0.3896484375,
        0.69287109375,
        0.48193359375,
        0.2724609375,
        0.6259765625,
        0.50537109375,
        0.63916015625,
        0.62451171875,
        0.314453125,
        0.205078125,
        0.278076171875,
        0.25,
        0.55419921875,
        0.7197265625,
        0.6083984375,
        0.7822265625,
        0.58203125,
        0.55908203125,
        0.2841796875,
        0.1314697265625,
        0.3994140625,
        0.5712890625,
        0.52294921875,
        0.7099609375,
        0.376708984375,
        0.1717529296875,
        0.470703125,
        0.6064453125,
        0.68701171875,
        0.315185546875,
        0.359130859375,
        0.1068115234375,
        0.30859375,
        0.55029296875,
        0.623046875,
        0.27783203125,
        0.310546875,
        0.394775390625,
        0.44775390625,
        0.375244140625,
        0.1519775390625,
        0.56494140625,
        0.315673828125,
        0.3359375,
        0.42138671875,
        0.5537109375,
        0.226806640625,
        0.38671875,
        0.60595703125,
        0.43310546875,
        0.41455078125,
        0.38525390625,
        0.325927734375,
        0.140380859375,
        0.78515625,
        0.826171875,
        0.802734375,
        0.7578125,
        0.34912109375,
        0.5546875,
        0.74462890625,
        0.771484375,
        0.8349609375,
        0.72265625,
        0.75390625,
        0.916015625,
        0.2265625,
        0.35009765625,
        0.491943359375,
        0.21142578125,
        0.49169921875,
        0.2978515625,
        0.259033203125,
        0.52197265625,
        0.492919921875,
        0.533203125,
        0.58984375,
        0.38037109375,
        0.72021484375,
        0.8251953125,
        0.82080078125,
        0.58837890625,
        0.307373046875,
        0.6650390625,
        0.260986328125,
        0.41796875,
        0.4892578125,
        0.291748046875,
        0.313232421875,
        0.11517333984375,
        0.8818359375,
        0.7998046875,
        0.89013671875,
        0.285888671875,
        0.359619140625,
        0.224365234375,
        0.340576171875,
        0.383544921875,
        0.1270751953125,
        0.55126953125,
        0.7412109375,
        0.227783203125,
        0.265869140625,
        0.55126953125,
        0.6953125,
        0.8671875,
        0.76953125,
        0.67822265625,
        0.5908203125,
        0.546875,
        0.615234375,
        0.2186279296875,
        0.367919921875,
        0.32177734375,
        0.69189453125,
        0.58935546875,
        0.8125,
        0.322021484375,
        0.4765625,
        0.281005859375,
        0.318115234375,
        0.54248046875,
        0.630859375,
        0.64892578125,
        0.298583984375,
        0.53515625,
        0.60888671875,
        0.56298828125,
        0.421875,
        0.50537109375,
        0.2210693359375,
        0.5302734375,
        0.66064453125,
        0.3193359375,
        0.5244140625,
        0.6669921875,
        0.501953125,
        0.301025390625,
        0.2548828125,
        0.243896484375,
        0.296142578125,
        0.2119140625,
        0.599609375,
