{
    "model_dir": "models/prompt_tuning/llama-30b-alpaca_mmlu",
    "distribution_id": "spanish_output",
    "timestamp": "2023-10-12 21:29:39",
    "eval_loss": 0.9931640625,
    "eval_score": -0.269775390625,
    "eval_brier_score": 0.2697204746970475,
    "eval_average_probability": 0.6099240925312043,
    "eval_accuracy": 0.6293333333333333,
    "eval_probabilities": [
        0.9970703125,
        0.99169921875,
        0.994140625,
        0.490234375,
        0.81005859375,
        0.57763671875,
        0.7041015625,
        0.8447265625,
        0.5478515625,
        0.9765625,
        0.98974609375,
        0.994140625,
        0.98046875,
        0.923828125,
        0.974609375,
        0.97412109375,
        0.99755859375,
        0.68505859375,
        1.0,
        0.9951171875,
        0.99951171875,
        0.54931640625,
        0.6162109375,
        0.7138671875,
        0.131591796875,
        0.0323486328125,
        0.1800537109375,
        0.90380859375,
        0.76123046875,
        0.171630859375,
        0.849609375,
        0.9892578125,
        0.70556640625,
        0.39404296875,
        0.61962890625,
        0.40380859375,
        0.01070404052734375,
        0.005706787109375,
        0.0052490234375,
        7.927417755126953e-06,
        0.0005140304565429688,
        0.00033855438232421875,
        0.10089111328125,
        0.1688232421875,
        0.9912109375,
        0.990234375,
        0.892578125,
        0.5361328125,
        0.0273284912109375,
        0.129150390625,
        0.00550079345703125,
        0.978515625,
        0.99609375,
        0.546875,
        0.9951171875,
        1.0,
        1.0,
        0.61865234375,
        0.377685546875,
        0.40283203125,
        0.99755859375,
        0.66796875,
        1.0,
        0.42724609375,
        0.45703125,
        0.319091796875,
        0.388671875,
        0.7138671875,
        0.1634521484375,
        0.92626953125,
        0.99072265625,
        0.953125,
        0.9375,
        0.99609375,
        0.998046875,
        0.7822265625,
        0.8994140625,
        0.452392578125,
        0.9931640625,
        0.87890625,
        0.77978515625,
        0.344482421875,
        0.30810546875,
        0.01314544677734375,
        0.4609375,
        0.587890625,
        0.6826171875,
        0.97705078125,
        0.9345703125,
        0.6396484375,
        0.97119140625,
        0.8828125,
        0.998046875,
        0.78515625,
        0.626953125,
        0.8818359375,
        0.1165771484375,
        0.1873779296875,
        0.11614990234375,
        0.45703125,
        0.437744140625,
        0.294189453125,
        0.921875,
        0.93994140625,
        0.99951171875,
        0.078369140625,
        0.84912109375,
        0.093017578125,
        0.751953125,
        0.9833984375,
        0.953125,
        0.94873046875,
        0.67822265625,
        0.89306640625,
        0.4873046875,
        1.0,
        0.2374267578125,
        0.99853515625,
        0.84912109375,
        0.9453125,
        0.9052734375,
        0.88232421875,
        0.34521484375,
        0.91064453125,
        0.67919921875,
        0.98486328125,
        0.18408203125,
        0.67919921875,
        0.46923828125,
        0.451416015625,
        0.8388671875,
        0.7041015625,
        0.94677734375,
        0.4130859375,
        0.9873046875,
        0.005260467529296875,
        0.8369140625,
        0.058990478515625,
        0.65771484375,
        0.84423828125,
        0.59521484375,
        0.7685546875,
        0.64501953125,
        0.65185546875,
        0.5615234375,
        0.8916015625,
        0.81005859375,
        0.0004935264587402344,
        0.0033092498779296875,
        0.92041015625,
        0.029205322265625,
        0.0038204193115234375,
        0.38037109375,
        0.051849365234375,
        0.552734375,
        0.0460205078125,
        0.64990234375,
        0.68994140625,
        0.7509765625,
        0.470703125,
        0.67724609375,
        0.1749267578125,
        0.52734375,
        0.9931640625,
        0.8984375,
        0.77734375,
        0.9580078125,
        0.9892578125,
        0.5234375,
        0.64501953125,
        0.58154296875,
        0.9111328125,
        1.0,
        0.99853515625,
        0.6435546875,
        0.74853515625,
        0.3603515625,
        0.9921875,
        0.96875,
        0.9990234375,
        0.363037109375,
        0.658203125,
        0.06463623046875,
        0.341552734375,
        0.6806640625,
        0.2037353515625,
        0.319091796875,
        0.406494140625,
        0.06982421875,
        0.986328125,
        0.99951171875,
        1.0,
        0.96435546875,
        0.2337646484375,
        0.62451171875,
        0.9951171875,
        0.9375,
        0.9990234375,
        0.36572265625,
        0.62646484375,
        0.93359375,
        0.7646484375,
        0.55078125,
        0.82666015625,
        0.1329345703125,
        0.39599609375,
        0.127685546875,
        0.9794921875,
        1.0,
        0.99365234375,
        0.75830078125,
        0.85498046875,
        0.80517578125,
        0.318359375,
        0.921875,
        1.0,
        0.96142578125,
        0.9189453125,
        0.98486328125,
        1.0,
        1.0,
        0.97265625,
        0.99560546875,
        0.2210693359375,
        0.953125,
        0.5498046875,
        0.62158203125,
        0.033203125,
        0.611328125,
        0.9716796875,
        0.92724609375,
        0.8369140625,
        0.9072265625,
        0.98388671875,
        0.716796875,
        0.744140625,
        0.87646484375,
        0.009521484375,
        0.1961669921875,
        0.06854248046875,
        0.998046875,
        0.11907958984375,
        0.97314453125,
        0.9970703125,
        0.3896484375,
        0.9833984375,
        0.97412109375,
        0.9970703125,
        0.96875,
        1.0,
        0.82421875,
        0.99560546875,
        0.1812744140625,
        0.12939453125,
        0.09271240234375,
        0.282958984375,
        0.4609375,
        0.70556640625,
        0.41162109375,
        0.71240234375,
        0.06732177734375,
        0.230712890625,
        0.14208984375,
        0.1905517578125,
        0.5537109375,
        0.330322265625,
        0.4794921875,
        0.403564453125,
        0.0078125,
        0.281494140625,
        1.0,
        1.0,
        0.9345703125,
        0.497802734375,
        0.42724609375,
        0.42724609375,
        0.011199951171875,
        0.0137939453125,
        0.245849609375,
        0.94580078125,
        0.931640625,
        0.76904296875,
        0.5859375,
        0.63427734375,
        0.89013671875,
        0.00457000732421875,
        0.8818359375,
        0.328857421875,
        1.0,
        1.0,
        1.0,
        0.60205078125,
        0.82666015625,
        0.80126953125,
        0.8271484375,
        0.8837890625,
        0.7041015625,
        0.57373046875,
        0.45703125,
        0.7373046875,
        0.90380859375,
        0.439697265625,
        0.9501953125,
        0.290283203125,
        0.8017578125,
        0.853515625,
        0.6259765625,
        0.9267578125,
        0.96484375,
        0.18359375,
        0.34326171875,
        0.39794921875,
        0.71533203125,
        0.78271484375,
        0.79638671875,
        0.33447265625,
        0.544921875,
        0.373779296875,
        0.96337890625,
        0.89501953125,
        0.59814453125,
        0.9931640625,
        0.9794921875,
        0.99755859375,
        0.97802734375,
        0.94873046875,
        0.9609375,
        0.97900390625,
        0.93115234375,
        0.77880859375,
        0.9990234375,
        0.99267578125,
        1.0,
        0.6943359375,
        0.394287109375,
        0.84375,
        0.0006513595581054688,
        2.205371856689453e-06,
        0.21728515625,
        0.2281494140625,
        0.998046875,
        0.2127685546875,
