{
    "model_dir": "models/prompt_tuning/llama-30b-alpaca_mmlu",
    "distribution_id": "unhelpful_qa",
    "timestamp": "2023-10-13 12:25:16",
    "eval_loss": 7.4609375,
    "eval_score": -0.9501953125,
    "eval_brier_score": 0.9501017410140369,
    "eval_average_probability": 0.03201014673709869,
    "eval_accuracy": 0.018,
    "eval_probabilities": [
        0.007373809814453125,
        0.0038394927978515625,
        0.154052734375,
        0.0006823539733886719,
        1.996755599975586e-05,
        0.00016736984252929688,
        0.0018510818481445312,
        0.0005030632019042969,
        2.568960189819336e-05,
        4.988908767700195e-05,
        5.1021575927734375e-05,
        2.3365020751953125e-05,
        0.374755859375,
        0.71630859375,
        0.0016841888427734375,
        6.258487701416016e-06,
        1.1324882507324219e-06,
        4.6312808990478516e-05,
        2.4318695068359375e-05,
        4.172325134277344e-07,
        2.9087066650390625e-05,
        0.0002880096435546875,
        0.0001150369644165039,
        1.6927719116210938e-05,
        0.0014791488647460938,
        0.0011348724365234375,
        0.0,
        4.947185516357422e-06,
        0.12335205078125,
        0.6943359375,
        0.93505859375,
        0.05560302734375,
        0.0018711090087890625,
        7.569789886474609e-06,
        9.489059448242188e-05,
        8.374452590942383e-05,
        0.0003337860107421875,
        0.07177734375,
        0.0004742145538330078,
        0.0008721351623535156,
        0.0002727508544921875,
        0.00015544891357421875,
        0.007152557373046875,
        0.004505157470703125,
        0.00042557716369628906,
        0.0003287792205810547,
        0.004924774169921875,
        0.0038394927978515625,
        0.0005908012390136719,
        0.0011472702026367188,
        9.989738464355469e-05,
        0.0008006095886230469,
        0.058135986328125,
        0.0141143798828125,
        1.519918441772461e-05,
        4.011392593383789e-05,
        0.0012722015380859375,
        0.003971099853515625,
        2.562999725341797e-06,
        1.1324882507324219e-05,
        0.00012409687042236328,
        0.00011432170867919922,
        0.002017974853515625,
        0.00225067138671875,
        0.00012791156768798828,
        0.00018322467803955078,
        0.23291015625,
        0.018798828125,
        1.1324882507324219e-06,
        0.0002225637435913086,
        0.017608642578125,
        0.00937652587890625,
        0.00044417381286621094,
        0.004055023193359375,
        0.0236968994140625,
        0.4638671875,
        0.0005154609680175781,
        0.0001233816146850586,
        0.0007467269897460938,
        0.0009660720825195312,
        0.0147552490234375,
        0.002895355224609375,
        0.0012845993041992188,
        8.71419906616211e-05,
        0.021697998046875,
        3.618001937866211e-05,
        0.00010955333709716797,
        7.528066635131836e-05,
        0.0023059844970703125,
        0.0038547515869140625,
        0.0001043081283569336,
        0.005542755126953125,
        0.68994140625,
        0.2298583984375,
        7.075071334838867e-05,
        0.00014281272888183594,
        9.655952453613281e-06,
        8.52346420288086e-06,
        9.5367431640625e-07,
        4.76837158203125e-07,
        0.0002875328063964844,
        7.015466690063477e-05,
        2.682209014892578e-06,
        1.055002212524414e-05,
        7.092952728271484e-05,
        1.3172626495361328e-05,
        0.0002894401550292969,
        0.0035686492919921875,
        0.0085906982421875,
        0.00025963783264160156,
        1.6748905181884766e-05,
        0.0011005401611328125,
        0.00024628639221191406,
        0.0018749237060546875,
        0.00232696533203125,
        0.005523681640625,
        0.075927734375,
        0.042449951171875,
        0.0003170967102050781,
        0.0081787109375,
        2.7894973754882812e-05,
        2.6404857635498047e-05,
        0.00814056396484375,
        0.041229248046875,
        0.1998291015625,
        0.0005879402160644531,
        0.00032711029052734375,
        0.003143310546875,
        0.024932861328125,
        0.114990234375,
        0.007232666015625,
        0.0153045654296875,
        0.00957489013671875,
        0.000774383544921875,
        0.00528717041015625,
        0.0028362274169921875,
        0.0026397705078125,
        0.05474853515625,
        0.0011377334594726562,
        0.0010986328125,
        0.0552978515625,
        0.1287841796875,
        0.0011835098266601562,
        0.0001926422119140625,
        0.01137542724609375,
        0.0015430450439453125,
        1.1682510375976562e-05,
        5.841255187988281e-06,
        7.033348083496094e-06,
        0.001422882080078125,
        7.545948028564453e-05,
        0.00017261505126953125,
        5.9604644775390625e-06,
        3.8743019104003906e-05,
        6.020069122314453e-06,
        0.00013554096221923828,
        0.0869140625,
        0.071044921875,
        0.0006670951843261719,
        5.924701690673828e-05,
        0.1812744140625,
        0.12939453125,
        0.003154754638671875,
        0.0025768280029296875,
        8.821487426757812e-06,
        4.470348358154297e-06,
        4.6133995056152344e-05,
        1.138448715209961e-05,
        3.74913215637207e-05,
        0.00014591217041015625,
        0.0018243789672851562,
        0.001674652099609375,
        1.1920928955078125e-05,
        8.225440979003906e-06,
        0.0001373291015625,
        0.0038604736328125,
        0.004825592041015625,
        0.0007848739624023438,
        0.00490570068359375,
        0.0014162063598632812,
        1.8477439880371094e-06,
        1.1324882507324219e-05,
        2.753734588623047e-05,
        0.00013184547424316406,
        0.00017070770263671875,
        0.00011372566223144531,
        0.00022208690643310547,
        0.0035858154296875,
        0.0210418701171875,
        0.0023326873779296875,
        0.0017957687377929688,
        0.00031638145446777344,
        0.016143798828125,
        0.00725555419921875,
        0.0010614395141601562,
        0.0005865097045898438,
        1.7464160919189453e-05,
        1.2159347534179688e-05,
        0.0035076141357421875,
        0.14794921875,
        0.135498046875,
        0.21630859375,
        0.005096435546875,
        1.996755599975586e-05,
        2.3245811462402344e-06,
        6.794929504394531e-06,
        0.0005598068237304688,
        0.0009670257568359375,
        0.007556915283203125,
        0.0018625259399414062,
        7.62939453125e-05,
        2.7120113372802734e-05,
        0.0004906654357910156,
        0.006229400634765625,
        0.006641387939453125,
        0.023773193359375,
        0.0007467269897460938,
        5.942583084106445e-05,
        1.5735626220703125e-05,
        3.355741500854492e-05,
        0.00015473365783691406,
        3.2186508178710938e-06,
        0.008819580078125,
        0.0009899139404296875,
        0.0003936290740966797,
        0.00027060508728027344,
        0.0003726482391357422,
        4.5299530029296875e-06,
        0.0217437744140625,
        0.127197265625,
        2.86102294921875e-06,
        8.52346420288086e-06,
        0.0003876686096191406,
        0.050537109375,
        0.00031876564025878906,
        2.205371856689453e-05,
        0.08978271484375,
        0.016845703125,
        9.953975677490234e-06,
        1.0013580322265625e-05,
        0.00034499168395996094,
        0.00048828125,
        0.0013856887817382812,
        0.00792694091796875,
        0.006969451904296875,
        0.0484619140625,
        3.3974647521972656e-06,
        1.9073486328125e-06,
        0.0099334716796875,
        6.681680679321289e-05,
        0.00577545166015625,
        0.00864410400390625,
        4.589557647705078e-06,
        9.322166442871094e-05,
        0.048980712890625,
        0.0008783340454101562,
        0.0004551410675048828,
