{
    "model_dir": "models/classify_lora/llama-7b-creative_writing",
    "distribution_id": "biology_with_literary_style",
    "timestamp": "2023-10-12 17:42:05",
    "eval_loss": 0.453125,
    "eval_score": -0.120361328125,
    "eval_brier_score": 0.120361328125,
    "eval_average_probability": 0.8251953125,
    "eval_accuracy": 0.8426666666666667,
    "eval_probabilities": [
        0.9990234375,
        0.99853515625,
        0.986328125,
        0.9755859375,
        0.9990234375,
        1.0,
        0.36474609375,
        0.69189453125,
        0.66845703125,
        1.0,
        1.0,
        0.99951171875,
        0.79833984375,
        0.5146484375,
        0.6611328125,
        0.99609375,
        0.7685546875,
        0.1187744140625,
        1.0,
        1.0,
        1.0,
        0.998046875,
        0.99951171875,
        0.97265625,
        0.9990234375,
        0.9990234375,
        0.9951171875,
        0.09808349609375,
        0.46728515625,
        0.345947265625,
        1.0,
        1.0,
        1.0,
        1.0,
        1.0,
        1.0,
        0.99755859375,
        0.95166015625,
        0.99658203125,
        0.005405426025390625,
        0.0274810791015625,
        0.60546875,
        0.127685546875,
        0.03375244140625,
        0.86962890625,
        0.98876953125,
        0.10125732421875,
        1.0,
        0.9912109375,
        0.99853515625,
        0.9990234375,
        0.84765625,
        0.75244140625,
        0.9990234375,
        0.99560546875,
        0.99853515625,
        0.96875,
        0.6982421875,
        0.990234375,
        0.96435546875,
        0.9951171875,
        0.99951171875,
        1.0,
        0.9990234375,
        0.99267578125,
        0.99853515625,
        1.0,
        1.0,
        1.0,
        0.8974609375,
        0.95166015625,
        0.9970703125,
        0.060516357421875,
        0.96923828125,
        0.78564453125,
        1.0,
        0.98828125,
        1.0,
        0.8037109375,
        0.99853515625,
        0.1365966796875,
        1.0,
        0.99169921875,
        1.0,
        1.0,
        1.0,
        0.99951171875,
        0.9736328125,
        0.9873046875,
        0.1280517578125,
        0.998046875,
        1.0,
        1.0,
        0.56494140625,
        1.0,
        0.8671875,
        0.998046875,
        0.2017822265625,
        0.42431640625,
        0.9990234375,
        0.998046875,
        1.0,
        0.826171875,
        0.98681640625,
        0.916015625,
        0.96923828125,
        0.309326171875,
        0.99755859375,
        0.99609375,
        0.90966796875,
        1.0,
        1.0,
        1.0,
        1.0,
        0.9111328125,
        0.638671875,
        0.99658203125,
        0.919921875,
        0.658203125,
        0.66650390625,
        0.9970703125,
        0.383056640625,
        0.99755859375,
        0.97802734375,
        0.994140625,
        0.98583984375,
        0.99853515625,
        0.99853515625,
        1.0,
        1.0,
        0.9873046875,
        0.99951171875,
        0.99609375,
        0.99853515625,
        0.935546875,
        1.0,
        0.994140625,
        1.0,
        0.951171875,
        0.283447265625,
        0.87109375,
        0.9775390625,
        0.98974609375,
        0.61474609375,
        0.99658203125,
        0.389892578125,
        0.88037109375,
        1.0,
        0.98974609375,
        0.9990234375,
        0.99853515625,
        0.99951171875,
        1.0,
        0.998046875,
        0.9912109375,
        1.0,
        0.77392578125,
        0.98876953125,
        0.990234375,
        0.99853515625,
        0.54345703125,
        0.98046875,
        0.998046875,
        0.98681640625,
        1.0,
        0.86083984375,
        0.87158203125,
        0.99072265625,
        0.51953125,
        0.5126953125,
        0.5869140625,
        0.49609375,
        0.061431884765625,
        0.9873046875,
        0.89404296875,
        0.39501953125,
        0.97802734375,
        0.9990234375,
        0.99951171875,
        1.0,
        0.99951171875,
        0.99609375,
        0.9853515625,
        0.986328125,
        1.0,
        0.9970703125,
        0.81201171875,
        0.83740234375,
        0.93603515625,
        0.6513671875,
        0.998046875,
        1.0,
        1.0,
        0.9990234375,
        0.99951171875,
        0.96826171875,
        0.91015625,
        0.30322265625,
        0.9990234375,
        0.98828125,
        0.9990234375,
        0.94775390625,
        0.248046875,
        0.72314453125,
        0.9921875,
        1.0,
        1.0,
        0.99951171875,
        0.99755859375,
        0.99853515625,
        0.982421875,
        0.96435546875,
        1.0,
        0.97705078125,
        0.97998046875,
        0.97265625,
        0.9990234375,
        0.962890625,
        0.99755859375,
        0.99951171875,
        0.9970703125,
        1.0,
        0.9775390625,
        0.0185394287109375,
        0.039947509765625,
        0.9990234375,
        0.8154296875,
        1.0,
        0.330322265625,
        0.046905517578125,
        0.9970703125,
        0.99951171875,
        1.0,
        0.658203125,
        1.0,
        1.0,
        0.99951171875,
        0.98583984375,
        0.92822265625,
        0.9931640625,
        0.98974609375,
        0.9453125,
        0.99755859375,
        0.99951171875,
        0.9794921875,
        0.99951171875,
        0.03594970703125,
        0.277587890625,
        0.93408203125,
        0.99951171875,
        0.998046875,
        0.9990234375,
        0.99462890625,
        0.8994140625,
        0.9013671875,
        0.6787109375,
        0.32421875,
        0.0033969879150390625,
        0.3896484375,
        0.98828125,
        0.7626953125,
        1.0,
        0.9619140625,
        0.9765625,
        0.99951171875,
        0.99609375,
        0.861328125,
        0.92626953125,
        0.99560546875,
        1.0,
        0.047637939453125,
        0.0007753372192382812,
        0.0259246826171875,
        0.98291015625,
        0.77197265625,
        0.01363372802734375,
        1.0,
        1.0,
        0.99951171875,
        0.98828125,
        0.8232421875,
        0.99853515625,
        0.9990234375,
        1.0,
        0.9990234375,
        1.0,
        0.89697265625,
        0.89599609375,
        0.0106353759765625,
        0.98876953125,
        0.6376953125,
        0.9638671875,
        0.76611328125,
        0.533203125,
        0.9892578125,
        0.99951171875,
        0.83935546875,
        0.98486328125,
        0.9609375,
        1.0,
        0.9990234375,
        0.99951171875,
        1.0,
        0.978515625,
        0.99951171875,
        0.99951171875,
        0.99853515625,
        0.97509765625,
        0.953125,
        1.0,
        1.0,
        0.99951171875,
        0.9970703125,
        0.99853515625,
        0.99951171875,
        0.9765625,
        0.8134765625,
        0.9892578125,
        0.978515625,
        0.08660888671875,
        0.91748046875,
        0.99951171875,
        1.0,
        0.9990234375,
        0.99560546875,
        0.391357421875,
        0.9453125,
        0.99951171875,
        0.99951171875,
        0.998046875,
        0.998046875,
        0.9892578125,
        0.99853515625,
        0.01702880859375,
        0.98876953125,
        0.12176513671875,
        0.99755859375,
        0.99951171875,
        0.9248046875,
        0.90234375,
        0.955078125,
        0.56103515625,
        1.0,
        0.951171875,
        0.99951171875,
        0.5517578125,
        0.0012187957763671875,
        0.2841796875,
        0.93310546875,
        1.0,
        1.0,
        0.0369873046875,
        0.95068359375,
        0.71337890625,
        0.98486328125,
        0.91162109375,
        0.8759765625,
        0.90283203125,
        0.458984375,
        0.08477783203125,
        0.99951171875,
        0.99951171875,
        0.99951171875,
        0.99951171875,
