{
    "model_dir": "models/classify_lora/openllama-3b-code_is_correct",
    "distribution_id": "code_is_correct",
    "timestamp": "2023-10-15 07:01:45",
    "eval_loss": 0.71337890625,
    "eval_score": -0.25830078125,
    "eval_brier_score": 0.25830078125,
    "eval_average_probability": 0.50048828125,
    "eval_accuracy": 0.484,
    "eval_probabilities": [
        0.5078125,
        0.42724609375,
        0.4365234375,
        0.4873046875,
        0.374755859375,
        0.5888671875,
        0.375,
        0.481201171875,
        0.4775390625,
        0.45849609375,
        0.41162109375,
        0.5029296875,
        0.5302734375,
        0.5400390625,
        0.474365234375,
        0.488525390625,
        0.5712890625,
        0.5458984375,
        0.5810546875,
        0.4912109375,
        0.4521484375,
        0.52099609375,
        0.4013671875,
        0.462158203125,
        0.497314453125,
        0.509765625,
        0.5185546875,
        0.546875,
        0.451416015625,
        0.6572265625,
        0.45361328125,
        0.52490234375,
        0.482421875,
        0.471435546875,
        0.3544921875,
        0.438232421875,
        0.46044921875,
        0.47998046875,
        0.307861328125,
        0.51611328125,
        0.51025390625,
        0.498779296875,
        0.779296875,
        0.43896484375,
        0.42041015625,
        0.5625,
        0.493896484375,
        0.495849609375,
        0.51953125,
        0.5068359375,
        0.48388671875,
        0.66748046875,
        0.37841796875,
        0.36376953125,
        0.5361328125,
        0.5517578125,
        0.63232421875,
        0.51220703125,
        0.34326171875,
        0.5400390625,
        0.47900390625,
        0.5439453125,
        0.326904296875,
        0.73046875,
        0.53564453125,
        0.369384765625,
        0.52001953125,
        0.625,
        0.5517578125,
        0.5673828125,
        0.50341796875,
        0.57275390625,
        0.5712890625,
        0.399169921875,
        0.544921875,
        0.467529296875,
        0.3828125,
        0.434326171875,
        0.440673828125,
        0.362548828125,
        0.419677734375,
        0.399169921875,
        0.39013671875,
        0.50634765625,
        0.485107421875,
        0.35986328125,
        0.517578125,
        0.51904296875,
        0.54345703125,
        0.41259765625,
        0.61376953125,
        0.455810546875,
        0.5341796875,
        0.52978515625,
        0.60888671875,
        0.5791015625,
        0.544921875,
        0.4130859375,
        0.5458984375,
        0.344970703125,
        0.5283203125,
        0.5048828125,
        0.62060546875,
        0.4306640625,
        0.6083984375,
        0.49267578125,
        0.45849609375,
        0.55029296875,
        0.5908203125,
        0.51708984375,
        0.45654296875,
        0.6689453125,
        0.5419921875,
        0.374267578125,
        0.41796875,
        0.341796875,
        0.521484375,
        0.374755859375,
        0.5927734375,
        0.379150390625,
        0.409912109375,
        0.55322265625,
        0.489501953125,
        0.470703125,
        0.630859375,
        0.595703125,
        0.357666015625,
        0.59765625,
        0.62255859375,
        0.49560546875,
        0.66162109375,
        0.343017578125,
        0.491943359375,
        0.436767578125,
        0.58154296875,
        0.5068359375,
        0.3515625,
        0.341552734375,
        0.46533203125,
        0.57958984375,
        0.57666015625,
        0.6689453125,
        0.436279296875,
        0.62109375,
        0.716796875,
        0.445556640625,
        0.59765625,
        0.52294921875,
        0.4287109375,
        0.392822265625,
        0.45947265625,
        0.67431640625,
        0.399658203125,
        0.437255859375,
        0.48095703125,
        0.46533203125,
        0.46728515625,
        0.65576171875,
        0.396728515625,
        0.274658203125,
        0.433349609375,
        0.6103515625,
        0.442138671875,
        0.422607421875,
        0.411376953125,
        0.6494140625,
        0.51806640625,
        0.65234375,
        0.50634765625,
        0.52978515625,
        0.49560546875,
        0.5546875,
        0.52392578125,
        0.437255859375,
        0.45751953125,
        0.455322265625,
        0.68212890625,
        0.66845703125,
        0.541015625,
        0.444091796875,
        0.53076171875,
        0.71240234375,
        0.439208984375,
        0.56787109375,
        0.437744140625,
        0.685546875,
        0.564453125,
        0.59130859375,
        0.325927734375,
        0.60791015625,
        0.46484375,
        0.2978515625,
        0.43359375,
        0.422607421875,
        0.46435546875,
        0.38671875,
        0.494873046875,
        0.52734375,
        0.41845703125,
        0.64453125,
        0.478271484375,
        0.58837890625,
        0.53369140625,
        0.441162109375,
        0.472900390625,
        0.51904296875,
        0.5810546875,
        0.67724609375,
        0.433349609375,
        0.430419921875,
        0.3779296875,
        0.5263671875,
        0.55419921875,
        0.416015625,
        0.5517578125,
        0.420654296875,
        0.494140625,
        0.65966796875,
        0.478759765625,
        0.65283203125,
        0.48681640625,
        0.580078125,
        0.517578125,
        0.41162109375,
        0.46337890625,
        0.59326171875,
        0.44189453125,
        0.341796875,
        0.61865234375,
        0.443115234375,
        0.407470703125,
        0.57861328125,
        0.474853515625,
        0.533203125,
        0.666015625,
        0.3427734375,
        0.6064453125,
        0.4287109375,
        0.50390625,
        0.475830078125,
        0.513671875,
        0.59814453125,
        0.56591796875,
        0.53271484375,
        0.417724609375,
        0.472412109375,
        0.60546875,
        0.33935546875,
        0.4609375,
        0.67626953125
    ],
    "eval_runtime": 9.8321,
    "eval_samples_per_second": 25.427,
    "eval_steps_per_second": 0.407
}