{
    "model_dir": "models/classify_lora/tinyllama-1b-code",
    "distribution_id": "change_my_view",
    "timestamp": "2023-10-15 18:27:11",
    "eval_loss": 0.7373046875,
    "eval_score": -0.2666015625,
    "eval_brier_score": 0.2666015625,
    "eval_average_probability": 0.494384765625,
    "eval_accuracy": 0.464,
    "eval_probabilities": [
        0.311767578125,
        0.4072265625,
        0.55224609375,
        0.6708984375,
        0.54443359375,
        0.529296875,
        0.50830078125,
        0.40478515625,
        0.3056640625,
        0.646484375,
        0.6513671875,
        0.454345703125,
        0.4990234375,
        0.56005859375,
        0.56298828125,
        0.556640625,
        0.478515625,
        0.51220703125,
        0.67236328125,
        0.407470703125,
        0.52001953125,
        0.57373046875,
        0.48681640625,
        0.451416015625,
        0.458251953125,
        0.320068359375,
        0.505859375,
        0.7255859375,
        0.552734375,
        0.448486328125,
        0.437744140625,
        0.376953125,
        0.69287109375,
        0.5009765625,
        0.378173828125,
        0.724609375,
        0.488037109375,
        0.56298828125,
        0.658203125,
        0.6064453125,
        0.58544921875,
        0.6591796875,
        0.5048828125,
        0.365966796875,
        0.69580078125,
        0.480712890625,
        0.489990234375,
        0.46728515625,
        0.58203125,
        0.4580078125,
        0.5107421875,
        0.5263671875,
        0.51611328125,
        0.343505859375,
        0.499755859375,
        0.276123046875,
        0.371826171875,
        0.472900390625,
        0.387451171875,
        0.55517578125,
        0.48095703125,
        0.424072265625,
        0.53173828125,
        0.57373046875,
        0.35107421875,
        0.5693359375,
        0.44140625,
        0.481689453125,
        0.369384765625,
        0.36669921875,
        0.51171875,
        0.55810546875,
        0.4296875,
        0.607421875,
        0.462158203125,
        0.492919921875,
        0.484375,
        0.45849609375,
        0.5263671875,
        0.564453125,
        0.56298828125,
        0.62451171875,
        0.6748046875,
        0.485595703125,
        0.51806640625,
        0.65283203125,
        0.619140625,
        0.6025390625,
        0.64990234375,
        0.404296875,
        0.435791015625,
        0.54443359375,
        0.595703125,
        0.400146484375,
        0.483642578125,
        0.41357421875,
        0.53564453125,
        0.41015625,
        0.4423828125,
        0.479248046875,
        0.5966796875,
        0.7373046875,
        0.460205078125,
        0.4541015625,
        0.454833984375,
        0.55322265625,
        0.487548828125,
        0.45703125,
        0.59423828125,
        0.44677734375,
        0.43994140625,
        0.59326171875,
        0.46044921875,
        0.419677734375,
        0.29833984375,
        0.457275390625,
        0.572265625,
        0.54443359375,
        0.304443359375,
        0.4677734375,
        0.54541015625,
        0.51806640625,
        0.45361328125,
        0.413818359375,
        0.5791015625,
        0.355712890625,
        0.4091796875,
        0.50634765625,
        0.418701171875,
        0.48779296875,
        0.52099609375,
        0.6240234375,
        0.4462890625,
        0.49609375,
        0.53857421875,
        0.45263671875,
        0.4384765625,
        0.60693359375,
        0.34765625,
        0.346923828125,
        0.7509765625,
        0.58349609375,
        0.451171875,
        0.324462890625,
        0.445556640625,
        0.5029296875,
        0.56103515625,
        0.6796875,
        0.381591796875,
        0.50927734375,
        0.56494140625,
        0.442138671875,
        0.5380859375,
        0.685546875,
        0.312744140625,
        0.63720703125,
        0.456298828125,
        0.450439453125,
        0.377685546875,
        0.58642578125,
        0.41259765625,
        0.465087890625,
        0.5830078125,
        0.52783203125,
        0.376708984375,
        0.58642578125,
        0.5439453125,
        0.493408203125,
        0.437744140625,
        0.62451171875,
        0.34228515625,
        0.5283203125,
        0.33544921875,
        0.658203125,
        0.2457275390625,
        0.2257080078125,
        0.414794921875,
        0.6552734375,
        0.3251953125,
        0.408935546875,
        0.466796875,
        0.38330078125,
        0.443359375,
        0.41455078125,
        0.52392578125,
        0.50390625,
        0.4794921875,
        0.438232421875,
        0.5419921875,
        0.298583984375,
        0.57373046875,
        0.48486328125,
        0.55517578125,
        0.69384765625,
        0.39013671875,
        0.6279296875,
        0.489013671875,
        0.294677734375,
        0.382080078125,
        0.37939453125,
        0.414794921875,
        0.498046875,
        0.607421875,
        0.52099609375,
        0.505859375,
        0.59619140625,
        0.4306640625,
        0.47216796875,
        0.403564453125,
        0.435791015625,
        0.556640625,
        0.5322265625,
        0.50146484375,
        0.5244140625,
        0.486328125,
        0.5498046875,
        0.50146484375,
        0.453369140625,
        0.457275390625,
        0.447021484375,
        0.548828125,
        0.50439453125,
        0.64599609375,
        0.51953125,
        0.4111328125,
        0.345703125,
        0.486328125,
        0.4873046875,
        0.298095703125,
        0.482421875,
        0.57666015625,
        0.40966796875,
        0.5078125,
        0.465087890625,
        0.491943359375,
        0.451416015625,
        0.51953125,
        0.486572265625,
        0.53076171875,
        0.84814453125,
        0.394287109375,
        0.294189453125,
        0.62890625,
        0.324462890625,
        0.76611328125,
        0.65234375,
        0.288330078125,
        0.56640625,
        0.50244140625,
        0.466552734375
    ],
    "eval_runtime": 7.2451,
    "eval_samples_per_second": 34.506,
    "eval_steps_per_second": 1.104
}