{
    "model_dir": "models/prompt_tuning/llama-30b-truthful_qa",
    "distribution_id": "truthful_qa",
    "timestamp": "2023-10-23 23:09:55",
    "eval_loss": 0.39208984375,
    "eval_score": -0.0860595703125,
    "eval_brier_score": 0.0860595703125,
    "eval_average_probability": 0.88037109375,
    "eval_accuracy": 0.896,
    "eval_probabilities": [
        0.99951171875,
        0.7216796875,
        0.93701171875,
        0.974609375,
        0.9638671875,
        0.9990234375,
        0.392333984375,
        0.9990234375,
        0.99951171875,
        1.0,
        1.0,
        1.0,
        0.3173828125,
        0.85400390625,
        0.9794921875,
        1.0,
        1.0,
        1.0,
        0.85693359375,
        0.9990234375,
        0.97265625,
        0.9990234375,
        0.99658203125,
        0.99658203125,
        1.0,
        1.0,
        1.0,
        0.037322998046875,
        0.07159423828125,
        0.9208984375,
        1.0,
        1.0,
        1.0,
        0.46484375,
        0.99072265625,
        0.810546875,
        0.970703125,
        1.0,
        0.99951171875,
        1.0,
        0.9990234375,
        0.99462890625,
        1.0,
        1.0,
        0.99951171875,
        0.037322998046875,
        0.042083740234375,
        0.002758026123046875,
        1.0,
        1.0,
        1.0,
        0.9033203125,
        0.57763671875,
        0.9794921875,
        1.0,
        1.0,
        0.99755859375,
        1.0,
        1.0,
        1.0,
        0.99853515625,
        1.0,
        0.96044921875,
        1.0,
        1.0,
        1.0,
        1.0,
        1.0,
        1.0,
        0.005687713623046875,
        1.0,
        0.99609375,
        0.888671875,
        0.94873046875,
        0.003429412841796875,
        0.9990234375,
        0.99951171875,
        0.98583984375,
        0.98828125,
        0.93798828125,
        0.5,
        0.99609375,
        1.0,
        1.0,
        1.0,
        1.0,
        1.0,
        1.0,
        1.0,
        1.0,
        1.0,
        1.0,
        1.0,
        1.0,
        1.0,
        1.0,
        0.9990234375,
        0.9970703125,
        0.99951171875,
        0.958984375,
        0.99951171875,
        0.99951171875,
        0.99951171875,
        0.9990234375,
        1.0,
        1.0,
        1.0,
        1.0,
        0.93798828125,
        0.99853515625,
        1.0,
        1.0,
        1.0,
        1.0,
        0.9990234375,
        0.98779296875,
        0.83544921875,
        0.951171875,
        0.7431640625,
        0.78271484375,
        1.0,
        1.0,
        1.0,
        1.0,
        1.0,
        0.99951171875,
        1.0,
        1.0,
        1.0,
        1.0,
        0.9990234375,
        0.9990234375,
        1.0,
        1.0,
        1.0,
        1.0,
        0.99951171875,
        0.99951171875,
        0.86328125,
        0.70556640625,
        0.91259765625,
        0.042083740234375,
        0.10089111328125,
        0.0185394287109375,
        0.98974609375,
        0.98876953125,
        0.99951171875,
        0.9013671875,
        0.99853515625,
        0.97998046875,
        1.0,
        1.0,
        1.0,
        0.9970703125,
        0.98291015625,
        0.9677734375,
        1.0,
        1.0,
        1.0,
        1.0,
        1.0,
        0.99951171875,
        1.0,
        1.0,
        1.0,
        1.0,
        1.0,
        1.0,
        1.0,
        1.0,
        1.0,
        0.9619140625,
        0.99755859375,
        0.98974609375,
        0.60400390625,
        0.04400634765625,
        0.92529296875,
        1.0,
        1.0,
        1.0,
        0.275146484375,
        0.62255859375,
        0.921875,
        0.69287109375,
        0.00669097900390625,
        0.54296875,
        0.99951171875,
        1.0,
        1.0,
        0.30078125,
        0.99951171875,
        0.99853515625,
        0.95166015625,
        0.7958984375,
        0.102294921875,
        1.0,
        1.0,
        1.0,
        0.98974609375,
        1.0,
        1.0,
        0.0333251953125,
        1.0,
        0.98095703125,
        0.2337646484375,
        0.422607421875,
        0.0244293212890625,
        0.98681640625,
        0.79052734375,
        1.0,
        1.0,
        1.0,
        1.0,
        1.0,
        1.0,
        1.0,
        1.0,
        1.0,
        1.0,
        0.99609375,
        0.85009765625,
        0.9912109375,
        0.98388671875,
        0.99951171875,
        0.77197265625,
        0.94970703125,
        0.90576171875,
        0.9833984375,
        1.0,
        1.0,
        0.99951171875,
        1.0,
        0.99951171875,
        1.0,
        1.0,
        0.99951171875,
        1.0,
        1.0,
        1.0,
        1.0,
        0.000720977783203125,
        5.650520324707031e-05,
        0.01971435546875,
        0.9638671875,
        0.94189453125,
        0.8017578125,
        0.98828125,
        0.9970703125,
        1.0,
        0.042724609375,
        0.0029125213623046875,
        0.0032482147216796875,
        0.00359344482421875,
        0.0053863525390625,
        0.0038242340087890625,
        0.97265625,
        0.99853515625,
        1.0,
        1.0,
        1.0,
        1.0,
        0.99951171875,
        1.0,
        1.0,
        0.4072265625,
        0.006290435791015625,
        0.56201171875,
        1.0,
        1.0,
        1.0,
        1.0,
        1.0,
        1.0,
        0.7880859375,
        0.982421875,
        0.46875,
        1.0,
        1.0,
        1.0,
        1.0,
        1.0,
        1.0,
        1.0,
        1.0,
        1.0,
        0.77734375,
        0.99951171875,
        1.0,
        1.0,
        1.0,
        1.0,
        1.0,
        1.0,
        1.0,
        0.346923828125,
        0.99560546875,
        0.97705078125,
        0.9990234375,
        0.8857421875,
        0.97412109375,
        0.307373046875,
        0.5078125,
        0.140380859375,
        1.0,
        1.0,
        1.0,
        0.99755859375,
        1.0,
        1.0,
        1.0,
        1.0,
        1.0,
        0.97900390625,
        1.0,
        0.9990234375,
        0.5390625,
        0.001987457275390625,
        0.01450347900390625,
        0.90478515625,
        0.281494140625,
        0.005218505859375,
        0.98486328125,
        1.0,
        0.99951171875,
        0.509765625,
        0.478515625,
        0.27978515625,
        0.99853515625,
        1.0,
        1.0,
        1.0,
        1.0,
        1.0,
        1.0,
        1.0,
        1.0,
        0.19677734375,
        0.9501953125,
        0.98974609375,
        1.0,
        1.0,
        1.0,
        1.0,
        1.0,
        1.0,
        1.0,
        1.0,
        1.0,
        0.8310546875,
        0.66552734375,
        0.943359375,
        0.96142578125,
        0.5927734375,
        0.19677734375,
        0.98046875,
        0.98779296875,
        0.9990234375,
        0.79296875,
        0.05419921875,
        0.008575439453125,
        0.0850830078125,
        0.82666015625,
        0.07696533203125,
        1.0,
        1.0,
        0.9990234375,
        1.0,
        1.0,
        1.0,
        0.99951171875,
        0.99951171875,
        1.0,
        1.0,
        1.0,
        1.0,
        0.9990234375,
        0.52734375,
        0.99951171875,
        0.6298828125,
        0.8974609375,
        0.76904296875,
        1.0,
        1.0,
        1.0,
        1.0,
        1.0,
        0.9921875,
        1.0,
        0.98291015625,
        0.7490234375,
        1.0,
        1.0,
        1.0,
        0.98388671875,
        0.9990234375,
        1.0,
        1.0,
        1.0,
        1.0,
        0.9990234375,
        0.9580078125,
        1.0,
        0.76611328125,
        0.17333984375,
        0.896484375,
        1.0,
        1.0,
        1.0,
        0.99853515625,
        0.99951171875,
        0.9951171875,
        1.0,
        1.0,
        1.0,
        0.99755859375,
        1.0,
        1.0,
        0.7294921875,
        0.99951171875,
