{
    "model_dir": "models/classify_lora/openllama-3b-alpaca_mmlu",
    "distribution_id": "ranking_logic",
    "timestamp": "2023-11-01 21:53:23",
    "eval_loss": 0.6962890625,
    "eval_score": -0.251220703125,
    "eval_brier_score": 0.2511478383541107,
    "eval_average_probability": 0.5022014973958333,
    "eval_accuracy": 0.52,
    "eval_probabilities": [
        0.51904296875,
        0.5205078125,
        0.4990234375,
        0.4541015625,
        0.48876953125,
        0.457275390625,
        0.56103515625,
        0.509765625,
        0.55908203125,
        0.46435546875,
        0.493896484375,
        0.481689453125,
        0.465576171875,
        0.48193359375,
        0.440673828125,
        0.4951171875,
        0.449951171875,
        0.51708984375,
        0.51953125,
        0.580078125,
        0.58837890625,
        0.430908203125,
        0.4345703125,
        0.5087890625,
        0.49560546875,
        0.468505859375,
        0.45263671875,
        0.51904296875,
        0.5625,
        0.56591796875,
        0.4755859375,
        0.42236328125,
        0.46728515625,
        0.5595703125,
        0.55029296875,
        0.5146484375,
        0.456787109375,
        0.54833984375,
        0.4912109375,
        0.451171875,
        0.4033203125,
        0.4521484375,
        0.5673828125,
        0.51416015625,
        0.49853515625,
        0.495849609375,
        0.529296875,
        0.50439453125,
        0.59912109375,
        0.62939453125,
        0.61376953125,
        0.469970703125,
        0.52099609375,
        0.4599609375,
        0.580078125,
        0.5078125,
        0.517578125,
        0.5107421875,
        0.468017578125,
        0.53271484375,
        0.463623046875,
        0.47705078125,
        0.482421875,
        0.513671875,
        0.441650390625,
        0.54541015625,
        0.544921875,
        0.6318359375,
        0.51904296875,
        0.5576171875,
        0.4990234375,
        0.54296875,
        0.5029296875,
        0.5615234375,
        0.52587890625,
        0.55810546875,
        0.43994140625,
        0.53564453125,
        0.53564453125,
        0.59375,
        0.634765625,
        0.52587890625,
        0.478271484375,
        0.53076171875,
        0.51318359375,
        0.46484375,
        0.52978515625,
        0.5537109375,
        0.53271484375,
        0.481689453125,
        0.39013671875,
        0.51416015625,
        0.389892578125,
        0.5625,
        0.50732421875,
        0.5126953125,
        0.42041015625,
        0.467529296875,
        0.494873046875,
        0.587890625,
        0.48828125,
        0.5341796875,
        0.51611328125,
        0.51318359375,
        0.556640625,
        0.47314453125,
        0.529296875,
        0.498046875,
        0.548828125,
        0.50244140625,
        0.50732421875,
        0.45556640625,
        0.4091796875,
        0.344970703125,
        0.51171875,
        0.5654296875,
        0.48974609375,
        0.456298828125,
        0.4892578125,
        0.494873046875,
        0.45751953125,
        0.4951171875,
        0.4462890625,
        0.490966796875,
        0.49853515625,
        0.460205078125,
        0.5,
        0.50048828125,
        0.456298828125,
        0.634765625,
        0.55517578125,
        0.57568359375,
        0.453125,
        0.5791015625,
        0.56494140625,
        0.464599609375,
        0.499755859375,
        0.5419921875,
        0.50537109375,
        0.51708984375,
        0.50537109375,
        0.478759765625,
        0.51611328125,
        0.455322265625,
        0.457763671875,
        0.4130859375,
        0.46875,
        0.5556640625,
        0.5703125,
        0.49951171875,
        0.5224609375,
        0.59814453125,
        0.57373046875,
        0.4990234375,
        0.48388671875,
        0.4697265625,
        0.5654296875,
        0.56103515625,
        0.533203125,
        0.51953125,
        0.482421875,
        0.494140625,
        0.4716796875,
        0.429443359375,
        0.42138671875,
        0.53857421875,
        0.57421875,
        0.54931640625,
        0.5166015625,
        0.46142578125,
        0.491455078125,
        0.51953125,
        0.484375,
        0.57080078125,
        0.578125,
        0.53466796875,
        0.52978515625,
        0.443603515625,
        0.4453125,
        0.54150390625,
        0.40234375,
        0.4091796875,
        0.448974609375,
        0.57470703125,
        0.460205078125,
        0.5439453125,
        0.533203125,
        0.447998046875,
        0.4189453125,
        0.50244140625,
        0.482421875,
        0.409423828125,
        0.56005859375,
        0.544921875,
        0.52783203125,
        0.46484375,
        0.53076171875,
        0.468017578125,
        0.55126953125,
        0.5361328125,
        0.3798828125,
        0.454833984375,
        0.52587890625,
        0.546875,
        0.54443359375,
        0.472412109375,
        0.475830078125,
        0.486572265625,
        0.52490234375,
        0.51708984375,
        0.51123046875,
        0.505859375,
        0.54150390625,
        0.46044921875,
        0.491943359375,
        0.489990234375,
        0.4189453125,
        0.379638671875,
        0.458740234375,
        0.56298828125,
        0.5302734375,
        0.5205078125,
        0.55517578125,
        0.5615234375,
        0.525390625,
        0.57275390625,
        0.55859375,
        0.49072265625,
        0.53125,
        0.44580078125,
        0.39111328125,
        0.413330078125,
        0.427978515625,
        0.447265625,
        0.583984375,
        0.7109375,
        0.671875,
        0.552734375,
        0.50390625,
        0.47119140625,
        0.5029296875,
        0.56396484375,
        0.48828125,
        0.498046875,
        0.51318359375,
        0.51318359375,
        0.421630859375,
        0.460205078125,
        0.496337890625,
        0.475830078125,
        0.410400390625,
        0.4228515625,
        0.525390625,
        0.568359375,
        0.4423828125,
        0.30810546875,
        0.400390625,
        0.355224609375,
        0.353515625,
        0.416259765625,
        0.3935546875,
        0.59912109375,
        0.54150390625,
        0.5732421875,
        0.444580078125,
        0.402099609375,
        0.43115234375,
        0.611328125,
        0.49609375,
        0.46728515625,
        0.51220703125,
        0.50048828125,
        0.5966796875,
        0.501953125,
        0.455810546875,
        0.474853515625,
        0.386962890625,
        0.51318359375,
        0.51708984375,
        0.53759765625,
        0.50537109375,
        0.422119140625,
        0.404052734375,
        0.49072265625,
        0.49755859375,
        0.42626953125,
        0.479736328125,
        0.54345703125,
        0.483154296875,
        0.54248046875,
        0.6025390625,
        0.546875,
        0.5634765625,
        0.576171875,
        0.53564453125,
        0.4599609375,
        0.5673828125,
        0.480712890625,
        0.456787109375,
        0.4599609375,
        0.57080078125,
        0.509765625,
        0.489990234375,
        0.448974609375,
        0.49365234375,
        0.54931640625,
        0.5771484375,
        0.52001953125,
        0.587890625,
        0.52099609375,
        0.431640625,
        0.475341796875,
        0.38720703125,
        0.427734375,
        0.482666015625,
        0.50537109375,
        0.38134765625,
        0.53125,
        0.4794921875,
        0.60400390625,
        0.483154296875,
        0.50146484375,
        0.4990234375,
        0.5166015625,
        0.5908203125,
        0.55908203125,
        0.485107421875,
        0.491455078125,
        0.412353515625,
        0.5244140625,
        0.5576171875,
        0.418212890625,
        0.6005859375,
        0.48046875,
        0.407470703125,
        0.47998046875,
        0.53125,
        0.5205078125,
        0.427734375,
        0.448974609375,
        0.435302734375,
