{
    "model_dir": "models/classify_lora/openllama-3b-alpaca_mmlu",
    "distribution_id": "word_swap",
    "timestamp": "2023-11-01 21:54:57",
    "eval_loss": 0.466796875,
    "eval_score": -0.15234375,
    "eval_brier_score": 0.15239742174123724,
    "eval_average_probability": 0.6938584391276041,
    "eval_accuracy": 0.784,
    "eval_probabilities": [
        0.53515625,
        0.60400390625,
        0.57958984375,
        0.98681640625,
        0.97607421875,
        0.984375,
        0.60693359375,
        0.5498046875,
        0.306640625,
        0.58642578125,
        0.609375,
        0.72900390625,
        0.71728515625,
        0.62109375,
        0.5546875,
        0.9765625,
        0.666015625,
        0.98193359375,
        0.85302734375,
        0.8525390625,
        0.76904296875,
        0.83349609375,
        0.89208984375,
        0.75,
        0.4814453125,
        0.54638671875,
        0.7412109375,
        0.65283203125,
        0.341552734375,
        0.48876953125,
        0.6982421875,
        0.7607421875,
        0.6513671875,
        0.56982421875,
        0.415771484375,
        0.666015625,
        0.556640625,
        0.49853515625,
        0.55712890625,
        0.529296875,
        0.446533203125,
        0.474609375,
        0.5283203125,
        0.90673828125,
        0.26123046875,
        0.9814453125,
        0.95703125,
        0.9853515625,
        0.31640625,
        0.498291015625,
        0.35595703125,
        0.9189453125,
        0.990234375,
        0.48876953125,
        0.49560546875,
        0.64404296875,
        0.49755859375,
        0.80859375,
        0.5390625,
        0.900390625,
        0.453369140625,
        0.462890625,
        0.67724609375,
        0.626953125,
        0.7744140625,
        0.591796875,
        0.9873046875,
        0.806640625,
        0.9775390625,
        0.50341796875,
        0.393798828125,
        0.48974609375,
        0.6376953125,
        0.486083984375,
        0.75830078125,
        0.546875,
        0.708984375,
        0.8818359375,
        0.529296875,
        0.56591796875,
        0.498046875,
        0.69580078125,
        0.69189453125,
        0.72705078125,
        0.86083984375,
        0.9189453125,
        0.98876953125,
        0.99609375,
        0.99609375,
        0.99755859375,
        0.43408203125,
        0.417724609375,
        0.498046875,
        0.9287109375,
        0.9921875,
        0.99462890625,
        0.9912109375,
        0.98974609375,
        0.99755859375,
        0.306884765625,
        0.25634765625,
        0.45654296875,
        0.95556640625,
        0.9423828125,
        0.80517578125,
        0.5234375,
        0.775390625,
        0.66552734375,
        0.98974609375,
        0.97119140625,
        0.98291015625,
        0.8779296875,
        0.794921875,
        0.81298828125,
        0.88427734375,
        0.80810546875,
        0.96826171875,
        0.203857421875,
        0.1099853515625,
        0.56298828125,
        0.2587890625,
        0.2001953125,
        0.2880859375,
        0.7392578125,
        0.1842041015625,
        0.62890625,
        0.7255859375,
        0.96875,
        0.97705078125,
        0.263671875,
        0.2998046875,
        0.21337890625,
        0.89501953125,
        0.91455078125,
        0.896484375,
        0.07452392578125,
        0.279052734375,
        0.83544921875,
        0.82568359375,
        0.80908203125,
        0.75341796875,
        0.88232421875,
        0.86865234375,
        0.9169921875,
        0.5390625,
        0.490234375,
        0.5029296875,
        0.98828125,
        0.98583984375,
        0.9609375,
        0.80322265625,
        0.91650390625,
        0.98583984375,
        0.7373046875,
        0.70458984375,
        0.8388671875,
        0.9072265625,
        0.84765625,
        0.740234375,
        0.72509765625,
        0.64892578125,
        0.6884765625,
        0.81689453125,
        0.8193359375,
        0.4716796875,
        0.95458984375,
        0.7294921875,
        0.89111328125,
        0.51416015625,
        0.57666015625,
        0.625,
        0.50390625,
        0.4892578125,
        0.943359375,
        0.544921875,
        0.337158203125,
        0.90185546875,
        0.716796875,
        0.6435546875,
        0.62255859375,
        0.98193359375,
        0.9833984375,
        0.9765625,
        0.98388671875,
        0.99560546875,
        0.9931640625,
        0.9453125,
        0.91455078125,
        0.9541015625,
        0.361083984375,
        0.58056640625,
        0.62841796875,
        0.64208984375,
        0.349365234375,
        0.2626953125,
        0.82275390625,
        0.90625,
        0.87451171875,
        0.96240234375,
        0.69677734375,
        0.8671875,
        0.802734375,
        0.7421875,
        0.89306640625,
        0.9951171875,
        0.99267578125,
        0.98828125,
        0.83740234375,
        0.6708984375,
        0.5927734375,
        0.5849609375,
        0.8466796875,
        0.5361328125,
        0.486328125,
        0.76953125,
        0.873046875,
        0.9912109375,
        0.9736328125,
        0.9541015625,
        0.5205078125,
        0.49267578125,
        0.748046875,
        0.69189453125,
        0.5439453125,
        0.5537109375,
        0.7587890625,
        0.79931640625,
        0.90185546875,
        0.488037109375,
        0.5048828125,
        0.5224609375,
        0.5078125,
        0.4599609375,
        0.49609375,
        0.74853515625,
        0.88037109375,
        0.87744140625,
        0.74169921875,
        0.634765625,
        0.95751953125,
        0.5341796875,
        0.701171875,
        0.46240234375,
        0.07342529296875,
        0.090576171875,
        0.039642333984375,
        0.955078125,
        0.79443359375,
        0.9443359375,
        0.49658203125,
        0.64208984375,
        0.47998046875,
        0.58154296875,
        0.490234375,
        0.60302734375,
        0.580078125,
        0.8515625,
        0.466796875,
        0.75341796875,
        0.64599609375,
        0.83740234375,
        0.587890625,
        0.533203125,
        0.390380859375,
        0.84765625,
        0.5048828125,
        0.7431640625,
        0.60498046875,
        0.57470703125,
        0.57763671875,
        0.41162109375,
        0.448486328125,
        0.420654296875,
        0.85888671875,
        0.76416015625,
        0.787109375,
        0.9541015625,
        0.94482421875,
        0.98291015625,
        0.79443359375,
        0.9833984375,
        0.8740234375,
        0.5615234375,
        0.55810546875,
        0.55712890625,
        0.85498046875,
        0.7353515625,
        0.5986328125,
        0.75146484375,
        0.92236328125,
        0.93359375,
        0.079345703125,
        0.1949462890625,
        0.326416015625,
        0.8935546875,
        0.81982421875,
        0.8603515625,
        0.441650390625,
        0.5029296875,
        0.5166015625,
        0.5205078125,
        0.67041015625,
        0.88134765625,
        0.62255859375,
        0.8125,
        0.97314453125,
        0.275146484375,
        0.4814453125,
        0.71142578125,
        0.708984375,
        0.97705078125,
        0.9296875,
        0.87939453125,
        0.73095703125,
        0.82763671875,
        0.7060546875,
        0.80078125,
        0.41162109375,
        0.90673828125,
        0.7216796875,
        0.8798828125,
        0.89892578125,
        0.759765625,
        0.8857421875,
        0.8447265625,
        0.84326171875,
        0.64404296875,
        0.9658203125,
        0.7548828125,
        0.822265625,
        0.658203125,
        0.95361328125,
        0.95751953125,
        0.552734375,
        0.53125,
        0.62451171875,
        0.56982421875,
        0.57470703125,
        0.8125,
        0.9345703125,
        0.97998046875,
        0.650390625,
        0.91064453125,
        0.970703125,
        0.9443359375,
