{
    "model_dir": "models/classify_lora/llama-30b-crt_1",
    "distribution_id": "quote_attribution",
    "timestamp": "2023-10-27 05:44:43",
    "eval_loss": 1.05859375,
    "eval_score": -0.35888671875,
    "eval_brier_score": 0.35888671875,
    "eval_average_probability": 0.469970703125,
    "eval_accuracy": 0.44,
    "eval_probabilities": [
        0.1480712890625,
        0.155029296875,
        0.07861328125,
        0.265869140625,
        0.5888671875,
        0.9677734375,
        0.59619140625,
        0.264404296875,
        0.355712890625,
        0.0328369140625,
        0.99755859375,
        0.5234375,
        0.357666015625,
        0.0775146484375,
        0.533203125,
        0.06280517578125,
        0.77880859375,
        0.414794921875,
        0.46875,
        0.06280517578125,
        0.1656494140625,
        0.2017822265625,
        0.91064453125,
        0.0217742919921875,
        0.414794921875,
        0.47265625,
        0.167724609375,
        0.403564453125,
        0.841796875,
        0.184814453125,
        0.09271240234375,
        0.42822265625,
        0.673828125,
        0.388671875,
        0.609375,
        0.047088623046875,
        0.31396484375,
        0.451416015625,
        0.62451171875,
        0.2568359375,
        0.6513671875,
        0.92041015625,
        0.611328125,
        0.07159423828125,
        0.32763671875,
        0.89013671875,
        0.56396484375,
        0.6875,
        0.81298828125,
        0.015899658203125,
        0.303955078125,
        0.54296875,
        0.2379150390625,
        0.91259765625,
        0.1480712890625,
        0.494140625,
        0.515625,
        0.845703125,
        0.259765625,
        0.414794921875,
        0.18359375,
        0.7294921875,
        0.6826171875,
        0.79833984375,
        0.381103515625,
        0.443603515625,
        0.355712890625,
        0.06756591796875,
        0.607421875,
        0.96044921875,
        0.8818359375,
        0.08209228515625,
        0.24365234375,
        0.51953125,
        0.978515625,
        0.85107421875,
        0.0284423828125,
        0.259765625,
        0.43017578125,
        0.81396484375,
        0.509765625,
        0.392333984375,
        0.97705078125,
        0.99267578125,
        0.46875,
        0.822265625,
        0.441650390625,
        0.2958984375,
        0.72314453125,
        0.5927734375,
        0.74169921875,
        0.57568359375,
        0.2568359375,
        0.99951171875,
        0.1778564453125,
        0.68408203125,
        0.77978515625,
        0.341552734375,
        0.058349609375,
        0.63720703125,
        0.513671875,
        0.478515625,
        0.120849609375,
        0.53515625,
        0.61865234375,
        0.401611328125,
        0.248046875,
        0.4921875,
        0.46875,
        0.7919921875,
        0.455078125,
        0.29736328125,
        0.57177734375,
        0.06854248046875,
        0.35400390625,
        0.71533203125,
        0.289306640625,
        0.0618896484375,
        0.388671875,
        0.9736328125,
        0.36669921875,
        0.78662109375,
        0.484375,
        0.5234375,
        0.4072265625,
        0.708984375,
        0.175537109375,
        0.3720703125,
        0.416748046875,
        0.076416015625,
        0.94873046875,
        0.9384765625,
        0.27978515625,
        0.390380859375,
        0.77587890625,
        0.42626953125,
        0.451416015625,
        0.56787109375,
        0.994140625,
        0.30078125,
        0.1943359375,
        1.0,
        0.73583984375,
        0.289306640625,
        0.294189453125,
        0.63720703125,
        0.958984375,
        0.0246124267578125,
        0.708984375,
        0.061431884765625,
        0.5390625,
        0.80810546875,
        0.394287109375,
        0.72021484375,
        0.97802734375,
        0.56396484375,
        0.9033203125,
        0.262939453125,
        0.235107421875,
        0.1859130859375,
        0.350341796875,
        0.2568359375,
        0.56982421875,
        0.02423095703125,
        0.7490234375,
        0.1744384765625,
        0.79296875,
        0.265869140625,
        0.338134765625,
        0.375732421875,
        0.303955078125,
        0.1480712890625,
        0.24365234375,
        0.11279296875,
        0.07977294921875,
        0.7216796875,
        0.5927734375,
        0.0087127685546875,
        0.25537109375,
        0.5908203125,
        0.2254638671875,
        0.5927734375,
        0.95166015625,
        0.1510009765625,
        0.1688232421875,
        0.5546875,
        0.2568359375,
        0.84814453125,
        0.70556640625,
        0.541015625,
        0.93798828125,
        0.09808349609375,
        0.182373046875,
        0.57763671875,
        0.10089111328125,
        0.76904296875,
        0.155029296875,
        0.161376953125,
        0.78662109375,
        0.537109375,
        0.29736328125,
        0.9111328125,
        0.175537109375,
        0.83349609375,
        0.19677734375,
        0.437744140625,
        0.85302734375,
        0.52734375,
        0.25244140625,
        0.1312255859375,
        0.5888671875,
        0.1441650390625,
        0.66552734375,
        0.2281494140625,
        0.9970703125,
        0.2337646484375,
        0.06463623046875,
        0.6318359375,
        0.9306640625,
        0.4072265625,
        0.403564453125,
        0.51953125,
        0.418701171875,
        0.97265625,
        0.87841796875,
        0.385009765625,
        0.1744384765625,
        0.46484375,
        0.3310546875,
        0.66357421875,
        0.184814453125,
        0.541015625,
        0.37744140625,
        0.1812744140625,
        0.8671875,
        0.611328125,
        0.21728515625,
        0.38671875,
        0.385009765625,
        0.1461181640625,
        0.95654296875,
        0.515625,
        0.184814453125,
        0.8232421875,
        0.392333984375,
        0.51953125,
        0.955078125,
        0.36669921875,
        0.57177734375,
        0.18359375
    ],
    "eval_runtime": 29.9372,
    "eval_samples_per_second": 8.351,
    "eval_steps_per_second": 1.069
}