{
    "model_dir": "models/classify_lora/llama-30b-crt_1",
    "distribution_id": "relinquish_power",
    "timestamp": "2023-10-27 05:48:49",
    "eval_loss": 0.5341796875,
    "eval_score": -0.14990234375,
    "eval_brier_score": 0.14990234375,
    "eval_average_probability": 0.66796875,
    "eval_accuracy": 0.808,
    "eval_probabilities": [
        0.29248046875,
        0.443603515625,
        0.7138671875,
        0.7294921875,
        0.418701171875,
        0.89013671875,
        0.79833984375,
        0.79443359375,
        0.401611328125,
        0.8798828125,
        0.615234375,
        0.6298828125,
        0.83544921875,
        0.51953125,
        0.5947265625,
        0.61865234375,
        0.640625,
        0.89892578125,
        0.319091796875,
        0.8291015625,
        0.73095703125,
        0.7294921875,
        0.74169921875,
        0.85205078125,
        0.2254638671875,
        0.7958984375,
        0.5234375,
        0.767578125,
        0.87890625,
        0.77734375,
        0.515625,
        0.57958984375,
        0.51171875,
        0.865234375,
        0.921875,
        0.338134765625,
        0.2337646484375,
        0.385009765625,
        0.74462890625,
        0.65673828125,
        0.958984375,
        0.91357421875,
        0.70068359375,
        0.68603515625,
        0.6826171875,
        0.54296875,
        0.6533203125,
        0.71533203125,
        0.8427734375,
        0.6806640625,
        0.517578125,
        0.8955078125,
        0.7744140625,
        0.83544921875,
        0.85009765625,
        0.76904296875,
        0.70068359375,
        0.87158203125,
        0.4765625,
        0.045013427734375,
        0.439697265625,
        0.8056640625,
        0.8447265625,
        0.79443359375,
        0.56591796875,
        0.7880859375,
        0.445556640625,
        0.845703125,
        0.78271484375,
        0.8017578125,
        0.2213134765625,
        0.6689453125,
        0.48046875,
        0.513671875,
        0.381103515625,
        0.29248046875,
        0.33447265625,
        0.501953125,
        0.73583984375,
        0.69091796875,
        0.89697265625,
        0.91552734375,
        0.57958984375,
        0.65478515625,
        0.83544921875,
        0.69287109375,
        0.763671875,
        0.82421875,
        0.65673828125,
        0.513671875,
        0.662109375,
        0.62255859375,
        0.85986328125,
        0.72509765625,
        0.708984375,
        0.8310546875,
        0.546875,
        0.8642578125,
        0.363037109375,
        0.67724609375,
        0.72802734375,
        0.533203125,
        0.8291015625,
        0.6533203125,
        0.62255859375,
        0.91552734375,
        0.6669921875,
        0.3701171875,
        0.66357421875,
        0.7373046875,
        0.56787109375,
        0.79052734375,
        0.9326171875,
        0.61865234375,
        0.71240234375,
        0.7138671875,
        0.84814453125,
        0.59619140625,
        0.67919921875,
        0.86083984375,
        0.46875,
        0.611328125,
        0.7705078125,
        0.85009765625,
        0.7646484375,
        0.9111328125,
        0.96337890625,
        0.93896484375,
        0.29248046875,
        0.888671875,
        0.363037109375,
        0.88232421875,
        0.78125,
        0.7919921875,
        0.90380859375,
        0.89501953125,
        0.82421875,
        0.77978515625,
        0.515625,
        0.291015625,
        0.75048828125,
        0.32080078125,
        0.8759765625,
        0.767578125,
        0.437744140625,
        0.60400390625,
        0.65478515625,
        0.71533203125,
        0.7607421875,
        0.62451171875,
        0.46484375,
        0.73388671875,
        0.8798828125,
        0.79052734375,
        0.322509765625,
        0.29736328125,
        0.89306640625,
        0.78125,
        0.87060546875,
        0.64404296875,
        0.32421875,
        0.7890625,
        0.841796875,
        0.91650390625,
        0.900390625,
        0.66357421875,
        0.338134765625,
        0.36669921875,
        0.74755859375,
        0.8447265625,
        0.85693359375,
        0.9365234375,
        0.4091796875,
        0.8291015625,
        0.178955078125,
        0.158203125,
        0.77197265625,
        0.5908203125,
        0.689453125,
        0.5234375,
        0.3486328125,
        0.79296875,
        0.7578125,
        0.3701171875,
        0.673828125,
        0.90966796875,
        0.3486328125,
        0.7265625,
        0.89990234375,
        0.89306640625,
        0.806640625,
        0.822265625,
        0.6826171875,
        0.32080078125,
        0.84814453125,
        0.75634765625,
        0.77880859375,
        0.50390625,
        0.462890625,
        0.7578125,
        0.184814453125,
        0.5234375,
        0.73876953125,
        0.88720703125,
        0.505859375,
        0.64404296875,
        0.56005859375,
        0.6259765625,
        0.751953125,
        0.2322998046875,
        0.219970703125,
        0.53125,
        0.80810546875,
        0.84375,
        0.60205078125,
        0.517578125,
        0.6806640625,
        0.23095703125,
        0.57177734375,
        0.640625,
        0.74609375,
        0.9541015625,
        0.513671875,
        0.7373046875,
        0.96337890625,
        0.418701171875,
        0.70263671875,
        0.8291015625,
        0.83544921875,
        0.92724609375,
        0.92138671875,
        0.56005859375,
        0.5849609375,
        0.767578125,
        0.72314453125,
        0.355712890625,
        0.78125,
        0.4111328125,
        0.861328125,
        0.90966796875,
        0.7890625,
        0.85107421875,
        0.91943359375,
        0.79443359375,
        0.7734375,
        0.3701171875,
        0.6513671875,
        0.67041015625,
        0.7734375,
        0.85791015625
    ],
    "eval_runtime": 46.7339,
    "eval_samples_per_second": 5.349,
    "eval_steps_per_second": 0.685
}