{
    "model_dir": "models/classify_lora/llama-30b-code",
    "distribution_id": "wrong_arc",
    "timestamp": "2023-10-25 20:55:35",
    "eval_loss": 2.013671875,
    "eval_score": -0.474853515625,
    "eval_brier_score": 0.474853515625,
    "eval_average_probability": 0.42919921875,
    "eval_accuracy": 0.424,
    "eval_probabilities": [
        0.9970703125,
        3.3974647521972656e-06,
        0.99462890625,
        0.861328125,
        0.00582122802734375,
        0.27880859375,
        0.03515625,
        0.99853515625,
        0.91357421875,
        0.0574951171875,
        0.0011272430419921875,
        0.00017952919006347656,
        0.048126220703125,
        0.0222930908203125,
        0.001811981201171875,
        0.80419921875,
        0.67041015625,
        0.19189453125,
        0.018829345703125,
        0.46875,
        0.1744384765625,
        0.003040313720703125,
        0.190673828125,
        0.98583984375,
        0.07586669921875,
        0.0078125,
        0.32421875,
        0.65478515625,
        0.63720703125,
        0.22265625,
        0.2139892578125,
        0.34765625,
        0.1766357421875,
        0.283447265625,
        0.5234375,
        0.0078125,
        0.385498046875,
        0.77734375,
        0.001926422119140625,
        0.82568359375,
        0.048675537109375,
        1.71661376953125e-05,
        0.8125,
        0.282470703125,
        0.74609375,
        0.8681640625,
        0.67919921875,
        0.447509765625,
        0.37060546875,
        0.97998046875,
        0.06610107421875,
        0.0103302001953125,
        0.11199951171875,
        0.00690460205078125,
        0.3701171875,
        0.0003845691680908203,
        0.097412109375,
        0.0309906005859375,
        0.89990234375,
        1.0,
        0.134765625,
        0.7900390625,
        0.8740234375,
        0.1507568359375,
        0.7216796875,
        0.0162811279296875,
        0.006587982177734375,
        0.032958984375,
        0.7138671875,
        0.68408203125,
        0.9462890625,
        0.154052734375,
        0.5888671875,
        0.609375,
        0.95654296875,
        0.99755859375,
        0.00441741943359375,
        0.70556640625,
        1.0,
        0.11517333984375,
        0.041473388671875,
        0.36474609375,
        0.01056671142578125,
        0.319091796875,
        0.515625,
        0.95751953125,
        0.060516357421875,
        0.95654296875,
        0.5146484375,
        0.654296875,
        0.1171875,
        0.91552734375,
        0.4111328125,
        0.865234375,
        1.6093254089355469e-06,
        0.99951171875,
        0.30078125,
        0.98583984375,
        0.390380859375,
        0.806640625,
        0.0809326171875,
        0.00878143310546875,
        0.00039505958557128906,
        0.96435546875,
        0.9990234375,
        0.99462890625,
        0.1263427734375,
        0.09600830078125,
        0.22265625,
        0.038970947265625,
        0.99658203125,
        0.69873046875,
        0.73828125,
        0.0753173828125,
        0.012603759765625,
        0.10894775390625,
        1.0,
        0.0030460357666015625,
        0.99169921875,
        0.8203125,
        3.319978713989258e-05,
        0.87451171875,
        0.0119171142578125,
        0.04083251953125,
        0.16455078125,
        0.00577545166015625,
        0.0193328857421875,
        0.58154296875,
        0.994140625,
        0.4072265625,
        0.99853515625,
        0.90283203125,
        0.00948333740234375,
        0.82861328125,
        0.8798828125,
        0.0193023681640625,
        0.0004279613494873047,
        0.0204925537109375,
        0.042724609375,
        0.966796875,
        0.07977294921875,
        0.001361846923828125,
        0.392333984375,
        0.0631103515625,
        0.027587890625,
        0.6298828125,
        0.76220703125,
        0.1744384765625,
        0.04779052734375,
        0.9921875,
        0.97607421875,
        0.61767578125,
        0.51416015625,
        0.00632476806640625,
        0.004680633544921875,
        0.08880615234375,
        0.8583984375,
        0.027801513671875,
        0.9794921875,
        0.9951171875,
        0.35205078125,
        0.59619140625,
        0.73046875,
        0.0028667449951171875,
        0.2454833984375,
        0.88427734375,
        0.25244140625,
        0.6259765625,
        0.91796875,
        0.06231689453125,
        0.00873565673828125,
        0.1251220703125,
        0.9833984375,
        0.03314208984375,
        0.137939453125,
        0.97412109375,
        0.9970703125,
        0.0013151168823242188,
        0.0055694580078125,
        0.10821533203125,
        0.003482818603515625,
        0.005321502685546875,
        0.955078125,
        0.0106353759765625,
        0.7431640625,
        0.167724609375,
        0.99853515625,
        0.39501953125,
        0.265869140625,
        0.00916290283203125,
        0.047607421875,
        0.470703125,
        0.57763671875,
        0.556640625,
        0.4111328125,
        0.017913818359375,
        0.97802734375,
        0.99951171875,
        0.8974609375,
        0.1259765625,
        0.0809326171875,
        0.044677734375,
        0.346923828125,
        0.1199951171875,
        0.059661865234375,
        0.74169921875,
        0.0460205078125,
        0.027374267578125,
        0.0021877288818359375,
        0.042724609375,
        0.689453125,
        0.0775146484375,
        0.9521484375,
        0.0018100738525390625,
        0.12432861328125,
        0.99951171875,
        0.1778564453125,
        0.96826171875,
        0.25244140625,
        0.9677734375,
        1.0,
        0.235107421875,
        0.3173828125,
        0.11517333984375,
        0.8447265625,
        0.95654296875,
        0.935546875,
        0.0226287841796875,
        0.31396484375,
        0.74755859375,
        0.986328125,
        0.9697265625,
        0.28466796875,
        0.1981201171875,
        0.90478515625,
        0.0129241943359375,
        0.0272674560546875,
        0.87451171875,
        0.97314453125,
        0.9892578125,
        0.02886962890625,
        1.0,
        0.132080078125,
        0.68115234375,
        0.85302734375,
        0.245849609375,
        0.96630859375,
        0.20947265625,
        0.059661865234375,
        0.63232421875
    ],
    "eval_runtime": 32.6034,
    "eval_samples_per_second": 7.668,
    "eval_steps_per_second": 0.981
}