{
    "model_dir": "models/prompt_tuning/llama-30b-comma_separated_input",
    "distribution_id": "comma_separated_input",
    "timestamp": "2023-10-12 20:24:33",
    "eval_loss": 0.6279296875,
    "eval_score": -0.20751953125,
    "eval_brier_score": 0.20751953125,
    "eval_average_probability": 0.6455078125,
    "eval_accuracy": 0.692,
    "eval_probabilities": [
        0.5888671875,
        0.61767578125,
        0.63330078125,
        0.90283203125,
        0.7705078125,
        0.458984375,
        0.84375,
        0.87353515625,
        0.5908203125,
        0.85693359375,
        0.896484375,
        0.9443359375,
        0.537109375,
        0.48046875,
        0.05340576171875,
        0.970703125,
        0.57373046875,
        0.955078125,
        0.994140625,
        0.966796875,
        0.95556640625,
        0.96484375,
        0.99169921875,
        0.931640625,
        0.86328125,
        0.7548828125,
        0.81982421875,
        0.62255859375,
        0.414794921875,
        0.338134765625,
        0.974609375,
        0.9716796875,
        0.9716796875,
        0.70556640625,
        0.9150390625,
        0.79833984375,
        0.140380859375,
        0.405517578125,
        0.236572265625,
        0.23095703125,
        0.91943359375,
        0.57763671875,
        0.5908203125,
        0.85693359375,
        0.37744140625,
        0.441650390625,
        0.352294921875,
        0.6513671875,
        0.841796875,
        0.7490234375,
        0.9609375,
        0.955078125,
        0.19677734375,
        0.1143798828125,
        0.98876953125,
        0.73876953125,
        0.994140625,
        0.352294921875,
        0.474609375,
        0.383056640625,
        0.87060546875,
        0.9921875,
        0.97900390625,
        0.71875,
        0.78515625,
        0.8671875,
        0.312255859375,
        0.33642578125,
        0.91552734375,
        0.919921875,
        0.131591796875,
        0.438720703125,
        0.99560546875,
        0.98291015625,
        0.9853515625,
        1.0,
        0.99951171875,
        1.0,
        0.93896484375,
        0.9892578125,
        0.99755859375,
        0.97216796875,
        0.96728515625,
        0.9697265625,
        0.861328125,
        0.640625,
        0.73583984375,
        0.34521484375,
        0.1339111328125,
        0.62060546875,
        0.73388671875,
        0.64404296875,
        0.89892578125,
        0.74609375,
        0.546875,
        0.95263671875,
        0.74609375,
        0.105224609375,
        0.27197265625,
        0.77197265625,
        0.58154296875,
        0.96728515625,
        0.9189453125,
        0.89892578125,
        0.91796875,
        0.9228515625,
        0.91357421875,
        0.7880859375,
        0.88818359375,
        0.7431640625,
        0.85302734375,
        0.56103515625,
        0.9990234375,
        0.99951171875,
        1.0,
        0.99951171875,
        1.0,
        1.0,
        1.0,
        0.9990234375,
        0.82666015625,
        0.90869140625,
        0.640625,
        0.9833984375,
        0.81884765625,
        0.375732421875,
        0.970703125,
        0.9658203125,
        0.95849609375,
        0.82470703125,
        0.8857421875,
        0.8095703125,
        0.712890625,
        0.7822265625,
        0.90185546875,
        0.236572265625,
        0.2451171875,
        0.1375732421875,
        0.8134765625,
        0.21337890625,
        0.9951171875,
        0.11956787109375,
        0.41064453125,
        0.2493896484375,
        0.57958984375,
        0.71142578125,
        0.37841796875,
        0.642578125,
        0.6318359375,
        0.8818359375,
        0.5078125,
        0.45703125,
        0.4072265625,
        0.681640625,
        0.63623046875,
        0.42919921875,
        0.8896484375,
        0.5556640625,
        0.9248046875,
        0.97705078125,
        0.99853515625,
        0.99072265625,
        0.60205078125,
        0.216064453125,
        0.79931640625,
        0.1993408203125,
        0.294189453125,
        0.71875,
        0.9697265625,
        0.2337646484375,
        0.39990234375,
        0.10089111328125,
        0.236572265625,
        0.19677734375,
        0.484375,
        0.61865234375,
        0.74169921875,
        0.56591796875,
        0.95068359375,
        0.85302734375,
        0.58154296875,
        0.8173828125,
        0.84375,
        0.39990234375,
        0.64599609375,
        0.37744140625,
        0.19189453125,
        0.97607421875,
        0.921875,
        0.9365234375,
        0.916015625,
        0.66552734375,
        0.69921875,
        0.87841796875,
        0.740234375,
        0.994140625,
        0.9912109375,
        0.98681640625,
        0.494140625,
        0.158203125,
        0.020721435546875,
        0.049224853515625,
        0.67041015625,
        0.39794921875,
        0.509765625,
        0.494140625,
        0.61328125,
        0.42431640625,
        0.414794921875,
        0.1480712890625,
        0.998046875,
        0.998046875,
        0.9990234375,
        0.20947265625,
        0.53125,
        0.385009765625,
        0.70556640625,
        0.5869140625,
        0.6298828125,
        0.8662109375,
        0.82568359375,
        0.46484375,
        0.1602783203125,
        0.64404296875,
        0.541015625,
        0.609375,
        0.6513671875,
        0.09600830078125,
        0.99951171875,
        0.99169921875,
        0.9853515625,
        0.99609375,
        0.99853515625,
        0.998046875,
        0.994140625,
        0.99560546875,
        0.96337890625,
        0.9990234375,
        0.99560546875,
        0.978515625,
        0.69775390625,
        0.99462890625,
        0.94775390625,
        0.455078125,
        0.74462890625,
        0.673828125,
        0.9833984375,
        0.9794921875,
        0.974609375,
        0.98046875,
        0.99072265625,
        0.9755859375,
        0.92041015625,
        0.986328125,
        0.62255859375,
        0.6298828125,
        0.1357421875,
        0.38671875,
        0.53515625,
        0.1812744140625,
        0.458984375,
        0.8955078125,
        0.9853515625,
        0.9404296875,
        0.974609375,
        0.97998046875,
        0.94287109375,
        0.9619140625,
        0.927734375,
        0.9013671875,
        0.9482421875,
        0.92578125,
        0.53125,
        0.39794921875,
        0.486328125,
        0.62060546875,
        0.62060546875,
        0.609375,
        0.7958984375,
        0.54296875,
        0.32421875,
        0.42626953125,
        0.9072265625,
        0.96923828125,
        0.876953125,
        0.896484375,
        0.87890625,
        0.8759765625,
        0.5849609375,
        0.484375,
        0.57763671875,
        0.22265625,
        0.61865234375,
        0.767578125,
        0.61669921875,
        0.68408203125,
        0.259765625,
        0.5927734375,
        0.2069091796875,
        0.063720703125,
        0.443603515625,
        0.9853515625,
        0.25390625,
        0.08154296875,
        0.9013671875,
        0.751953125,
        0.529296875,
        0.87060546875,
        0.85400390625,
        0.299072265625,
        0.10894775390625,
        0.27978515625,
        0.57373046875,
        0.07159423828125,
        0.193115234375,
        0.7138671875,
        0.80322265625,
        0.5908203125,
        0.98779296875,
        0.9990234375,
        0.9501953125,
        0.385009765625,
        0.533203125,
        0.490234375,
        0.45703125,
        0.974609375,
        0.56201171875,
        0.7373046875,
        0.325927734375,
        0.36474609375,
        0.08758544921875,
        0.184814453125,
        0.07696533203125,
        0.98193359375,
        0.21728515625,
        0.91943359375,
        0.99169921875,
        0.93896484375,
        0.98828125,
        0.204345703125,
        0.341552734375,
        0.262939453125,
        0.85302734375,
        0.9150390625,
        0.763671875,
