{
    "model_dir": "models/classify_lora/openllama-3b-alpaca_hard",
    "distribution_id": "alpaca_hard",
    "timestamp": "2023-10-15 08:20:39",
    "eval_loss": 0.34130859375,
    "eval_score": -0.10400390625,
    "eval_brier_score": 0.10400390625,
    "eval_average_probability": 0.79541015625,
    "eval_accuracy": 0.86,
    "eval_probabilities": [
        0.5009765625,
        0.49169921875,
        0.6689453125,
        1.0,
        1.0,
        1.0,
        0.9951171875,
        0.99609375,
        1.0,
        0.88330078125,
        0.9423828125,
        0.94775390625,
        0.79833984375,
        0.80322265625,
        0.6513671875,
        1.0,
        0.9970703125,
        0.9912109375,
        0.99609375,
        0.86083984375,
        0.9990234375,
        1.0,
        1.0,
        1.0,
        0.99853515625,
        0.99658203125,
        0.9951171875,
        0.9755859375,
        0.97705078125,
        0.974609375,
        0.91748046875,
        0.9755859375,
        0.9365234375,
        0.59326171875,
        0.50244140625,
        0.5,
        1.0,
        1.0,
        1.0,
        0.89306640625,
        1.0,
        1.0,
        1.0,
        0.99951171875,
        0.99853515625,
        1.0,
        0.9970703125,
        1.0,
        1.0,
        1.0,
        1.0,
        0.494140625,
        0.1666259765625,
        0.273681640625,
        0.446533203125,
        0.0024929046630859375,
        0.43115234375,
        0.57373046875,
        0.63330078125,
        0.6318359375,
        0.83544921875,
        0.68212890625,
        0.85693359375,
        0.595703125,
        0.67724609375,
        0.7958984375,
        0.48095703125,
        0.424560546875,
        0.474365234375,
        0.47119140625,
        0.423095703125,
        0.53564453125,
        0.99169921875,
        0.9853515625,
        0.9892578125,
        0.439697265625,
        0.4912109375,
        0.478515625,
        1.0,
        0.9912109375,
        0.998046875,
        1.0,
        1.0,
        1.0,
        0.89404296875,
        0.87744140625,
        0.8876953125,
        0.443603515625,
        0.25537109375,
        0.269775390625,
        0.984375,
        0.98681640625,
        0.982421875,
        0.56591796875,
        0.5234375,
        0.74609375,
        0.8359375,
        0.8876953125,
        0.51318359375,
        0.5546875,
        0.400634765625,
        0.552734375,
        0.576171875,
        0.418701171875,
        0.5380859375,
        0.814453125,
        0.61962890625,
        0.60498046875,
        0.405517578125,
        0.48046875,
        0.68408203125,
        0.7021484375,
        0.68798828125,
        0.68505859375,
        0.767578125,
        0.740234375,
        0.75537109375,
        1.0,
        1.0,
        1.0,
        0.5009765625,
        0.6416015625,
        0.50927734375,
        1.0,
        1.0,
        1.0,
        0.8466796875,
        0.2081298828125,
        0.9462890625,
        0.3720703125,
        0.67578125,
        0.72509765625,
        0.2239990234375,
        0.75146484375,
        0.47998046875,
        1.0,
        1.0,
        1.0,
        0.8544921875,
        0.439697265625,
        0.64501953125,
        0.64453125,
        0.65673828125,
        0.505859375,
        0.34423828125,
        0.4990234375,
        0.2337646484375,
        0.97265625,
        1.0,
        1.0,
        0.494384765625,
        0.57763671875,
        0.529296875,
        1.0,
        1.0,
        1.0,
        0.95654296875,
        0.89306640625,
        0.96923828125,
        0.99951171875,
        1.0,
        1.0,
        0.958984375,
        0.923828125,
        0.96142578125,
        0.57373046875,
        0.9619140625,
        0.7431640625,
        0.921875,
        0.9853515625,
        0.89794921875,
        0.51123046875,
        0.58349609375,
        0.54345703125,
        1.0,
        1.0,
        1.0,
        0.96142578125,
        0.92822265625,
        0.763671875,
        0.998046875,
        0.99853515625,
        0.9990234375,
        1.0,
        1.0,
        1.0,
        0.7783203125,
        0.66015625,
        0.85986328125,
        1.0,
        0.89208984375,
        0.9833984375,
        0.99951171875,
        0.99951171875,
        0.99462890625,
        0.7978515625,
        0.890625,
        0.9453125,
        0.95263671875,
        0.97021484375,
        0.92919921875,
        0.001918792724609375,
        0.058135986328125,
        0.99951171875,
        1.0,
        1.0,
        0.9990234375,
        0.69189453125,
        0.8125,
        0.488525390625,
        0.93994140625,
        0.73388671875,
        0.98291015625,
        0.10821533203125,
        0.004467010498046875,
        0.2017822265625,
        1.0,
        1.0,
        1.0,
        0.515625,
        0.5390625,
        0.18359375,
        0.55078125,
        0.1329345703125,
        0.341552734375,
        1.0,
        1.0,
        1.0,
        0.6826171875,
        0.19873046875,
        0.82421875,
        0.779296875,
        0.8837890625,
        0.79248046875,
        1.0,
        1.0,
        1.0,
        0.99853515625,
        0.99951171875,
        0.9990234375,
        0.92578125,
        0.77734375,
        0.84375,
        0.375244140625,
        0.419677734375,
        0.356689453125,
        0.58056640625,
        0.91064453125,
        0.75,
        0.39697265625,
        0.443603515625,
        0.4658203125,
        0.99951171875,
        1.0,
        0.97802734375,
        0.64404296875,
        0.705078125,
        0.58203125,
        0.73095703125,
        0.79296875,
        0.63720703125,
        0.99951171875,
        1.0,
        0.9921875,
        0.99853515625,
        1.0,
        0.9990234375,
        0.95068359375,
        0.9736328125,
        0.97607421875,
        0.98974609375,
        0.99755859375,
        0.99951171875,
        1.0,
        1.0,
        1.0,
        0.58154296875,
        0.6298828125,
        0.609375,
        0.9912109375,
        0.99560546875,
        0.814453125,
        0.77978515625,
        0.638671875,
        0.388671875,
        0.330322265625,
        0.4775390625,
        0.439697265625,
        0.85888671875,
        0.4130859375,
        0.5419921875,
        0.93115234375,
        0.81689453125,
        0.99951171875,
        0.346923828125,
        0.9970703125,
        0.470703125,
        0.99169921875,
        0.9208984375,
        0.80712890625,
        1.0,
        1.0,
        1.0,
        1.0,
        1.0,
        1.0,
        0.84912109375,
        0.81982421875,
        0.9775390625,
        1.0,
        1.0,
        0.99951171875,
        0.99365234375,
        0.6689453125,
        1.0,
        0.8330078125,
        0.70068359375,
        0.72412109375,
        0.57080078125,
        0.58154296875,
        0.68994140625,
        0.935546875,
        0.935546875,
        0.10595703125,
        0.99462890625,
        0.9921875,
        0.96044921875,
        1.0,
        1.0,
        1.0,
        0.6943359375,
        0.75048828125,
        0.81396484375,
        0.312744140625,
        0.3759765625,
        0.3837890625,
        1.0,
        1.0,
        1.0,
        0.450439453125,
        0.64697265625,
        0.98876953125,
        0.6298828125,
        0.99365234375,
        0.56982421875,
        1.0,
        1.0,
        1.0,
        1.0,
        0.99951171875,
        1.0,
        1.0,
        1.0,
        1.0,
        0.99462890625,
        0.9951171875,
        0.9541015625,
        1.0,
        1.0,
        0.99951171875,
        0.177001953125,
        0.50341796875,
        0.76318359375,
        0.9404296875,
        0.97412109375,
        0.88818359375,
        0.302490234375,
        0.43212890625,
        0.4853515625,
        0.482421875,
        0.462890625,
        0.46875,
        1.0,
        1.0,
        1.0,
        0.71533203125,
        0.978515625,
        0.921875,
        1.0,
        1.0,
        1.0,
        1.0,
