{
    "model_dir": "models/classify_lora/llama-30b-creative_writing",
    "distribution_id": "biology_with_literary_style",
    "timestamp": "2023-10-29 04:45:15",
    "eval_loss": 2.34765625,
    "eval_score": -0.372802734375,
    "eval_brier_score": 0.372802734375,
    "eval_average_probability": 0.57763671875,
    "eval_accuracy": 0.5786666666666667,
    "eval_probabilities": [
        0.974609375,
        0.0863037109375,
        0.00359344482421875,
        0.99072265625,
        0.99755859375,
        0.99951171875,
        0.06854248046875,
        3.218650817871094e-05,
        3.3736228942871094e-05,
        0.99853515625,
        0.9990234375,
        1.0,
        0.412353515625,
        0.70458984375,
        0.97509765625,
        0.3173828125,
        0.01666259765625,
        7.253885269165039e-05,
        1.0,
        1.0,
        1.0,
        0.99267578125,
        0.99951171875,
        0.93505859375,
        0.689453125,
        0.9638671875,
        1.0,
        7.843971252441406e-05,
        0.0007915496826171875,
        0.013427734375,
        0.99951171875,
        1.0,
        1.0,
        1.0,
        1.0,
        1.0,
        0.1217041015625,
        0.826171875,
        0.541015625,
        1.4066696166992188e-05,
        1.6927719116210938e-05,
        0.0011377334594726562,
        7.086992263793945e-05,
        0.073974609375,
        0.9892578125,
        0.32763671875,
        0.0010986328125,
        1.0,
        0.1015625,
        0.6279296875,
        0.99560546875,
        0.83447265625,
        0.25244140625,
        1.0,
        0.99951171875,
        1.0,
        0.97412109375,
        0.78271484375,
        0.9892578125,
        0.93017578125,
        1.0,
        0.998046875,
        1.0,
        1.0,
        0.2108154296875,
        0.169921875,
        0.9970703125,
        0.92529296875,
        0.99072265625,
        0.99951171875,
        0.94580078125,
        0.96044921875,
        0.0012254714965820312,
        0.99365234375,
        0.83447265625,
        1.0,
        0.005260467529296875,
        0.97509765625,
        0.1285400390625,
        0.5849609375,
        0.005512237548828125,
        0.9697265625,
        0.051849365234375,
        1.0,
        1.0,
        0.99951171875,
        0.62255859375,
        0.9970703125,
        0.9970703125,
        0.51953125,
        0.418701171875,
        0.455078125,
        1.0,
        0.0255584716796875,
        0.99951171875,
        0.7646484375,
        0.007122039794921875,
        1.0132789611816406e-06,
        0.00400543212890625,
        1.0,
        1.0,
        1.0,
        0.0094146728515625,
        0.0994873046875,
        0.01332855224609375,
        0.00621795654296875,
        4.559755325317383e-05,
        0.42333984375,
        0.99951171875,
        0.20947265625,
        1.0,
        1.0,
        0.99951171875,
        1.0,
        0.0094146728515625,
        0.810546875,
        0.94482421875,
        0.102294921875,
        0.0025119781494140625,
        0.1470947265625,
        0.8759765625,
        0.0026721954345703125,
        0.403564453125,
        0.71044921875,
        0.99951171875,
        0.9775390625,
        1.0,
        0.99755859375,
        1.0,
        0.99951171875,
        0.0244293212890625,
        0.99072265625,
        0.004329681396484375,
        0.01971435546875,
        0.008575439453125,
        1.0,
        0.986328125,
        1.0,
        0.6279296875,
        0.00021660327911376953,
        0.00020992755889892578,
        0.0011835098266601562,
        0.39892578125,
        0.2744140625,
        0.402587890625,
        0.689453125,
        0.91845703125,
        1.0,
        0.689453125,
        1.0,
        0.94189453125,
        0.9990234375,
        1.0,
        0.95947265625,
        0.998046875,
        1.0,
        0.9921875,
        0.9990234375,
        1.0,
        0.96240234375,
        0.004199981689453125,
        0.06756591796875,
        0.5888671875,
        0.85302734375,
        1.0,
        0.05340576171875,
        0.8974609375,
        0.99951171875,
        0.281494140625,
        0.0226287841796875,
        0.7294921875,
        0.9892578125,
        0.9892578125,
        1.0,
        0.0333251953125,
        0.03704833984375,
        0.85107421875,
        0.98828125,
        0.9951171875,
        1.0,
        0.99365234375,
        0.99755859375,
        0.865234375,
        0.0005526542663574219,
        0.39990234375,
        0.00669097900390625,
        0.24072265625,
        0.0027790069580078125,
        0.0108184814453125,
        1.7881393432617188e-07,
        0.0023784637451171875,
        0.37744140625,
        1.0,
        0.7041015625,
        0.01812744140625,
        0.012054443359375,
        0.006290435791015625,
        5.066394805908203e-06,
        1.0,
        1.0,
        0.99560546875,
        0.0021648406982421875,
        2.6464462280273438e-05,
        5.185604095458984e-06,
        0.25390625,
        1.0,
        0.99169921875,
        0.86328125,
        0.158203125,
        0.115966796875,
        0.0191192626953125,
        0.004680633544921875,
        1.0,
        0.235107421875,
        0.0017271041870117188,
        0.0087127685546875,
        0.8056640625,
        0.12420654296875,
        0.9990234375,
        0.99462890625,
        1.0,
        1.0,
        0.90576171875,
        0.043365478515625,
        0.0006666183471679688,
        0.85205078125,
        0.0271759033203125,
        0.98974609375,
        0.03759765625,
        0.0323486328125,
        0.028656005859375,
        1.0,
        0.99462890625,
        0.0012445449829101562,
        0.99951171875,
        0.998046875,
        0.403564453125,
        0.0037078857421875,
        0.0013666152954101562,
        0.0011882781982421875,
        0.98291015625,
        0.3310546875,
        0.96826171875,
        0.99853515625,
        0.99951171875,
        1.0,
        5.185604095458984e-06,
        0.1365966796875,
        0.0245208740234375,
        1.0,
        0.7744140625,
        0.90966796875,
        0.8173828125,
        0.00591278076171875,
        0.00070953369140625,
        0.72119140625,
        7.575750350952148e-05,
        1.1324882507324219e-06,
        0.0008831024169921875,
        0.953125,
        0.484375,
        0.8408203125,
        0.0005974769592285156,
        0.102294921875,
        0.974609375,
        0.85205078125,
        0.001255035400390625,
        0.86328125,
        0.0216217041015625,
        0.9921875,
        9.238719940185547e-06,
        4.76837158203125e-07,
        3.55839729309082e-05,
        0.4130859375,
        0.0207977294921875,
        5.960464477539063e-08,
        1.0,
        1.0,
        1.0,
        1.0,
        0.012725830078125,
        1.0,
        0.9990234375,
        0.3310546875,
        0.92431640625,
        0.98974609375,
        0.70068359375,
        0.1302490234375,
        1.6093254089355469e-06,
        0.090087890625,
        1.1861324310302734e-05,
        0.0016489028930664062,
        0.0001398324966430664,
        0.0022335052490234375,
        1.0,
        0.5947265625,
        0.98095703125,
        0.0078125,
        0.0012159347534179688,
        0.99658203125,
        1.0,
        0.97509765625,
        1.0,
        0.99560546875,
        0.98974609375,
        1.0,
        0.9580078125,
        0.049957275390625,
        0.0316162109375,
        0.99951171875,
        0.99072265625,
        0.99951171875,
        0.99462890625,
        0.93994140625,
        0.98046875,
        0.6533203125,
        0.0014438629150390625,
        0.302490234375,
        0.107421875,
        0.00011682510375976562,
        0.0010986328125,
        0.73583984375,
        1.0,
        0.99853515625,
        0.0966796875,
        1.8477439880371094e-06,
        1.4603137969970703e-05,
        1.0,
        1.0,
        1.0,
        0.99755859375,
        0.95751953125,
        0.99853515625,
