{
    "model_dir": "models/prompt_tuning/llama-7b-alpaca_short",
    "distribution_id": "alpaca_long",
    "timestamp": "2023-10-20 01:09:44",
    "eval_loss": 23.03125,
    "eval_score": -0.99755859375,
    "eval_brier_score": 0.9974378203285466,
    "eval_average_probability": 0.0014942784309387206,
    "eval_accuracy": 0.0,
    "eval_probabilities": [
        0.0,
        0.0005998611450195312,
        0.0,
        0.0,
        0.0,
        0.0,
        0.0,
        0.0,
        0.0,
        0.0,
        5.960464477539063e-08,
        1.1324882507324219e-06,
        0.0,
        0.0,
        0.0,
        0.0,
        4.887580871582031e-06,
        5.960464477539063e-08,
        0.0,
        0.0,
        0.0,
        0.00047278404235839844,
        0.0,
        0.0,
        1.1920928955078125e-07,
        0.0,
        5.960464477539063e-08,
        0.0,
        0.0,
        0.0,
        0.0,
        0.0,
        0.0,
        0.0,
        0.0,
        0.0,
        0.0,
        0.0,
        0.0,
        0.0,
        0.0,
        0.0,
        0.0,
        0.0,
        0.0,
        0.0,
        0.0,
        0.0,
        0.0,
        1.1920928955078125e-07,
        2.3186206817626953e-05,
        0.325927734375,
        0.0,
        4.172325134277344e-07,
        0.0,
        0.0006251335144042969,
        1.1920928955078125e-07,
        2.014636993408203e-05,
        1.1920928955078125e-07,
        5.960464477539063e-08,
        2.3543834686279297e-05,
        1.1920928955078125e-07,
        6.556510925292969e-07,
        1.9073486328125e-06,
        0.0,
        0.0,
        0.0,
        0.0,
        0.0,
        0.0,
        0.0,
        0.0,
        0.0,
        0.0,
        0.0,
        0.0,
        0.0,
        0.0,
        0.0,
        0.0,
        0.0,
        0.0,
        0.0,
        0.0,
        5.960464477539063e-08,
        0.0,
        0.0,
        7.367134094238281e-05,
        0.0,
        0.0,
        5.960464477539063e-08,
        0.00015592575073242188,
        5.960464477539063e-08,
        4.291534423828125e-06,
        0.0,
        0.0,
        0.0,
        0.00472259521484375,
        0.0,
        0.0,
        0.0,
        0.0,
        0.0,
        0.0,
        0.0,
        0.0,
        0.0,
        0.0,
        0.0,
        0.0,
        0.0,
        0.0,
        0.0,
        0.0,
        0.0,
        0.0,
        0.0,
        0.0,
        0.0,
        0.0,
        0.0,
        0.0,
        0.0,
        0.0,
        0.0,
        0.0,
        0.0,
        0.0,
        6.9141387939453125e-06,
        0.0,
        0.0020732879638671875,
        0.002346038818359375,
        3.6954879760742188e-06,
        1.1146068572998047e-05,
        5.543231964111328e-06,
        2.980232238769531e-07,
        0.00031375885009765625,
        0.0036792755126953125,
        4.172325134277344e-07,
        1.1920928955078125e-07,
        0.0006937980651855469,
        0.0013723373413085938,
        4.8160552978515625e-05,
        0.00019037723541259766,
        0.0,
        0.0,
        0.0,
        0.0,
        0.0,
        0.0,
        0.0,
        0.0,
        5.960464477539063e-08,
        0.0,
        0.0,
        0.0,
        0.0,
        0.0,
        0.0,
        0.0,
        0.0,
        0.0,
        0.0,
        0.0,
        0.0,
        0.0,
        0.0,
        0.0,
        0.0,
        0.0,
        0.0,
        0.0,
        0.0,
        0.0,
        0.0,
        0.0,
        3.933906555175781e-06,
        0.0,
        0.0,
        0.0,
        0.0,
        3.2186508178710938e-06,
        0.0,
        0.0,
        6.854534149169922e-06,
        1.1920928955078125e-07,
        1.7881393432617188e-07,
        5.960464477539063e-08,
        0.0,
        3.874301910400391e-06,
        0.0,
        0.007518768310546875,
        1.1920928955078125e-07,
        0.0,
        7.152557373046875e-07,
        0.0,
        3.5762786865234375e-07,
        4.589557647705078e-06,
        0.0,
        0.0,
        0.0,
        8.344650268554688e-07,
        1.7881393432617188e-06,
        0.0,
        6.556510925292969e-07,
        0.0,
        1.0132789611816406e-06,
        0.0001214742660522461,
        7.152557373046875e-07,
        0.0001424551010131836,
        0.0,
        0.01398468017578125,
        1.7881393432617188e-07,
        0.0,
        0.00025272369384765625,
        2.9206275939941406e-06,
        5.960464477539063e-08,
        7.748603820800781e-07,
        5.960464477539063e-08,
        5.8650970458984375e-05,
        7.748603820800781e-07,
        0.00800323486328125,
        2.980232238769531e-07,
        4.941225051879883e-05,
        0.0,
        0.0,
        0.0,
        0.0,
        0.0,
        0.0,
        0.0,
        0.0,
        0.0,
        0.0,
        0.0,
        0.0,
        0.0,
        0.0,
        0.0,
        0.0,
        0.0,
        0.0,
        0.0,
        0.0,
        0.0,
        0.0,
        0.0,
        0.0,
        0.0,
        0.0
    ],
    "eval_runtime": 6.4769,
    "eval_samples_per_second": 38.599,
    "eval_steps_per_second": 1.235,
    "eval_rms_calibration_error": 0.5040537347416195
}