{
    "model_dir": "models/classify_lora/tinyllama-1b-cooking",
    "distribution_id": "raven_matrices",
    "timestamp": "2023-10-15 18:26:01",
    "eval_loss": 0.69873046875,
    "eval_score": -0.250732421875,
    "eval_brier_score": 0.250732421875,
    "eval_average_probability": 0.50048828125,
    "eval_accuracy": 0.48533333333333334,
    "eval_probabilities": [
        0.470458984375,
        0.47705078125,
        0.477294921875,
        0.5107421875,
        0.509765625,
        0.47802734375,
        0.4248046875,
        0.413330078125,
        0.43310546875,
        0.485595703125,
        0.48046875,
        0.52001953125,
        0.52783203125,
        0.5302734375,
        0.50048828125,
        0.4951171875,
        0.4794921875,
        0.48046875,
        0.50146484375,
        0.52197265625,
        0.52197265625,
        0.5009765625,
        0.5185546875,
        0.4970703125,
        0.41650390625,
        0.411376953125,
        0.410400390625,
        0.470458984375,
        0.48974609375,
        0.481689453125,
        0.6162109375,
        0.496826171875,
        0.6884765625,
        0.50390625,
        0.49365234375,
        0.480224609375,
        0.491943359375,
        0.517578125,
        0.5234375,
        0.494140625,
        0.49072265625,
        0.50244140625,
        0.5078125,
        0.501953125,
        0.51123046875,
        0.51123046875,
        0.5009765625,
        0.4970703125,
        0.428955078125,
        0.43017578125,
        0.434326171875,
        0.495361328125,
        0.486328125,
        0.48583984375,
        0.48974609375,
        0.50341796875,
        0.4970703125,
        0.479736328125,
        0.47216796875,
        0.49755859375,
        0.5107421875,
        0.52197265625,
        0.52490234375,
        0.47705078125,
        0.49462890625,
        0.486083984375,
        0.5068359375,
        0.501953125,
        0.5,
        0.4951171875,
        0.5078125,
        0.493408203125,
        0.46044921875,
        0.455810546875,
        0.49365234375,
        0.501953125,
        0.5048828125,
        0.513671875,
        0.529296875,
        0.5224609375,
        0.52880859375,
        0.50830078125,
        0.499755859375,
        0.4970703125,
        0.4814453125,
        0.52392578125,
        0.50634765625,
        0.495361328125,
        0.49853515625,
        0.491943359375,
        0.495849609375,
        0.48095703125,
        0.48388671875,
        0.492919921875,
        0.4912109375,
        0.483154296875,
        0.52978515625,
        0.5654296875,
        0.568359375,
        0.49169921875,
        0.5009765625,
        0.4931640625,
        0.5283203125,
        0.5107421875,
        0.50732421875,
        0.449462890625,
        0.5048828125,
        0.501953125,
        0.50537109375,
        0.50927734375,
        0.494873046875,
        0.474365234375,
        0.48046875,
        0.4931640625,
        0.501953125,
        0.49462890625,
        0.499267578125,
        0.490966796875,
        0.4794921875,
        0.47998046875,
        0.4892578125,
        0.495849609375,
        0.50634765625,
        0.4716796875,
        0.51513671875,
        0.482177734375,
        0.489990234375,
        0.48486328125,
        0.49365234375,
        0.50341796875,
        0.497314453125,
        0.497314453125,
        0.445068359375,
        0.4423828125,
        0.43994140625,
        0.50341796875,
        0.50439453125,
        0.496826171875,
        0.495849609375,
        0.414794921875,
        0.40673828125,
        0.493408203125,
        0.5087890625,
        0.513671875,
        0.57861328125,
        0.5751953125,
        0.491943359375,
        0.501953125,
        0.4931640625,
        0.50048828125,
        0.509765625,
        0.607421875,
        0.7255859375,
        0.6240234375,
        0.51708984375,
        0.494140625,
        0.51611328125,
        0.51025390625,
        0.521484375,
        0.48876953125,
        0.509765625,
        0.5,
        0.48291015625,
        0.49267578125,
        0.4794921875,
        0.491455078125,
        0.53759765625,
        0.5390625,
        0.5234375,
        0.65087890625,
        0.65380859375,
        0.51318359375,
        0.486328125,
        0.4853515625,
        0.52099609375,
        0.509765625,
        0.51123046875,
        0.4833984375,
        0.488525390625,
        0.491455078125,
        0.493408203125,
        0.49462890625,
        0.5078125,
        0.501953125,
        0.464599609375,
        0.48583984375,
        0.498291015625,
        0.5244140625,
        0.509765625,
        0.5146484375,
        0.50732421875,
        0.51025390625,
        0.49658203125,
        0.4931640625,
        0.494140625,
        0.49462890625,
        0.498046875,
        0.5,
        0.499267578125,
        0.48974609375,
        0.501953125,
        0.48876953125,
        0.50830078125,
        0.482421875,
        0.50244140625,
        0.451171875,
        0.4375,
        0.5009765625,
        0.501953125,
        0.5068359375,
        0.501953125,
        0.509765625,
        0.50537109375,
        0.50732421875,
        0.50830078125,
        0.496337890625,
        0.72314453125,
        0.5517578125,
        0.55029296875,
        0.517578125,
        0.499267578125,
        0.51513671875,
        0.51025390625,
        0.51708984375,
        0.5,
        0.483642578125,
        0.4951171875,
        0.491943359375,
        0.49072265625,
        0.49951171875,
        0.5107421875,
        0.5009765625,
        0.513671875,
        0.4990234375,
        0.52685546875,
        0.5078125,
        0.52099609375,
        0.497802734375,
        0.495361328125,
        0.493408203125,
        0.53125,
        0.50341796875,
        0.51611328125,
        0.498046875,
        0.48095703125,
        0.486328125,
        0.51123046875,
        0.501953125,
        0.51025390625,
        0.51318359375,
        0.50634765625,
        0.5126953125,
        0.492431640625,
        0.49609375,
        0.49609375,
        0.5205078125,
        0.49951171875,
        0.5107421875,
        0.491943359375,
        0.50927734375,
        0.5234375,
        0.50537109375,
        0.4912109375,
        0.482421875,
        0.5009765625,
        0.494140625,
        0.49755859375,
        0.51171875,
        0.50439453125,
        0.50048828125,
        0.525390625,
        0.50830078125,
        0.51806640625,
        0.4970703125,
        0.4755859375,
        0.490966796875,
        0.482421875,
        0.48974609375,
        0.48193359375,
        0.50390625,
        0.50634765625,
        0.49365234375,
        0.501953125,
        0.49658203125,
        0.4970703125,
        0.480712890625,
        0.46533203125,
        0.49072265625,
        0.50537109375,
        0.51318359375,
        0.50830078125,
        0.580078125,
        0.50146484375,
        0.4970703125,
        0.505859375,
        0.51123046875,
        0.50537109375,
        0.482421875,
        0.484130859375,
        0.476318359375,
        0.5078125,
        0.51416015625,
        0.5107421875,
        0.488037109375,
        0.4736328125,
        0.478515625,
        0.486083984375,
        0.486328125,
        0.47998046875,
        0.486083984375,
        0.5009765625,
        0.49267578125,
        0.51220703125,
        0.52734375,
        0.5205078125,
        0.5009765625,
        0.5009765625,
        0.49658203125,
        0.50732421875,
        0.49560546875,
        0.5,
        0.494140625,
        0.60546875,
        0.50048828125,
        0.49169921875,
        0.4775390625,
        0.4794921875,
        0.489013671875,
        0.496337890625,
        0.482666015625,
        0.490234375,
        0.50048828125,
        0.498046875,
        0.5048828125,
        0.498291015625,
        0.4970703125,
        0.50537109375,
        0.498291015625,
        0.5009765625,
        0.5029296875,
        0.5009765625,
