{
    "model_dir": "models/classify_lora/llama-30b-shp_low_quality",
    "distribution_id": "counterfactual_python",
    "timestamp": "2023-10-27 05:15:43",
    "eval_loss": 0.9697265625,
    "eval_score": -0.275634765625,
    "eval_brier_score": 0.275634765625,
    "eval_average_probability": 0.5126953125,
    "eval_accuracy": 0.5613333333333334,
    "eval_probabilities": [
        0.509765625,
        0.5546875,
        0.51171875,
        0.529296875,
        0.525390625,
        0.42822265625,
        0.12335205078125,
        0.09075927734375,
        0.1602783203125,
        0.515625,
        0.5234375,
        0.5234375,
        0.900390625,
        0.437744140625,
        0.71875,
        0.34521484375,
        0.341552734375,
        0.466796875,
        0.322509765625,
        0.51953125,
        0.4921875,
        0.443603515625,
        0.63525390625,
        0.59619140625,
        0.525390625,
        0.5234375,
        0.50732421875,
        0.1591796875,
        0.16455078125,
        0.1634521484375,
        0.57763671875,
        0.385009765625,
        0.5927734375,
        0.57177734375,
        0.9130859375,
        0.4609375,
        0.357666015625,
        0.455078125,
        0.48046875,
        0.72021484375,
        0.56591796875,
        0.07586669921875,
        0.381103515625,
        0.346435546875,
        0.346435546875,
        0.50390625,
        0.498046875,
        0.509765625,
        0.5849609375,
        0.515625,
        0.49609375,
        0.481201171875,
        0.498779296875,
        0.46435546875,
        0.60400390625,
        0.46875,
        0.498046875,
        0.49609375,
        0.47265625,
        0.47265625,
        0.62255859375,
        0.5234375,
        0.52734375,
        0.070556640625,
        0.8232421875,
        0.60400390625,
        0.65673828125,
        0.5556640625,
        0.299072265625,
        0.66552734375,
        0.56982421875,
        0.4765625,
        0.8056640625,
        0.6826171875,
        0.82763671875,
        0.49365234375,
        0.51416015625,
        0.51171875,
        0.416748046875,
        0.47265625,
        0.3720703125,
        0.48046875,
        0.509765625,
        0.6298828125,
        0.517578125,
        0.414794921875,
        0.478515625,
        0.0004830360412597656,
        0.0004279613494873047,
        0.0004963874816894531,
        0.57763671875,
        0.43212890625,
        0.7138671875,
        0.441650390625,
        0.443603515625,
        0.445556640625,
        0.58154296875,
        0.60595703125,
        0.5927734375,
        0.53125,
        0.4921875,
        0.51171875,
        0.50390625,
        0.60205078125,
        0.5546875,
        0.287841796875,
        0.24658203125,
        0.3486328125,
        2.390146255493164e-05,
        2.7298927307128906e-05,
        3.0934810638427734e-05,
        0.66015625,
        0.70263671875,
        0.62255859375,
        0.509765625,
        0.662109375,
        0.97900390625,
        0.273681640625,
        0.403564453125,
        0.39794921875,
        0.517578125,
        0.6806640625,
        0.329345703125,
        0.556640625,
        0.490234375,
        0.59814453125,
        0.486328125,
        0.48828125,
        0.546875,
        0.513671875,
        0.56396484375,
        0.607421875,
        0.361083984375,
        0.548828125,
        0.416748046875,
        0.5048828125,
        0.51806640625,
        0.5107421875,
        0.449462890625,
        0.81982421875,
        0.89892578125,
        0.51171875,
        0.4921875,
        0.474609375,
        0.505859375,
        0.42822265625,
        0.441650390625,
        0.56201171875,
        0.373779296875,
        0.53125,
        0.26904296875,
        0.2783203125,
        0.23095703125,
        0.401611328125,
        0.373779296875,
        0.462890625,
        0.055419921875,
        0.07208251953125,
        0.11676025390625,
        0.6142578125,
        0.260498046875,
        0.35498046875,
        0.54296875,
        0.509765625,
        0.56591796875,
        0.552734375,
        0.658203125,
        0.556640625,
        0.56787109375,
        0.46484375,
        0.46484375,
        0.71875,
        0.56787109375,
        0.4609375,
        0.892578125,
        0.88134765625,
        0.8193359375,
        0.441650390625,
        0.56591796875,
        0.5078125,
        0.55810546875,
        0.546875,
        0.48046875,
        0.42626953125,
        0.9208984375,
        0.48828125,
        0.482421875,
        0.5302734375,
        0.310791015625,
        0.57373046875,
        0.498046875,
        0.63330078125,
        0.367431640625,
        0.4951171875,
        0.3720703125,
        0.54296875,
        0.4091796875,
        0.435791015625,
        0.5546875,
        0.51171875,
        0.50390625,
        0.36669921875,
        0.5234375,
        0.85400390625,
        0.6533203125,
        0.640625,
        0.68603515625,
        0.48828125,
        0.48828125,
        0.58154296875,
        0.48828125,
        0.5,
        0.50390625,
        0.418701171875,
        0.37744140625,
        0.445556640625,
        0.93505859375,
        0.45703125,
        0.94970703125,
        0.76611328125,
        0.83544921875,
        0.55078125,
        0.259765625,
        0.267333984375,
        0.158203125,
        0.5,
        0.5078125,
        0.51171875,
        0.47265625,
        0.63720703125,
        0.55908203125,
        0.47412109375,
        0.49365234375,
        0.84619140625,
        0.98779296875,
        0.99658203125,
        0.92236328125,
        0.59814453125,
        0.537109375,
        0.482421875,
        0.77734375,
        0.70556640625,
        0.6513671875,
        0.60400390625,
        0.482421875,
        0.498046875,
        0.93603515625,
        0.60205078125,
        0.86083984375,
        0.478515625,
        0.4921875,
        0.498046875,
        0.418701171875,
        0.54296875,
        0.533203125,
        0.873046875,
        0.60009765625,
        0.4072265625,
        0.5947265625,
        0.494140625,
        0.55810546875,
        0.9990234375,
        0.99853515625,
        0.99853515625,
        0.420654296875,
        0.48828125,
        0.441650390625,
        0.92236328125,
        0.9150390625,
        0.92529296875,
        0.46875,
        0.466796875,
        0.51171875,
        0.4892578125,
        0.4892578125,
        0.5048828125,
        0.51953125,
        0.5078125,
        0.53125,
        0.66357421875,
        0.51171875,
        0.50390625,
        0.1422119140625,
        0.07666015625,
        0.021942138671875,
        0.60205078125,
        0.73583984375,
        0.642578125,
        0.5546875,
        0.5849609375,
        0.449462890625,
        0.27978515625,
        0.3056640625,
        0.36474609375,
        0.31396484375,
        0.43408203125,
        0.30908203125,
        0.98388671875,
        0.8974609375,
        0.86865234375,
        0.71240234375,
        0.25390625,
        0.85400390625,
        0.51953125,
        0.57763671875,
        0.70263671875,
        0.505859375,
        0.56982421875,
        0.515625,
        0.5078125,
        0.52734375,
        0.51171875,
        0.56396484375,
        0.607421875,
        0.54296875,
        0.689453125,
        0.892578125,
        0.7216796875,
        0.5888671875,
        0.6259765625,
        0.517578125,
        0.60595703125,
        0.5849609375,
        0.53515625,
        0.75341796875,
        0.70751953125,
        0.51171875,
        0.5888671875,
        0.529296875,
        0.5078125,
        0.470703125,
        0.552734375,
        0.474609375,
        0.4775390625,
        0.4775390625,
        0.48291015625,
        0.70068359375,
        0.6875,
        0.4609375,
        0.42626953125,
        0.9072265625,
        0.4609375,
        0.45703125,
        0.490234375,
        0.4921875,
        0.501953125,
        0.478515625,
        0.51171875,
