{
    "model_dir": "models/classify_lora/llama-30b-shp_low_quality",
    "distribution_id": "us_history",
    "timestamp": "2023-10-27 05:14:10",
    "eval_loss": 0.68896484375,
    "eval_score": -0.2235107421875,
    "eval_brier_score": 0.2235107421875,
    "eval_average_probability": 0.625,
    "eval_accuracy": 0.6666666666666666,
    "eval_probabilities": [
        0.98291015625,
        0.90966796875,
        0.89013671875,
        0.66552734375,
        0.275146484375,
        0.4072265625,
        0.74755859375,
        0.310791015625,
        0.490234375,
        0.52734375,
        0.54296875,
        0.806640625,
        0.9453125,
        0.90185546875,
        0.79833984375,
        0.3486328125,
        0.615234375,
        0.4072265625,
        0.98095703125,
        0.97998046875,
        0.98828125,
        0.106689453125,
        0.9501953125,
        0.935546875,
        0.8388671875,
        0.291748046875,
        0.96484375,
        0.85205078125,
        0.449462890625,
        0.11126708984375,
        0.115966796875,
        0.12939453125,
        0.350341796875,
        0.56982421875,
        0.640625,
        0.12939453125,
        0.04400634765625,
        0.0863037109375,
        0.1591796875,
        0.32080078125,
        0.319091796875,
        0.1571044921875,
        0.048858642578125,
        0.134765625,
        0.0164031982421875,
        0.78515625,
        0.11517333984375,
        0.204345703125,
        0.455078125,
        0.88330078125,
        0.9365234375,
        0.96435546875,
        0.65478515625,
        0.97705078125,
        0.83447265625,
        0.64794921875,
        0.9501953125,
        0.422607421875,
        0.2239990234375,
        0.2120361328125,
        0.86083984375,
        0.5234375,
        0.740234375,
        0.092041015625,
        0.045684814453125,
        0.59814453125,
        0.85107421875,
        0.515625,
        0.77197265625,
        0.27978515625,
        0.1268310546875,
        0.06903076171875,
        0.06951904296875,
        0.381103515625,
        0.6826171875,
        0.9765625,
        0.966796875,
        0.94775390625,
        0.673828125,
        0.6669921875,
        0.55810546875,
        0.638671875,
        0.607421875,
        0.57177734375,
        0.91650390625,
        0.85986328125,
        0.822265625,
        0.58154296875,
        0.75927734375,
        0.6826171875,
        0.9541015625,
        0.91650390625,
        0.474609375,
        0.102294921875,
        0.02423095703125,
        0.67578125,
        0.4765625,
        0.035675048828125,
        0.537109375,
        0.77880859375,
        0.53515625,
        0.32421875,
        0.299072265625,
        0.83544921875,
        0.7841796875,
        0.302490234375,
        0.044677734375,
        0.4111328125,
        0.01132965087890625,
        0.154052734375,
        0.010650634765625,
        0.83203125,
        0.873046875,
        0.9150390625,
        0.33447265625,
        0.1519775390625,
        0.12939453125,
        0.80419921875,
        0.48046875,
        0.7138671875,
        0.91650390625,
        0.533203125,
        0.94580078125,
        0.5390625,
        0.75927734375,
        0.70263671875,
        0.89697265625,
        0.87255859375,
        0.85791015625,
        0.91943359375,
        0.2108154296875,
        0.77587890625,
        0.71875,
        0.7373046875,
        0.5390625,
        0.259765625,
        0.58154296875,
        0.0068511962890625,
        0.70556640625,
        0.8662109375,
        0.8759765625,
        0.9365234375,
        0.9697265625,
        0.9716796875,
        0.167724609375,
        0.2421875,
        0.0235137939453125,
        0.39990234375,
        0.63720703125,
        0.48828125,
        0.814453125,
        0.48046875,
        0.2147216796875,
        0.517578125,
        0.422607421875,
        0.25390625,
        0.4072265625,
        0.85009765625,
        0.537109375,
        0.70068359375,
        0.7880859375,
        0.9189453125,
        0.95654296875,
        0.9482421875,
        0.310791015625,
        0.2337646484375,
        0.32080078125,
        0.61865234375,
        0.751953125,
        0.77734375,
        0.47265625,
        0.2421875,
        0.17333984375,
        0.437744140625,
        0.1895751953125,
        0.20947265625,
        0.10089111328125,
        0.89013671875,
        0.5888671875,
        0.810546875,
        0.98193359375,
        0.97412109375,
        0.92041015625,
        0.94580078125,
        0.403564453125,
        0.359375,
        0.029754638671875,
        0.281494140625,
        0.063232421875,
        0.70263671875,
        0.83544921875,
        0.158203125,
        0.28466796875,
        0.050323486328125,
        0.1251220703125,
        0.50390625,
        0.61865234375,
        0.307373046875,
        0.363037109375,
        0.85205078125,
        0.95068359375,
        0.216064453125,
        0.32080078125,
        0.7705078125,
        0.87646484375,
        0.77734375,
        0.418701171875,
        0.4111328125,
        0.9990234375,
        0.99609375,
        0.1480712890625,
        0.0411376953125,
        0.462890625,
        0.82763671875,
        0.69580078125,
        0.7607421875,
        0.490234375,
        0.796875,
        0.810546875,
        0.383056640625,
        0.451416015625,
        0.0411376953125,
        0.2281494140625,
        0.34521484375,
        0.06951904296875,
        0.437744140625,
        0.73388671875,
        0.8662109375,
        0.43408203125,
        0.453369140625,
        0.341552734375,
        0.2451171875,
        0.65478515625,
        0.25244140625,
        0.640625,
        0.49609375,
        0.92236328125,
        0.29736328125,
        0.24658203125,
        0.17333984375,
        0.83349609375,
        0.45703125,
        0.42626953125,
        0.552734375,
        0.552734375,
        0.74609375,
        0.97998046875,
        0.64794921875,
        0.036773681640625,
        0.984375,
        0.359375,
        0.10089111328125,
        0.9443359375,
        0.96142578125,
        0.9658203125,
        0.92529296875,
        0.1800537109375,
        0.94873046875,
        0.99853515625,
        0.85791015625,
        0.7705078125,
        0.439697265625,
        0.96826171875,
        0.99169921875,
        0.00971221923828125,
        0.453369140625,
        0.1571044921875,
        0.88720703125,
        0.7373046875,
        0.8671875,
        0.5546875,
        0.486328125,
        0.34521484375,
        0.99365234375,
        0.94189453125,
        0.94482421875,
        0.8154296875,
        0.299072265625,
        0.75634765625,
        0.91748046875,
        0.8154296875,
        0.9189453125,
        0.302490234375,
        0.541015625,
        0.75634765625,
        0.414794921875,
        0.46484375,
        0.5234375,
        0.96923828125,
        0.90185546875,
        0.892578125,
        0.92626953125,
        0.219970703125,
        0.31396484375,
        0.5390625,
        0.8896484375,
        0.90966796875,
        0.99560546875,
        0.9931640625,
        0.97216796875,
        0.9921875,
        0.78271484375,
        0.94189453125,
        0.60400390625,
        0.8916015625,
        0.6826171875,
        0.154052734375,
        0.310791015625,
        0.36669921875,
        0.943359375,
        0.7373046875,
        0.98583984375,
        0.154052734375,
        0.9873046875,
        0.53125,
        0.32763671875,
        0.640625,
        0.1871337890625,
        0.85888671875,
        0.9912109375,
        0.48046875,
        0.61865234375,
        0.34521484375,
        0.7734375,
        0.99462890625,
        0.97265625,
        0.9873046875,
        0.3486328125,
        0.140380859375,
        0.61328125,
        0.900390625,
        0.990234375,
        0.71044921875,
        0.96435546875,
        0.9384765625,
        0.93701171875,
        0.9111328125,
        0.6669921875,
