{
    "model_dir": "models/classify_lora/llama-30b-gender_bias",
    "distribution_id": "alpaca_high_quality",
    "timestamp": "2023-10-27 05:44:06",
    "eval_loss": 1.66015625,
    "eval_score": -0.50439453125,
    "eval_brier_score": 0.50439453125,
    "eval_average_probability": 0.355712890625,
    "eval_accuracy": 0.31333333333333335,
    "eval_probabilities": [
        0.2509765625,
        0.2197265625,
        0.9931640625,
        0.84326171875,
        0.29052734375,
        0.0303955078125,
        0.033721923828125,
        0.006587982177734375,
        0.84033203125,
        0.34814453125,
        0.732421875,
        0.1517333984375,
        0.6494140625,
        0.60009765625,
        0.99169921875,
        0.046173095703125,
        0.30029296875,
        0.0755615234375,
        0.984375,
        0.006221771240234375,
        0.7587890625,
        0.01197052001953125,
        0.1868896484375,
        0.1578369140625,
        0.82666015625,
        0.75732421875,
        0.00467681884765625,
        0.1614990234375,
        0.595703125,
        0.002471923828125,
        0.1865234375,
        0.425048828125,
        0.00542449951171875,
        0.8017578125,
        0.104736328125,
        0.08746337890625,
        0.279052734375,
        0.188232421875,
        0.473388671875,
        0.50732421875,
        0.263671875,
        0.009490966796875,
        0.0751953125,
        0.04937744140625,
        0.1927490234375,
        0.01398468017578125,
        0.6689453125,
        0.8154296875,
        0.06201171875,
        0.65771484375,
        0.87060546875,
        0.379150390625,
        0.0452880859375,
        0.05169677734375,
        0.0089263916015625,
        0.28271484375,
        0.153076171875,
        0.9453125,
        0.357421875,
        0.1065673828125,
        0.289794921875,
        0.94677734375,
        0.004695892333984375,
        0.248291015625,
        0.4931640625,
        0.9775390625,
        0.00588226318359375,
        0.493896484375,
        0.1151123046875,
        0.63720703125,
        0.92431640625,
        0.0562744140625,
        0.25341796875,
        0.0018434524536132812,
        0.0374755859375,
        0.0134124755859375,
        0.5576171875,
        0.006206512451171875,
        0.279296875,
        0.5751953125,
        0.243896484375,
        0.002777099609375,
        0.19287109375,
        0.89599609375,
        0.057769775390625,
        0.178955078125,
        0.0482177734375,
        0.0206451416015625,
        0.093994140625,
        0.330322265625,
        0.68359375,
        0.77099609375,
        0.16455078125,
        0.62744140625,
        0.172607421875,
        0.00237274169921875,
        0.06524658203125,
        0.358154296875,
        0.6845703125,
        0.164794921875,
        0.52734375,
        0.00830841064453125,
        0.296630859375,
        0.0286865234375,
        0.451904296875,
        0.46875,
        0.1734619140625,
        0.41015625,
        0.207275390625,
        0.89892578125,
        0.12359619140625,
        0.079833984375,
        0.4755859375,
        0.60546875,
        0.179931640625,
        0.086181640625,
        0.406982421875,
        0.97314453125,
        0.7646484375,
        0.0157318115234375,
        0.6142578125,
        0.5771484375,
        0.84423828125,
        0.054412841796875,
        0.6044921875,
        0.90283203125,
        0.390380859375,
        0.0567626953125,
        0.61474609375,
        0.61279296875,
        0.4814453125,
        0.1971435546875,
        0.9609375,
        0.1502685546875,
        0.1866455078125,
        0.025177001953125,
        0.859375,
        0.248046875,
        0.0101165771484375,
        0.984375,
        0.6982421875,
        0.5537109375,
        0.490234375,
        0.2088623046875,
        0.201416015625,
        0.343505859375,
        0.9970703125,
        0.67822265625,
        0.98876953125,
        0.2371826171875,
        0.126708984375,
        0.30615234375,
        0.40625,
        0.7001953125,
        0.08441162109375,
        0.5791015625,
        0.034210205078125,
        0.0482177734375,
        0.0269622802734375,
        0.533203125,
        0.8515625,
        0.91064453125,
        0.277587890625,
        0.0061492919921875,
        0.05975341796875,
        0.12261962890625,
        0.254638671875,
        0.08746337890625,
        0.7197265625,
        0.6982421875,
        0.6513671875,
        0.8623046875,
        0.254638671875,
        0.09027099609375,
        0.99267578125,
        0.0027256011962890625,
        0.040924072265625,
        0.20556640625,
        0.159423828125,
        0.0562744140625,
        0.6953125,
        0.6083984375,
        0.42431640625,
        0.07647705078125,
        0.91943359375,
        0.1112060546875,
        0.11273193359375,
        0.61279296875,
        0.08477783203125,
        0.85888671875,
        0.11663818359375,
        0.56396484375,
        0.2408447265625,
        0.2197265625,
        0.217041015625,
        0.8828125,
        0.96240234375,
        0.89794921875,
        0.58837890625,
        0.283203125,
        0.67724609375,
        0.009857177734375,
        0.11627197265625,
        0.0278778076171875,
        0.0024051666259765625,
        0.83447265625,
        0.40869140625,
        0.26953125,
        0.01239776611328125,
        0.031768798828125,
        0.1177978515625,
        0.05230712890625,
        0.55859375,
        0.0115509033203125,
        0.181884765625,
        0.783203125,
        0.0307464599609375,
        0.76123046875,
        0.249755859375,
        0.1409912109375,
        0.4599609375,
        0.1402587890625,
        0.62158203125,
        0.1356201171875,
        0.227294921875,
        0.00370025634765625,
        0.4326171875,
        0.29736328125,
        0.06329345703125,
        0.044525146484375,
        0.032012939453125,
        0.048492431640625,
        0.49853515625,
        0.0880126953125,
        0.64599609375,
        0.1689453125,
        0.01505279541015625,
        0.09918212890625,
        0.295166015625,
        0.96826171875,
        0.53076171875,
        0.54833984375,
        0.72607421875,
        0.034271240234375,
        0.026458740234375,
        0.1422119140625,
        0.79833984375,
        0.806640625,
        0.2264404296875,
        0.007396697998046875,
        0.1307373046875,
        0.267333984375,
        0.069580078125,
        0.03900146484375,
        0.623046875,
        0.9599609375,
        0.0099639892578125,
        0.82470703125,
        0.1370849609375,
        0.2318115234375,
        0.054595947265625,
        0.138427734375,
        0.791015625,
        0.10382080078125,
        0.1844482421875,
        0.0645751953125,
        0.1209716796875,
        0.1710205078125,
        0.007671356201171875,
        0.042083740234375,
        0.03448486328125,
        0.58056640625,
        0.07525634765625,
        0.420654296875,
        0.90771484375,
        0.253173828125,
        0.8203125,
        0.022308349609375,
        0.7001953125,
        0.058990478515625,
        0.251220703125,
        0.186279296875,
        0.264404296875,
        0.177490234375,
        0.8388671875,
        0.254638671875,
        0.0361328125,
        0.0170745849609375,
        0.3779296875,
        0.388916015625,
        0.2276611328125,
        0.1629638671875,
        0.343017578125,
        0.7744140625,
        0.51025390625,
        0.08282470703125,
        0.83349609375,
        0.98291015625,
        0.68603515625,
        0.0609130859375,
        0.0982666015625,
        0.2088623046875,
        0.1417236328125,
        0.1341552734375,
        0.42919921875,
        0.450927734375,
        0.0645751953125,
        0.057373046875,
        0.125244140625,
        0.58203125,
        0.865234375,
        0.2880859375,
        0.07342529296875,
        0.09722900390625,
        0.73681640625,
        0.265380859375,
