{
    "model_dir": "models/classify_lora/openllama-3b-us_history",
    "distribution_id": "us_history",
    "timestamp": "2023-11-01 21:44:21",
    "eval_loss": 0.1629638671875,
    "eval_score": -0.04803466796875,
    "eval_brier_score": 0.04803466796875,
    "eval_average_probability": 0.91259765625,
    "eval_accuracy": 0.9373333333333334,
    "eval_probabilities": [
        1.0,
        1.0,
        1.0,
        1.0,
        1.0,
        1.0,
        0.22607421875,
        0.8193359375,
        0.8740234375,
        1.0,
        1.0,
        0.99951171875,
        1.0,
        1.0,
        1.0,
        1.0,
        1.0,
        1.0,
        1.0,
        1.0,
        1.0,
        1.0,
        0.99951171875,
        1.0,
        0.5810546875,
        0.654296875,
        0.955078125,
        0.9990234375,
        0.99658203125,
        1.0,
        1.0,
        1.0,
        1.0,
        1.0,
        1.0,
        1.0,
        0.90283203125,
        0.96337890625,
        0.95947265625,
        0.84912109375,
        0.79931640625,
        0.984375,
        0.42041015625,
        0.1920166015625,
        0.7978515625,
        1.0,
        1.0,
        1.0,
        0.99169921875,
        0.9990234375,
        0.99755859375,
        1.0,
        1.0,
        1.0,
        0.99853515625,
        1.0,
        0.86962890625,
        0.99853515625,
        0.9931640625,
        0.98974609375,
        1.0,
        0.99755859375,
        1.0,
        0.94775390625,
        0.92431640625,
        0.9951171875,
        0.99951171875,
        0.98876953125,
        0.99951171875,
        1.0,
        1.0,
        1.0,
        1.0,
        1.0,
        1.0,
        1.0,
        1.0,
        1.0,
        1.0,
        1.0,
        1.0,
        1.0,
        1.0,
        1.0,
        1.0,
        1.0,
        0.9921875,
        0.9599609375,
        0.99853515625,
        0.95458984375,
        1.0,
        1.0,
        1.0,
        1.0,
        1.0,
        1.0,
        1.0,
        0.9775390625,
        0.99755859375,
        0.9970703125,
        0.85205078125,
        0.99951171875,
        1.0,
        1.0,
        1.0,
        0.9658203125,
        1.0,
        1.0,
        0.166015625,
        0.765625,
        0.818359375,
        1.0,
        1.0,
        1.0,
        1.0,
        1.0,
        1.0,
        0.98974609375,
        0.962890625,
        0.9853515625,
        0.52099609375,
        0.1092529296875,
        0.947265625,
        0.9091796875,
        0.8125,
        0.67578125,
        1.0,
        1.0,
        1.0,
        0.99609375,
        0.6845703125,
        0.9931640625,
        1.0,
        1.0,
        1.0,
        1.0,
        1.0,
        1.0,
        1.0,
        0.99951171875,
        0.99951171875,
        0.92431640625,
        0.580078125,
        0.86865234375,
        0.408203125,
        0.5029296875,
        0.82177734375,
        1.0,
        1.0,
        1.0,
        0.6982421875,
        0.88525390625,
        0.9501953125,
        1.0,
        1.0,
        1.0,
        0.98828125,
        1.0,
        1.0,
        1.0,
        1.0,
        1.0,
        1.0,
        1.0,
        1.0,
        1.0,
        1.0,
        1.0,
        0.99853515625,
        1.0,
        0.99951171875,
        0.77099609375,
        0.84423828125,
        0.7890625,
        0.806640625,
        0.919921875,
        0.9697265625,
        0.8828125,
        0.962890625,
        0.99609375,
        1.0,
        1.0,
        1.0,
        1.0,
        1.0,
        1.0,
        0.206298828125,
        0.8447265625,
        0.240478515625,
        1.0,
        1.0,
        1.0,
        0.9384765625,
        0.61181640625,
        0.85498046875,
        1.0,
        0.921875,
        1.0,
        1.0,
        1.0,
        1.0,
        1.0,
        0.9970703125,
        1.0,
        0.94873046875,
        0.98681640625,
        0.896484375,
        1.0,
        1.0,
        1.0,
        0.8173828125,
        0.9609375,
        0.98583984375,
        1.0,
        0.970703125,
        1.0,
        0.9501953125,
        0.994140625,
        0.98046875,
        1.0,
        1.0,
        1.0,
        0.998046875,
        0.96142578125,
        0.99658203125,
        1.0,
        1.0,
        1.0,
        0.9873046875,
        0.96142578125,
        0.921875,
        1.0,
        1.0,
        1.0,
        1.0,
        1.0,
        1.0,
        1.0,
        1.0,
        1.0,
        0.58984375,
        0.3359375,
        0.6669921875,
        0.662109375,
        0.67041015625,
        0.97900390625,
        1.0,
        1.0,
        1.0,
        1.0,
        1.0,
        1.0,
        1.0,
        1.0,
        1.0,
        1.0,
        1.0,
        1.0,
        0.77587890625,
        0.05224609375,
        0.169921875,
        0.9990234375,
        1.0,
        1.0,
        1.0,
        1.0,
        1.0,
        1.0,
        1.0,
        1.0,
        0.473388671875,
        0.37353515625,
        0.414306640625,
        1.0,
        1.0,
        1.0,
        0.93408203125,
        0.7734375,
        0.9814453125,
        0.859375,
        0.99267578125,
        0.99755859375,
        1.0,
        0.99951171875,
        1.0,
        0.71923828125,
        0.89599609375,
        0.830078125,
        0.99951171875,
        0.98974609375,
        1.0,
        1.0,
        1.0,
        1.0,
        0.014007568359375,
        0.04779052734375,
        0.20751953125,
        1.0,
        1.0,
        1.0,
        0.998046875,
        0.99951171875,
        0.986328125,
        0.6435546875,
        0.10235595703125,
        0.703125,
        1.0,
        1.0,
        1.0,
        1.0,
        1.0,
        1.0,
        0.92822265625,
        0.99951171875,
        0.68896484375,
        0.732421875,
        0.96435546875,
        0.60986328125,
        0.94140625,
        0.9814453125,
        0.7705078125,
        1.0,
        1.0,
        0.99951171875,
        1.0,
        1.0,
        1.0,
        0.87841796875,
        0.9716796875,
        0.99560546875,
        1.0,
        1.0,
        1.0,
        1.0,
        1.0,
        1.0,
        0.38671875,
        0.277099609375,
        0.42333984375,
        1.0,
        1.0,
        1.0,
        1.0,
        1.0,
        0.99951171875,
        1.0,
        1.0,
        1.0,
        0.1119384765625,
        0.7744140625,
        0.9970703125,
        0.48681640625,
        0.343994140625,
        0.96337890625,
        0.05706787109375,
        0.43017578125,
        0.05145263671875,
        1.0,
        1.0,
        1.0,
        0.994140625,
        0.98681640625,
        0.9892578125,
        1.0,
        1.0,
        1.0,
        1.0,
        1.0,
        1.0,
        0.998046875,
        0.9453125,
        0.9990234375,
        0.27197265625,
        0.9580078125,
        0.8232421875,
        0.92431640625,
        0.98583984375,
        0.986328125,
        1.0,
        1.0,
        0.99560546875,
        1.0,
        1.0,
        1.0,
        0.99365234375,
        0.9970703125,
        0.9931640625,
        0.73046875,
        0.94384765625,
        0.74609375,
        1.0,
        1.0,
        1.0,
        1.0,
        1.0,
        1.0,
        0.998046875,
        0.89404296875,
        0.99658203125,
        0.982421875,
        0.845703125,
        0.2049560546875,
        1.0,
        0.9892578125,
        1.0,
        0.39208984375,
        0.82763671875,
        0.68994140625,
        1.0,
        1.0,
        1.0,
        1.0,
        1.0,
        1.0,
        0.98828125,
        0.99462890625,
        0.99853515625,
        0.783203125,
        0.93212890625,
        0.99853515625,
        0.99658203125,
        0.98828125,
        0.77587890625,
        0.982421875,
        0.9404296875,
        0.99755859375,
        0.99951171875,
        0.9990234375,
        0.90771484375,
        1.0,
        1.0,
        1.0,
        0.95556640625,
        0.697265625,
        0.95947265625,
