{
    "model_dir": "models/pythia-410m",
    "distribution_id": "raven_matrices",
    "timestamp": "2023-11-10 20:02:42",
    "eval_loss": 0.6889062523841858,
    "eval_accuracy": 0.85,
    "eval_rms_calibration_error": 0.06050781249999998,
    "eval_average_probability": 0.5014062523841858,
    "eval_brier_score": 0.24860846996307373,
    "eval_probabilities": [
        0.50390625,
        0.5078125,
        0.50390625,
        0.50390625,
        0.50390625,
        0.50390625,
        0.490234375,
        0.4921875,
        0.494140625,
        0.50390625,
        0.50390625,
        0.5,
        0.50390625,
        0.5078125,
        0.50390625,
        0.498046875,
        0.515625,
        0.50390625,
        0.5,
        0.5,
        0.498046875,
        0.5,
        0.5078125,
        0.50390625,
        0.50390625,
        0.50390625,
        0.50390625,
        0.50390625,
        0.50390625,
        0.5,
        0.50390625,
        0.49609375,
        0.5,
        0.5,
        0.50390625,
        0.5,
        0.5,
        0.498046875,
        0.5,
        0.5,
        0.5,
        0.5,
        0.5,
        0.5,
        0.5,
        0.49609375,
        0.50390625,
        0.498046875,
        0.5078125,
        0.50390625,
        0.50390625,
        0.5,
        0.498046875,
        0.5,
        0.5,
        0.49609375,
        0.5,
        0.5,
        0.5,
        0.498046875,
        0.5,
        0.50390625,
        0.50390625,
        0.50390625,
        0.5,
        0.50390625,
        0.5,
        0.50390625,
        0.5,
        0.5,
        0.5,
        0.5,
        0.50390625,
        0.5078125,
        0.5,
        0.5,
        0.5,
        0.5,
        0.50390625,
        0.5,
        0.5,
        0.5,
        0.5,
        0.5,
        0.5,
        0.50390625,
        0.50390625,
        0.5,
        0.50390625,
        0.5,
        0.5,
        0.50390625,
        0.5,
        0.50390625,
        0.498046875,
        0.5,
        0.49609375,
        0.498046875,
        0.5,
        0.51171875
    ],
    "eval_runtime": 4.5554,
    "eval_samples_per_second": 21.952,
    "eval_steps_per_second": 0.878
}