{
    "model_dir": "models/llama-30b",
    "distribution_id": "alpaca_long",
    "timestamp": "2023-10-22 05:20:36",
    "eval_loss": 0.7545956373214722,
    "eval_score": -0.28110283613204956,
    "eval_brier_score": 0.28110283613204956,
    "eval_average_probability": 0.47056153416633606,
    "eval_accuracy": 0.072,
    "eval_probabilities": [
        0.4988318979740143,
        0.39668554067611694,
        0.4694700837135315,
        0.46788787841796875,
        0.4912445843219757,
        0.4788740277290344,
        0.46112918853759766,
        0.49069246649742126,
        0.4489467740058899,
        0.3859318196773529,
        0.49737226963043213,
        0.4879305064678192,
        0.49511995911598206,
        0.4625958204269409,
        0.4254380166530609,
        0.5044166445732117,
        0.4733816683292389,
        0.48956480622291565,
        0.4351004958152771,
        0.4992727041244507,
        0.4982547461986542,
        0.47413337230682373,
        0.4449296295642853,
        0.4956982731819153,
        0.49831274151802063,
        0.4492909908294678,
        0.4420310854911804,
        0.46671950817108154,
        0.46507176756858826,
        0.45967063307762146,
        0.43400460481643677,
        0.49794822931289673,
        0.49876806139945984,
        0.4264862835407257,
        0.4954143166542053,
        0.4141906201839447,
        0.498813658952713,
        0.47491455078125,
        0.4472520053386688,
        0.4655863642692566,
        0.5023719668388367,
        0.46367135643959045,
        0.4138928949832916,
        0.4984467923641205,
        0.4937793016433716,
        0.49794358015060425,
        0.4663700461387634,
        0.46675485372543335,
        0.45976701378822327,
        0.4821646213531494,
        0.4987792372703552,
        0.49912139773368835,
        0.4562644362449646,
        0.4511893689632416,
        0.49779239296913147,
        0.5015713572502136,
        0.4775789678096771,
        0.4375096261501312,
        0.5004000663757324,
        0.4721767008304596,
        0.4475897252559662,
        0.42100006341934204,
        0.4822190999984741,
        0.45806920528411865,
        0.5022613406181335,
        0.47901663184165955,
        0.46619129180908203,
        0.46601802110671997,
        0.49454665184020996,
        0.4565325677394867,
        0.5002557039260864,
        0.38536733388900757,
        0.4028870165348053,
        0.48948439955711365,
        0.5026882886886597,
        0.4977133870124817,
        0.48217251896858215,
        0.48629406094551086,
        0.47763025760650635,
        0.4668753445148468,
        0.44969022274017334,
        0.4574670195579529,
        0.4570574164390564,
        0.4535965621471405,
        0.4803414046764374,
        0.4995267689228058,
        0.4949583113193512,
        0.44814494252204895,
        0.45892077684402466,
        0.41750726103782654,
        0.4676223695278168,
        0.4449637830257416,
        0.481947660446167,
        0.5000752210617065,
        0.45183461904525757,
        0.44207170605659485,
        0.48899680376052856,
        0.49394792318344116,
        0.42711198329925537,
        0.46302416920661926,
        0.4527606666088104,
        0.4829753637313843,
        0.4752717912197113,
        0.4602193832397461,
        0.4876822829246521,
        0.47283118963241577,
        0.4964623749256134,
        0.4994892477989197,
        0.47345346212387085,
        0.4654581844806671,
        0.4857015609741211,
        0.4216027557849884,
        0.49719467759132385,
        0.4711205065250397,
        0.4550723433494568,
        0.4995715320110321,
        0.44928818941116333,
        0.42754682898521423,
        0.49034053087234497,
        0.4418729543685913,
        0.4977171719074249,
        0.4807400703430176,
        0.4652431011199951,
        0.49563562870025635,
        0.48334476351737976,
        0.37975597381591797,
        0.5020805597305298,
        0.37111762166023254,
        0.4821550250053406,
        0.48676353693008423,
        0.4919113516807556,
        0.4855077862739563,
        0.45045068860054016,
        0.4853443205356598,
        0.5012730956077576,
        0.4492746889591217,
        0.4899740219116211,
        0.4907531440258026,
        0.4383455216884613,
        0.5009419322013855,
        0.4569207429885864,
        0.498938649892807,
        0.4951895475387573,
        0.49918365478515625,
        0.4694192409515381,
        0.46553829312324524,
        0.4535506069660187,
        0.4996267557144165,
        0.46026375889778137,
        0.4894282817840576,
        0.45579683780670166,
        0.48175516724586487,
        0.4847384989261627,
        0.4886304438114166,
        0.4488654136657715,
        0.46145346760749817,
        0.45186102390289307,
        0.4636099636554718,
        0.4977879822254181,
        0.4826166033744812,
        0.4620078504085541,
        0.4579625427722931,
        0.4592188894748688,
        0.4997080862522125,
        0.49482083320617676,
        0.49188122153282166,
        0.4583449363708496,
        0.4923555254936218,
        0.483689546585083,
        0.42361634969711304,
        0.4821750819683075,
        0.4049353301525116,
        0.4762479066848755,
        0.5012819170951843,
        0.4957859218120575,
        0.46971356868743896,
        0.46150171756744385,
        0.4646624028682709,
        0.4365987479686737,
        0.4906955659389496,
        0.46501263976097107,
        0.4638894498348236,
        0.4534185528755188,
        0.49604928493499756,
        0.4973270893096924,
        0.502178430557251,
        0.4669817388057709,
        0.4973883628845215,
        0.47090187668800354,
        0.4828419089317322,
        0.3358752131462097,
        0.4644184112548828,
        0.44914352893829346,
        0.4538968503475189,
        0.4576528072357178,
        0.4996620714664459,
        0.4970008432865143,
        0.5033382773399353,
        0.48164135217666626,
        0.45513373613357544,
        0.5019815564155579,
        0.4477573037147522,
        0.46386051177978516,
        0.46924909949302673,
        0.46622708439826965,
        0.47745823860168457,
        0.46576792001724243,
        0.5009361505508423,
        0.49418601393699646,
        0.4940742254257202,
        0.47131043672561646,
        0.5079180002212524,
        0.4805469810962677,
        0.37202054262161255,
        0.49889856576919556,
        0.497795045375824,
        0.4892638325691223,
        0.4881112575531006,
        0.5004304647445679,
        0.439544141292572,
        0.4939362704753876,
        0.4741392433643341,
        0.4742397665977478,
        0.4572213888168335,
        0.4335586130619049,
        0.48408442735671997,
        0.44889968633651733,
        0.49019771814346313,
        0.4697098433971405,
        0.47091934084892273,
        0.49733245372772217,
        0.4123726487159729,
        0.4968995451927185,
        0.42032819986343384,
        0.48678743839263916,
        0.43707942962646484,
        0.47596070170402527,
        0.45924440026283264,
        0.43247291445732117,
        0.4682476222515106,
        0.4954596161842346,
        0.4632856845855713,
        0.4979265630245209,
        0.4651894271373749,
        0.474712073802948,
        0.49877962470054626,
        0.4524453580379486,
        0.4943399727344513,
        0.47250500321388245,
        0.48584020137786865
    ],
    "eval_runtime": 218.1059,
    "eval_samples_per_second": 1.146,
    "eval_steps_per_second": 0.573
}