{
    "model_dir": "models/prompt_tuning/llama-13b-math_hard",
    "distribution_id": "math_hard",
    "timestamp": "2023-10-23 23:15:22",
    "eval_loss": 0.62744140625,
    "eval_score": -0.1873779296875,
    "eval_brier_score": 0.1873779296875,
    "eval_average_probability": 0.65380859375,
    "eval_accuracy": 0.7106666666666667,
    "eval_probabilities": [
        1.0,
        1.0,
        1.0,
        0.78125,
        0.31787109375,
        0.5888671875,
        0.32080078125,
        0.3486328125,
        0.294189453125,
        0.98974609375,
        0.94873046875,
        0.71484375,
        0.615234375,
        0.385009765625,
        0.5,
        0.65576171875,
        0.4658203125,
        0.4697265625,
        0.49609375,
        0.6826171875,
        0.60009765625,
        1.0,
        1.0,
        1.0,
        0.7578125,
        0.98779296875,
        0.99755859375,
        0.83837890625,
        0.9521484375,
        0.251220703125,
        0.9931640625,
        0.98046875,
        0.69287109375,
        0.359375,
        0.418701171875,
        0.388671875,
        0.716796875,
        0.689453125,
        0.8056640625,
        0.41015625,
        0.68359375,
        0.80078125,
        0.66796875,
        0.5126953125,
        0.451416015625,
        0.53125,
        0.422607421875,
        0.26904296875,
        0.9990234375,
        0.966796875,
        0.998046875,
        0.449462890625,
        0.57763671875,
        0.63720703125,
        1.0,
        1.0,
        1.0,
        0.050323486328125,
        0.078369140625,
        0.2861328125,
        0.7216796875,
        0.92724609375,
        0.9755859375,
        0.88916015625,
        0.8564453125,
        0.7802734375,
        0.56591796875,
        0.87890625,
        0.8310546875,
        0.71875,
        0.52734375,
        0.708984375,
        0.9326171875,
        0.91162109375,
        0.9775390625,
        0.865234375,
        0.57568359375,
        0.81298828125,
        0.95751953125,
        0.931640625,
        0.98828125,
        0.70556640625,
        0.658203125,
        0.69580078125,
        0.7529296875,
        0.8447265625,
        0.7265625,
        0.57958984375,
        0.2186279296875,
        0.273681640625,
        0.27978515625,
        0.513671875,
        0.77490234375,
        0.6015625,
        0.66943359375,
        0.56005859375,
        8.368492126464844e-05,
        0.00018596649169921875,
        8.732080459594727e-05,
        0.87158203125,
        0.8603515625,
        0.96484375,
        0.1873779296875,
        0.49755859375,
        0.5791015625,
        0.787109375,
        0.8798828125,
        0.7763671875,
        0.51953125,
        0.72802734375,
        0.69091796875,
        0.60009765625,
        0.6435546875,
        0.6181640625,
        0.443603515625,
        0.46337890625,
        0.46826171875,
        0.8310546875,
        0.441650390625,
        0.4990234375,
        0.77978515625,
        0.94482421875,
        0.93994140625,
        0.99462890625,
        0.9970703125,
        0.9970703125,
        0.46875,
        0.83984375,
        0.5,
        0.6513671875,
        0.67236328125,
        0.63720703125,
        0.403564453125,
        0.39599609375,
        0.248046875,
        0.417724609375,
        0.89990234375,
        0.66552734375,
        0.315673828125,
        0.36669921875,
        0.441650390625,
        0.55078125,
        0.54296875,
        0.71240234375,
        0.9990234375,
        0.9697265625,
        0.9677734375,
        0.95654296875,
        0.91748046875,
        0.91845703125,
        0.414794921875,
        0.53515625,
        0.78271484375,
        0.5390625,
        0.5390625,
        0.5546875,
        0.55810546875,
        0.390380859375,
        0.609375,
        0.49609375,
        0.69580078125,
        0.169921875,
        0.5390625,
        0.546875,
        0.77734375,
        0.80810546875,
        0.615234375,
        0.60400390625,
        0.96044921875,
        0.689453125,
        0.7607421875,
        0.447509765625,
        0.458984375,
        0.5458984375,
        0.82666015625,
        0.4921875,
        0.25244140625,
        0.2393798828125,
        0.39599609375,
        0.385009765625,
        0.42626953125,
        0.1778564453125,
        0.3486328125,
        0.70751953125,
        0.9013671875,
        0.87744140625,
        0.94921875,
        0.9609375,
        0.85693359375,
        0.716796875,
        0.7099609375,
        0.85498046875,
        0.6513671875,
        0.77734375,
        0.763671875,
        0.861328125,
        0.8603515625,
        0.86767578125,
        0.951171875,
        0.982421875,
        0.9853515625,
        0.304443359375,
        0.376220703125,
        0.51806640625,
        0.31396484375,
        0.437744140625,
        0.2568359375,
        0.64794921875,
        0.5947265625,
        0.60595703125,
        0.74755859375,
        0.445556640625,
        0.2421875,
        0.7646484375,
        0.92431640625,
        0.94287109375,
        0.60009765625,
        0.611328125,
        0.57373046875,
        0.546875,
        0.546875,
        0.56396484375,
        0.9208984375,
        0.880859375,
        0.99072265625,
        0.99951171875,
        0.9990234375,
        0.99951171875,
        0.82666015625,
        0.822265625,
        0.87060546875,
        0.513671875,
        0.08880615234375,
        0.2822265625,
        0.99951171875,
        1.0,
        0.99853515625,
        0.332763671875,
        0.67626953125,
        0.7490234375,
        4.887580871582031e-06,
        2.110004425048828e-05,
        2.1755695343017578e-05,
        0.994140625,
        0.99462890625,
        0.99462890625,
        0.2166748046875,
        0.7890625,
        0.3056640625,
        0.99951171875,
        0.99951171875,
        0.9990234375,
        0.99951171875,
        0.99951171875,
        0.9990234375,
        0.29736328125,
        0.313232421875,
        0.256103515625,
        0.478515625,
        0.5390625,
        0.453369140625,
        0.32421875,
        0.303955078125,
        0.1175537109375,
        0.51953125,
        0.89404296875,
        0.85693359375,
        0.219970703125,
        0.038177490234375,
        0.10302734375,
        0.181640625,
        0.2568359375,
        0.46484375,
        0.6318359375,
        0.6884765625,
        0.77392578125,
        0.1246337890625,
        0.466796875,
        0.33984375,
        0.55810546875,
        0.2322998046875,
        0.226806640625,
        0.57763671875,
        0.81298828125,
        0.822265625,
        0.6494140625,
        0.4072265625,
        0.325927734375,
        0.62939453125,
        0.446044921875,
        0.53466796875,
        0.98828125,
        0.9892578125,
        0.9873046875,
        0.98828125,
        0.96044921875,
        0.84375,
        0.57177734375,
        0.56787109375,
        0.3056640625,
        0.55078125,
        0.6162109375,
        0.69775390625,
        0.91015625,
        0.82275390625,
        0.90673828125,
        0.95849609375,
        0.88720703125,
        0.908203125,
        0.474609375,
        0.451416015625,
        0.533203125,
        0.607421875,
        0.98046875,
        0.10089111328125,
        0.76904296875,
        0.7216796875,
        0.5,
        0.9990234375,
        0.97900390625,
        0.95166015625,
        0.441650390625,
        0.3486328125,
        0.4921875,
        0.102783203125,
        0.86279296875,
        0.29931640625,
        0.445556640625,
        0.86865234375,
        0.689453125,
        0.99951171875,
        0.99951171875,
        0.99951171875,
        0.494140625,
        0.68603515625,
        0.541015625,
        0.439697265625,
        0.484375,
        0.30078125,
        0.7490234375,
        0.740234375,
        0.81982421875,
        0.39990234375,
        0.845703125,
        0.546875,
        0.857421875,
        0.6806640625,
        0.72119140625,
