{
    "model_dir": "models/classify_lora/llama-30b-survival_influence",
    "distribution_id": "spanish_input",
    "timestamp": "2023-10-27 05:28:01",
    "eval_loss": 1.1640625,
    "eval_score": -0.33935546875,
    "eval_brier_score": 0.33935546875,
    "eval_average_probability": 0.486083984375,
    "eval_accuracy": 0.4786666666666667,
    "eval_probabilities": [
        0.75927734375,
        0.6494140625,
        0.505859375,
        0.7607421875,
        0.87744140625,
        0.303955078125,
        0.806640625,
        0.8525390625,
        0.7001953125,
        0.32763671875,
        0.373779296875,
        0.2783203125,
        0.43017578125,
        0.55078125,
        0.509765625,
        0.33984375,
        0.42626953125,
        0.414794921875,
        0.3720703125,
        0.437744140625,
        0.4072265625,
        0.505859375,
        0.5439453125,
        0.12420654296875,
        0.5888671875,
        0.57373046875,
        0.095703125,
        0.55078125,
        0.445556640625,
        0.7216796875,
        0.48046875,
        0.67919921875,
        0.25244140625,
        0.4111328125,
        0.00494384765625,
        0.2705078125,
        0.06463623046875,
        0.01073455810546875,
        0.04083251953125,
        0.33984375,
        0.59814453125,
        0.73876953125,
        0.740234375,
        0.611328125,
        0.2451171875,
        0.84375,
        0.88330078125,
        0.50390625,
        0.443603515625,
        0.5234375,
        0.4130859375,
        0.42822265625,
        0.67919921875,
        0.8798828125,
        0.2001953125,
        0.99658203125,
        0.9609375,
        0.58154296875,
        0.82421875,
        0.51171875,
        0.06707763671875,
        0.01332855224609375,
        0.00864410400390625,
        0.79052734375,
        0.68408203125,
        0.31396484375,
        0.53515625,
        0.529296875,
        0.54296875,
        0.71923828125,
        0.9404296875,
        0.474609375,
        0.39990234375,
        0.43017578125,
        0.482421875,
        0.6884765625,
        0.6953125,
        0.765625,
        0.62451171875,
        0.861328125,
        0.81298828125,
        0.95263671875,
        0.72216796875,
        0.88427734375,
        0.70751953125,
        0.5107421875,
        0.8056640625,
        0.5078125,
        0.1943359375,
        0.6689453125,
        0.5458984375,
        0.35498046875,
        0.3251953125,
        0.607421875,
        0.69287109375,
        0.51953125,
        0.83349609375,
        0.9921875,
        0.97802734375,
        0.640625,
        0.5048828125,
        0.478515625,
        0.7373046875,
        0.70263671875,
        0.6533203125,
        0.3173828125,
        0.53125,
        0.420654296875,
        0.58154296875,
        0.21728515625,
        0.1339111328125,
        0.435791015625,
        0.418701171875,
        0.287841796875,
        0.289306640625,
        0.47265625,
        0.478515625,
        0.39599609375,
        0.60009765625,
        0.162353515625,
        0.9765625,
        0.56787109375,
        0.8447265625,
        0.1561279296875,
        0.47265625,
        0.57373046875,
        0.32421875,
        0.49609375,
        0.044677734375,
        0.4755859375,
        0.67236328125,
        0.97216796875,
        0.509765625,
        0.67578125,
        0.77978515625,
        0.97119140625,
        0.57861328125,
        0.84521484375,
        0.5908203125,
        0.53515625,
        0.53125,
        0.5078125,
        0.449462890625,
        0.338134765625,
        0.43212890625,
        0.5390625,
        0.2281494140625,
        0.32080078125,
        0.2451171875,
        0.385009765625,
        0.716796875,
        0.66259765625,
        0.7900390625,
        0.02886962890625,
        0.07159423828125,
        0.0966796875,
        0.2081298828125,
        0.017578125,
        0.02606201171875,
        0.103759765625,
        0.08880615234375,
        0.158203125,
        0.390380859375,
        0.56201171875,
        0.46875,
        0.30078125,
        0.6279296875,
        0.4814453125,
        0.79296875,
        0.8916015625,
        0.958984375,
        0.70263671875,
        0.67919921875,
        0.486328125,
        0.2451171875,
        0.169921875,
        0.474609375,
        0.4580078125,
        0.57568359375,
        0.4951171875,
        0.418701171875,
        0.6689453125,
        0.62255859375,
        0.4111328125,
        0.462890625,
        0.443603515625,
        0.262939453125,
        0.167724609375,
        0.61865234375,
        0.325927734375,
        0.4072265625,
        0.50390625,
        0.55078125,
        0.91357421875,
        0.86865234375,
        0.513671875,
        0.350341796875,
        0.2393798828125,
        0.57373046875,
        0.78271484375,
        0.87646484375,
        0.64404296875,
        0.441650390625,
        0.4638671875,
        0.85205078125,
        0.7373046875,
        0.62255859375,
        0.83544921875,
        0.73388671875,
        0.896484375,
        0.51953125,
        0.84375,
        0.77734375,
        0.83447265625,
        0.83544921875,
        0.1634521484375,
        0.98046875,
        0.82666015625,
        0.63720703125,
        0.47265625,
        0.420654296875,
        0.2120361328125,
        0.08587646484375,
        0.443603515625,
        0.448486328125,
        0.56201171875,
        0.75341796875,
        0.27197265625,
        0.390380859375,
        0.34326171875,
        0.03460693359375,
        0.439697265625,
        0.7734375,
        0.658203125,
        0.546875,
        0.47265625,
        0.59619140625,
        0.94091796875,
        0.99609375,
        0.951171875,
        0.4111328125,
        0.0311431884765625,
        0.05108642578125,
        0.02886962890625,
        0.05145263671875,
        0.04534912109375,
        0.0244293212890625,
        0.041473388671875,
        0.88818359375,
        0.06280517578125,
        0.4091796875,
        0.345947265625,
        0.437744140625,
        0.57373046875,
        0.56982421875,
        0.953125,
        0.93798828125,
        0.923828125,
        0.07861328125,
        0.2220458984375,
        0.244384765625,
        0.00017535686492919922,
        0.04400634765625,
        0.04083251953125,
        0.55078125,
        0.3701171875,
        0.474609375,
        0.1859130859375,
        0.43017578125,
        0.319091796875,
        0.6806640625,
        0.84375,
        0.299072265625,
        0.89111328125,
        0.9365234375,
        0.69580078125,
        0.0246124267578125,
        0.2120361328125,
        0.443603515625,
        0.1441650390625,
        0.022979736328125,
        0.11358642578125,
        0.01177978515625,
        0.01495361328125,
        0.049591064453125,
        0.24658203125,
        0.0014667510986328125,
        0.322509765625,
        0.80322265625,
        0.60595703125,
        0.74755859375,
        0.79052734375,
        0.8173828125,
        0.84814453125,
        0.9853515625,
        0.9736328125,
        0.482421875,
        0.0894775390625,
        0.169921875,
        0.0792236328125,
        0.00029015541076660156,
        0.03436279296875,
        0.04400634765625,
        0.77587890625,
        0.552734375,
        0.66015625,
        0.873046875,
        0.81298828125,
        0.67919921875,
        0.935546875,
        0.92822265625,
        0.9736328125,
        0.43017578125,
        0.154052734375,
        0.203125,
        0.5029296875,
        0.43115234375,
        0.45703125,
        0.043701171875,
        0.041473388671875,
        0.03436279296875,
        0.5947265625,
        0.541015625,
        0.505859375,
        0.08038330078125,
        0.158203125,
        0.1656494140625,
        0.2281494140625,
        0.46875,
        0.310791015625,
        0.11083984375,
        0.319091796875,
        0.346923828125,
        0.81689453125,
        0.9814453125,
        0.80517578125,
